recipe_id,recipe_ingredient
7028266,"['오이', '깨소금', '참기름', '레몬즙', '소금', '깨소금', '참기름', '레몬즙', '알룰로스', '소금']"
7028265,"['훈제오리', '부추', '양파', '고춧가루', '진간장', '설탕', '식초', '들기름', '깨']"
7028264,"['밥', '어묵', '김밥김', '식용유', '간장', '설탕', '올리고당']"
7028263,"['김밥햄', '맛살', '오이', '단무지', '계란', '당근', '어묵', '우엉', '밥', '참기름 조금', '깨 조금']"
7028262,"['항정살', '양파', '대파', '통마늘', '월계수잎', '소금', '물', '청주', '다진마늘', '소금', '올리브오일', '우스터소스', '꿀']"
7028261,"['먹물 치아바타', '양송이', '양파', '베이컨', '계란', '바질페스토', '마요네즈', '토마토소스', '모짜렐라치즈']"
7028260,"['밥', '묵은지', '참치캔', '청양고추', '홍고추', '깻잎', '설탕', '참기름', '마요네즈', '후추', '소금']"
7028259,"['샌드위치햄', '슬라이스치즈', '청양고추', '밥', '참기름', '김밥김', '다진마늘', '진간장', '설탕', '맛술']"
7028258,"['파마산치즈', '양송이버섯', '모짜렐라 치즈', '후추 톡톡']"
7028257,"['돼지고기', '신김치', '두부', '양파', '대파', '청양고추', '다진마늘', '고춧가루', '국간장', '소금', '참기름', '동전육수', '물']"
7028256,"['조개젓갈', '무우', '청양고추', '대파', '두부', '다진마늘', '국간장', '참치액젓', '후추가루 톡톡']"
7028254,"['식빵', '치즈', '샌드위치햄', '마요네즈']"
7028253,"['냉동만두', '밀가루', '물', '간장']"
7028252,"['양송이', '연두부', '애호박', '다진 마늘', '다진 양파', '고추장', '된장', '깨', '설탕', '들기름']"
7028251,"['식빵', '버터', '딸기잼 듬뿍  (기호에 따라 케찹+마요네즈+설탕 추가)', '슬라이스햄', '치즈', '식용유 약간', '양배추 작은 것', '양파', '당근', '계란', '소금', '후춧가루 약간']"
7028250,"['오이', '양파', '다진마늘', '고추장', '고춧가루', '된장', '양조간장', '2배식초', '황설탕', '통깨 약간']"
7028249,"['양배추', '미니 삼색파프리카', '올리브유 약간', '참기름', '통들깨', '진간장', '굴소스', '올리고당']"
7028248,"['두부', '양파', '애호박', '표고버섯', '대파', '참기름', '멸치다시마 육수', '된장', '고추장', '설탕', '다진마늘', '케일', '밥 취향껏', '참기름 취향껏', '소금 취향껏', '깨소금 약간']"
7028247,"['계란', '대파', '소금', '참치', '식용유', '케찹']"
7028246,"['콩나물', '채선 무', '육수', '대파', '청양고추', '고추씨', '국간장', '소금 ( 취향껏)', '마늘']"
7028245,"['농심 둥지냉면 비빔냉면', '만두피', '계란', '식용유', '설탕', '상추', '간장', '식초', '참기름', '통깨 조금', '고춧가루 조금', '물']"
7028244,"['가지', '파프리카', '간장', '참치액', '깨소금', '들기름', '마늘', '고춧가루']"
7028243,"['생물 오징어', '버터', '설탕 적당히', '파슬리가루 적당히']"
7028242,"['골뱅이 통조림', '소면', '오이', '당근', '깻잎', '청양고추', '홍고추', '통깨', '냉면 육수', '초고추장', '식초', '설탕', '다진 마늘', '참기름 약간']"
7028241,"['밥', '오이', '깻잎', '체다치즈', '식초', '설탕', '소금', '참치캔', '마요네즈', '소금 소심한', '후추 약간', '쌈장', '고추장', '청양고추', '꿀']"
7028240,"['해물믹스', '실곤약면', '양파', '파프리카', '굴소스', '다진마늘', '닭가슴살']"
7028239,"['두부', '전분가루', '카레가루', '소금', '간장', '고추장', '케첩', '올리고당', '다진마늘', '설탕', '물']"
7028238,"['콩나물', '물', '청양고추', '대파', '다진마늘', '국간장', '꽃소금', '맛소금 (선택)']"
7028237,"['데친 깻잎 순', '국간장', '간장', '참기름', '고춧가루', '다진 마늘', '매실청', '간 깨']"
7028236,"['소고기 육전용', '계란', '밀가루', '파채', '간장', '고춧가루', '식초', '설탕', '참기름', '깨', '소금 약간', '후추 약간']"
7028235,"['참외', '올리브유', '레몬즙', '알룰로스', '화이트 발사믹', '소금', '후추', '허브']"
7028234,"['두부', '대파', '돼지고기 다짐육', '후추', '다진마늘', '고추장', '고춧가루', '굴소스', '진간장', '황설탕', '맛술', '된장', '전분가루', '물', '참기름']"
7028233,"['밥', '스팸', '계란', '대파', '올리브오일', '진간장', '파슬리가루 솔솔', '통깨 솔솔솔']"
7028232,"['돼지고기 앞다리살 약', '시래기 총', '중간크기 감자', '양파', '대파 약', '깻잎', '사골육수', '된장', '맛술', '쇠고기다시다', '양조간장', '고추장 듬뿍', '고춧가루', '까나리액젓', '다진마늘', '생강 소량', '들깻가루 (취향껏 추가)']"
7028231,"['돼지고기 앞다리살', '청주', '다진생강 소량', '양파', '대파', '마늘종', '양조간장', '설탕', '물', '고춧가루', '참기름', '두반장', '통깨 소량']"
7028230,"['오이', '두메 부추 조금', '맛소금', '비정제설탕', '식초', '매실액', '다진마늘', '고추가루', '고추장', '참기름']"
7028229,"['목살', '공기밥', '계란', '양파', '표고버섯', '애호박', '파프리카 소량', '후추 소량', '하프 마요네즈 취향껏', '다진마늘', '돈까스 소스', '굴소스', '소금', '후추', '맛술']"
7028228,"['무', '대파', ' 소금', '설탕', '고춧가루', '다진마늘', '매실청', '식초']"
7028227,"['카레가루', '돼지고기등심', '양파', '당근', '감자', '브로콜리', '새송이버섯', '진간장', '식용유', '케첩', '물']"
7028226,"[' 소면', '김치', '당근', '깻잎', '삶은계란', ' 고추장', '고춧가루', '간장', '올리고당', '식초', '참기름', '통깨']"
7028225,"[' 순 메밀면', '생들기름', '물', '계란', '김', '새싹채소', '쪽파', '참깨 가루 (선택사항 )', '간장', '양조간장', '굴 농축액', '간 사과', '간 양파']"
7028224,"['미역귀', '쌀뜨물', '닭 가슴살', '감자', '양파', '표고버섯', '들깨가루', '국간장']"
7028223,"['꽈리고추', '멸치', '마늘 (통마늘)', '간장', '올리고당', '다진마늘', '맛술', '참기름', '통깨']"
7028222,"['시금치', '국간장', '참기름', '다진마늘', '소금', '통깨']"
7028221,"['물 적당량 (뜨거운물)', '소금 약간', '스파게티면', '올리브오일 약간', '다진마늘', '페퍼론치노', '새우', '우유', '생크림', '바질페스토', '파스타면', '면수', '후추 약간', '바게트빵']"
7028220,"['밥', '우유', '치즈', '닭가슴살', '양파', '다진마늘', '표고버섯']"
7028219,"['오징어', '대파', '양파', '당근', '다진마늘', '고춧가루', '후추', '미림', '육수', '다시다']"
7028218,"['소고기다짐육', '감자', '양파', '다진마늘', '호박', '청양고추', '홍고추', '된장', '건표고버섯 넉넉히', '들기름', '대파 넉넉히']"
7028217,"['머위대', '국간장', '멸치액젓', '고운소금', '식용유', '다진마늘', '멸치다시마육수', '다진파', '들기름', '깨', '물', '들깨가루', '찹쌀가루']"
7028216,"['둥지냉면', '진간장', '참기름']"
7028215,"['부추', '양파', '고추가루', '참깨', '꽃게액젓', '배즙 음료', '양파', '마늘', '생강', '새우젓', '매실청']"
7028214,"['삼겹살', '팽이버섯', '오일', '청양고추', '물', '양조간장', '올리고당', '맛술']"
7028213,"['만두', '물', '식용유', '간장', '식초', '고춧가루 약간']"
7028212,"['마른김', '스팸', '밥', '참기름 약간', '깨 약간']"
7028211,"['컬리플라워', '두부', '새우', '파프리카', '계란']"
7028210,"['닭봉', '튀김가루', '식용유', '간장', '굴소스', '설탕', '물엿', '맛술', '다진마늘', '물', '소금', '후추']"
7028209,"['닭안심살', '애호박', '파프리카', '양배추', '자색양배추', '두부', '냉동새우', '소금', '간장', '참기름', '통깨']"
7028208,"['산딸기', '담금주', '설탕', '식초']"
7028207,"['마른미역', '크래미', '오이', '무', '식초', '매실청', '소금', '설탕', '마늘', '연겨자', '통깨']"
7028206,"['꽈리고추', '마늘', '설탕', '만능간장', '고추장', '올리고당', '식용유', '물', '참기름', '깨']"
7028205,"['밀떡', '어묵', '고추장', '설탕', '고춧가루', '카레가루', '다시다', '후추', '간장', '올리고당', '마늘', '물', '소세지']"
7028204,"['계란', '모닝빵', '마요네즈', '설탕', '소금', '후추', '소금']"
7028203,"['계란', '양배추', '소금', '슬라이스치즈', '소시지']"
7028202,"['쌀국수면', '양상추', '당근', '아보카도', '치킨까스', '소불고기 (양념소고기)', '라이스페이퍼', '월남쌈소스']"
7028201,"['대파', '계란', '소금', '고춧가루', '간장', '후추', '물']"
7028200,"['닭가슴살', '계란', '상추', '밥', '고추장', '참기름', '김가루']"
7028199,"['애호박', '달걀', '전분', '빵가루', '식용유 약간', '소금', '후추', '파마산치즈가루 약간', '파슬리가루 약간']"
7028198,"['가지', '다진파', '다진마늘', '국간장', '고춧가루', '매실청', '참기름', '깨소금 약간']"
7028197,"['애호박', '부침가루', '계란', '식용유 넉넉히', '진간장', '다진마늘', '쪽파', '참기름', '통깨', '고춧가루 약간']"
7028196,"['마늘종', '건새우', '범일 진간장', '올리고당', '굴소스', '물', '참기름', '통깨']"
7028195,"['동태', '무우', '물', '코인육수', '애호박', '대파', '콩나물', '된장', '고춧가루', '다진마늘', '국간장', '연두', '후추 조금']"
7028194,"['사각어묵', '당근', '대파', '계란', '굴소스', '소금', '후추 조금', '식용유 넉넉히']"
7028193,"['LA갈비', '배', '양파', '생강', '마늘', '간장', '맛술', '매실청', '설탕', '후추 약간']"
7028192,"['삼겹살', '신김치', '대파', '밥', '고춧가루', '굴소스', '깨소금', '참기름', '가는소금', '후추 조금']"
7028191,"['오이', '두부', '간장', '설탕', '참기름']"
7028190,"['컵누들', '초콜릿바', '초코펜', '아이스크림']"
7028189,"['명란젓', '오이', '마요네즈']"
7028188,"['붉닭 볶음면', '계란', '참기름']"
7028187,"['대패삼겹살', '양파', '상추 적당히', '다진마늘', '간장', '설탕', '고춧가루', '깨 적당히']"
7028186,"['양파', '메추리알', '청고추', '간장', '물', '식초', '설탕']"
7028185,"['오이', '피클링스파이스', '월계수잎', '소금', '설탕', '식초', '물']"
7028184,"['상추', '애호박', '당근', '부침가루', '물', '참기름', '진간장']"
7028183,"['계란', '물', '참치액', '참기름']"
7028182,"['두부', '멸치다시육수', '양파', '풋고추', '대파', '국간장', '새우젓', '다진마늘', '고춧가루', '맛술', '들기름']"
7028181,"['팽이버섯', '베이컨', '식용유', '맛소금', '후추 톡톡', '통깨']"
7028180,"['닭정육', '당면', '당근 조금', '양파', '물', '간장', '굴소스', '설탕', '다진마늘', '올리고당', '후추 조금', '참기름', '깨 조금']"
7028179,"['돼지고기앞다리살', '당근', '양파', '대파', '청양고추', '물', '올리브오일', '참기름', '후추 톡톡톡', '통깨 솔솔솔', '고추장', '고춧가루', '진간장', '매실청', '올리고당', '다진마늘']"
7028178,"['두부', '애호박', '새우젓', '멸치액젓', '코인육수', '다진마늘', '파', '고춧가루', '참기름', '물']"
7028177,"['둥지 비빔냉면', '오징어', '무우 조금', '오이 조금', '청양고추', '홍고추', '양파', '삶은계란', '다진마늘', '고추가루', '소금', '식초', '설탕', '참기름', '깨소금']"
7028176,"['참치', '된장', '대파', '마늘', '홍고추', '청고추', '들기름', '맛술', '물엿', '후추 톡톡', '통깨']"
7028175,"['상추', '계란', '소금', '후추 톡톡', '식용유']"
7028173,"['청경채', '대패삼겹살', '마늘', '대파', '양파', '당근 약간', '식용유', '후춧가루 약간', '통깨 약간', '굴소스', '진간장', '설탕', '참기름']"
7028172,"['깻잎', '두부', '전분', '대파', '당근', '다진마늘', '소금', '후추', '간장', '식초', '설탕', '다진마늘', '고춧가루']"
7028171,"['갑오징어', '양파', '양배추', '당근', '대파', '고추', '진간장', '고춧가루', '설탕', '마늘', '고추장', '물', '참기름', '참깨']"
7028170,"['흰다리새우', '청주', '굵은소금', '식용유 약간']"
7028169,"['닭다리살 정육', '고구마', '양파', '당근채', '대파', '식용유', '진간장', '고추장', '고춧가루', '큐브 생강', '간 마늘', '맛술', '스테비아 설탕', '후춧가루', '올리고당', '참기름']"
7028168,"['양배추', '계란', '밀가루', '식용유', '소금', '후추', '마요네즈', '데리야끼소스']"
7028167,"['순대', '깻잎', '양파', '당근', '대파', '청양고추', '들깨가루', '통깨 약간', '고추장', '진간장', '맛술', '설탕', '고춧가루', '다진마늘', '참기름', '후춧가루 약간', '물']"
7028166,"['우동면', '돼지고기', '양파', '대파', '오이', '춘장', '간장', '설탕', '미원', '소금', '전분']"
7028165,"['새송이', '실파', '마늘', '버터', '간장', '굴소스', '알룰로스', '전분', '물', '미림']"
7028164,"['밀떡볶이', '계란', '어묵', '실파', '설탕', '굵은고춧가루', '고운고춧가루', '진간장', '고추장', '물']"
7028163,"['두부', '느타리버섯 (모든버섯가능 두부와 같은 양)', '코코넛오일', '소금', '후추 약간']"
7028162,"['무', '천일염', '물', '고춧가루', '마늘', '양파', '멸치액젓', '밥', '다시마멸치육수', '생강', '매실청']"
7028161,"['쌈케일', '밥', '소금', '설탕', '식초', '매운 카레', '깨 조금']"
7028160,"['청귤청', '위스키', '탄산수', '얼음 넉넉히']"
7028159,"['새송이버섯', '맛소금', '들기름']"
7028158,"['유부초밥', '밥', '양파', '오이', '크래미', '진미채볶음', '무말랭이무침', '마요네즈', '머스타드', '소금']"
7028157,"['슬라이스 치즈', '우유', '올리고당', '전분가루', '설탕', '버터', '계란']"
7028156,"['메밀면', '대파', '구운김', '다진마늘', '설탕', '간장', '쯔유', '들기름', '통깨']"
7028155,"['떡볶이 떡', '소고기', '어묵', '대파', '양파', '당근 약간', '홍고추', '물', '진간장', '맛술', '후춧가루 약간', '간장', '굴소스', '흑설탕', '올리고당', '다진마늘', '통깨 약간']"
7028154,"['갈비탕', '알 밤', '당근', '은행', '표고버섯', '대추', '대파 넉넉히', '검은깨 약간만', '간장', '다진마늘', '맛술', '생강가루', '설탕', '후춧가루 약간만', '참기름', '물']"
7028153,"['생닭', '가을무', '쪽파', '양파', '대파 넉넉히', '소금 조금 ', '통마늘']"
7028152,"['불린 미역', '물', '참치캔', '소금', '어간장', '참치액', '들기름', '청주', '마늘']"
7028151,"['돼지고기', '감자', '양파', '애호박', '대파', '물', '코인육수', '식용유', '소금 약간', '다진마늘', '고춧가루', '고추장', '참치액', '설탕', '간장', '식초', '후추 약간']"
7028150,"['방풍', '굵은소금', '국간장', '참치 액', '다진 대파', '다진 마늘', '참기름', '깨소금']"
7028149,"['막국수', '오이', '참깨', '김가루', '들기름', '맛간장', '설탕']"
7028148,"['갑오징어', '양배추', '애호박', '당근', '대파', '고춧기름', '참기름', '양념장', '데친콩나물', '김가루', '참기름', '밥', '갑오징어볶음 ', '남은양념장 ', '멸치육수', '밀떡', '고춧가루', '된장', '고추장', '양조간장', '멸치액젓', '매실액', '물엿', '다진마늘', '소주', '천연조미료 가루', '썬파']"
7028147,"['김장김치', '오이소박이 국물', '오이소박이', '볶음용멸치', '물', '마른 두부', '다진마늘', '대파', '멸치액젓']"
7028146,"['강력분', '이스트', '설탕', '꿀', '소금', '탈지분유', '달걀', '물', '우유', '커피엑기스', '버터', '건포도', '버터', '설탕', '소금', '달걀', '커피엑기스', '박력분', '베이킹소다', '베이킹파우더']"
7028145,"['감자', '소금', '설탕', '물']"
7028144,"['김치', '밥', '모짜렐라치즈', '설탕', '간장', '고추장', '참기름']"
7028143,"['두부', '베이컨', '계란', '피자치즈', '토마토소스']"
7028142,"['돼지갈비', '무', '당근', '양파', '감자', '대파', '청 홍고추', '물', '다진마늘', '설탕', '올리고당', '맛술', '간장', '후추', '생강', '설탕', '월계수잎']"
7028141,"['백미', '물', '치킨스톡', '버터', '리조또용 밥', '양파', '다진 마늘', '생크림', '치킨스톡', '잠봉', '무염버터', '이탈리안 파슬리', '후추 약간']"
7028140,"['애호박', '돼지고기목살', '양파', '대파', '홍고추', '청고추', '두부', '물', '다진마늘', '고추장', '고춧가루', '맛술', '새우젓', '후추', '참치액']"
7028139,"['잡채용 소고기', '두부', '부침가루', '식용유', '버섯', '파프리카', '당근', '양파', '간장', '설탕', '참기름', '통깨']"
7028138,"['통조림 옥수수', '양파', '감자', '버터', '체다치즈', '소금', '우유']"
7028137,"['둥지냉면', '숙주', '메추리알', '무순']"
7028136,"['오이 작은거', '양파', '생수', '소금', '설탕', '식초', '깨']"
7028135,"['닭가슴살', '두부', '시판 유부초밥']"
7028134,"['참치', '마요네즈', '두부', '당근', '계란', '오이', '맛살', '치즈', '김']"
7028133,"['국수면', '돼지고기', '숙주', '오이', '적양파', '파프리카', '무순', '달걀지단 ', '사과', '양파', '고추장', '고춧가루', '식초', '설탕', '올리고당', '간장', '레몬즙', '소금', '소금', '미림', '후추', '참기름', '소금', '참기름']"
7028132,"['가리비관자', '양파', '대파', '허브솔트', '다진마늘', '파슬리가루', '버터', '식용유']"
7028131,"['황태채', '무', '두부', '계란', '대파', '콩나물', '물', '참기름', '다진마늘', '식초', '국간장', '참치액', '소금']"
7028130,"['국수면', '청양고추', '계란', '사각어묵', '김치', '물', '멸치육수팩', '다진마늘', '설탕', '올리고당', '고춧가루', '양조간장', '물', '통깨 소량', '참기름', '김가루 소량 ( 기호껏)']"
7028129,"['비엔나소세지', '양파', '당근', '마늘', '후추 약간', '케챂', '간장', '설탕', '식초']"
7028128,"['콩나물', '홍고추', '대파 조금', '다진마늘', '고추가루', '소금 조금', '다시다 (취향껏)']"
7028127,"['오징어', '물', '코인육수', '무우', '다진대파', '국간장', '멸치액젓', '굵은소금', '다진마늘', '후추 조금']"
7028126,"['골든커리 순한맛', '돼지고기 목살', '물', '우유', '양파', '감자', '당근', '소금 소량 (돼지고기 밑간용)', '후추 소량 (돼지고기 밑간용)']"
7028125,"['계란', '부추', '가는소금', '후추 조금', '치킨스톡', '굴소스', '참기름', '깨소금 조금', '식용유']"
7028124,"['배추', '무', '소금', '액젓', '새우젓', '다진마늘', '생강가루 조금', '고추가루', '매실청', '파', '부추']"
7028123,"['백오이', '홍고추', '소금', '참기름', '통깨 조금', '소금 (취향것)']"
7028122,"['신김치', '참치', '두부', '대파', '물', '코인육수', '김치국물', '고춧가루']"
7028121,"['삭힌 마늘종', '고추장', '고추가루', '사과식초', '올리고당', '설탕 조금', '통깨 조금']"
7028120,"['데친 궁채나물', '다진마늘', '액젓', '굴소스', '들기름', '들깨가루', '물']"
7028119,"['마늘쫑', '소금', '식초', '고추장', '매실청', '올리고당', '참기름', '맛술', '통깨']"
7028118,"['통조림햄', '당근', '양파', '야채믹스', '자숙 완두콩', '땅콩기름', '매운맛 카레', '가람마살라', '강황가루', '물']"
7028117,"['오이', '양파', '홍고추', '식초', '설탕', '소금', '정수 물']"
7028116,"['완두콩', '삶는 물', '소금', '설탕']"
7028115,"['임연수', '무', '양파', '간장', '고추장', '고춧가루', '매실액', '맛술', '올리고당', '다진마늘', '후추 톡톡', '물']"
7028114,"['콩나물', '쌀', '신김치 ', '소고기 불고깃감', '양파', '키위', '다진 마늘', '간장', '설탕', '올리고당', '미림', '참기름', '소금', '통깨', '후추 약간', '부추', '간장', '게간장', '다진 마늘', '참기름', '고춧가루', '통깨', '올리고당 약간']"
7028113,"['황태채', '무', '두부', '콩나물', '대파', '계란', '청양고추', '다진 마늘', '국간장', '참치액', '굵은소금', '식초', '참기름', '물']"
7028112,"['닭', '감자', '양파', '당면 (기호에 따라)', '청양고추', '다진 마늘', '굴소스', '간장', '콜라', '인스턴트커피']"
7028111,"['닭고기', '설탕', '생수', '고춧가루', '다진마늘', '진간장', '올리고당', '맛술', '넙적당면', '라면사리', '청양고추']"
7028110,"['콩나물', '다진마늘', '고춧가루', '간장', '소금', '참기름', '통깨']"
7028109,"['바질', '간장', '고춧가루', '설탕', '참기름', '볶은통깨']"
7028108,"['두부', '콜리플라워', '두부', '간 흑임자', '마요네즈', '요거트', '레몬즙', '소금', '꿀']"
7028107,"['염장미역줄기', '햇양파', '홍고추', '올리브유', '생강술', '맛소금 조금', '참기름', '통깨 조금']"
7028106,"['가지', '양파', '청양고추', '참치액젓', '마늘', '참기름', '들기름', '통깨 적당히']"
7028105,"['가지', '양파', '밥', '버터', '쪽파', '참치액', '진간장', '설탕', '올리고당', '다진마늘', '고춧가루', '물']"
7028104,"['양배추', '당근', '양파', '홀그레인머스터드', '레몬즙', '마요네즈', '식초', '소금', '식초', '설탕']"
7028103,"['브로컬리', '양송이버섯', '당근', '대파', '멸치액젓', '진간장', '고추가루', '마늘', '들기름', '참기름', '통깨']"
7028102,"['초당옥수수', '물']"
7028101,"['오이', '참치캔', '밥', '김밥김', '마요네즈', '후춧가루', '참기름', '통깨', '식초', '올리고당', '소금']"
7028100,"['완숙토마토', '방울토마토', '마늘쫑', '마늘', '감자', '당근', '양파', '청경채', '빨강 파프리카', '노랑 파프리카', '베이크드빈', '토마토케첩', '구운 마늘가루', '후추 약간', '올리브오일']"
7028099,"['배추', '실파', '양파', '배즙', '찬밥', '새우젓', '멸치다시마육수', '마늘', '홍고추', '대파', '무', '멸치액젓', '매실청', '고춧가루', '소금', '굵은소금', '물']"
7028098,"['마늘쫑', '새우', '홍고추', '대파흰부분 조금', '미림', '참치액젓', '설탕', '참기름', '통깨']"
7028097,"['찹쌀', '삶은 수리취', '천일염', '설탕', '참기름 적당량', '콩고물 필요한만큼']"
7028096,"['오이', '참치캔', '청양고추', '김밥김', '밥', '와사비', '마요네즈', '후추']"
7028095,"['어묵바', '오이', '검정깨 약간', '홀그레인머스타드', '땅콩버터']"
7028094,"['생메밀면', '무', '청양고추', '생와사비 약간 (or 연겨자)', '생수', '쯔유간장', '도시락김', '방울토마토']"
7028093,"['오이', '노랑 파프리카', '빨간 파프리카', '미나리', '물', '천일염', '물', '천일염', '설탕', '배즙', '다진마늘', '다진 생강']"
7028091,"['계란', '물', '멸치 액젓', '다진 마늘', '대파', '고추', '소금 약간']"
7028090,"['열무', '부추', '양파', '청양고추', '소금물', '물', '밀가루', '물', '소금', '소금물', '홍고추', '마늘', '생강', '새우젓', '까나리 액젓', '설탕', '매실청', '배즙 음료', '고추가루']"
7028089,"['목살', '밥', '김장김치', '김치국물 약간', '참기름 취향껏 ']"
7028088,"['오이', '부추', '천일염', '액젓', '고추가루', '배즙 음료', '설탕', '다진마늘', '다진 생강']"
7028087,"['노란 파프리카', '빨간 파프리카', '상추', '양파', '씨겨자', '식초', '올리브오일', '매실청', '꿀', '소금 약간', '파스타면', '소금']"
7028086,"['공기밥', '깻잎', '크래미', '청양마요소스', '김밥용김', '참기름', '통깨', '소금 약간만']"
7028085,"['돼지고기다짐육', '감자', '양파', '전분가루', '짜장소스', '공기밥', '계란후라이', '쪽파 넉넉히']"
7028084,"['애호박', '양파', '대파', '참기름', '다진마늘', '소금 약간 (새우젓이 있다면 사용)', '고춧가루 약간']"
7028083,"['닭 가슴살', '무', '다시마', '대파', '통후추', '오이', '소금', '검은깨', '진간장', '식초', '마늘', '와사비']"
7028082,"['실곤약', '양배추', '적양배추', '당근', '양파', '닭가슴살', '고추장', '고춧가루', '올리고당', '식초', '진간장', '매실액', '다진마늘', '깨']"
7028081,"['매생이', '굴', '청양고추', '식용유', '부침가루', '물', '고추장', '진간장', '매실액', '물엿', '참기름', '깨']"
7028080,"['오이', '소금', '설탕', '식초', '다진마늘', '고춧가루', '참기름', '통깨 약간']"
7028079,"['매생이', '스파게티면', '양배추', '양송이', '면수', '후추', '올리브오일', '크러쉬드페퍼', '완숙 토마토', '마늘', '천일염']"
7028078,"['오이지', '대파', '청양고추', '홍고추', '고춧가루', '설탕', '물엿', '다진 마늘', '들기름', '통깨']"
7028077,"['오이', '밥', '김', '단촛물', '설탕', '식초', '맛소금', '쌈장', '참기름 약간', '통깨 약간']"
7028076,"['김밥용김', '햄', '맛살', '단무지', '시금치', '계란', '소금', '참기름 적당히', '깨 적당히']"
7028075,"['소고기', '메추리알', '꽈리고추', '생강', '월계수잎', '대파', '통후추', '물', '육수', '흑설탕', '진간장', '맛술']"
7028074,"['둥근 호박', '건새우', '양파', '대파', '빨강 파프리카 조금 (홍고추)', '식용유', '] 다진 마늘', '새우젓', '물', '참기름', '통깨']"
7028073,"['다진돼지고기', '대파', '양파', '당근', '식용유 넉넉히', '밀가루', '계란', '진간장', '생강가루 약간', '후춧가루 약간']"
7028072,"['토마토', '양파', '바질', '올리브오일', '발사믹 식초', '레몬즙', '올리고당', '소금']"
7028071,"['사각어묵', '무', '대파', '물', '동전 육수', '] 다진 마늘', '액젓', '진간장', '맛술']"
7028070,"['노각', '소금', '물엿', '다진파', '다진마늘', '고추장', '고추가루', '매실청', '식초', '통깨', '참기름']"
7028069,"['차돌박이', '무 약간', '양파', '두부', '애호박', '대파', '집된장 크게', '물', '다진마늘', '고춧가루']"
7028068,"['마늘쫑', '잔멸치', '마늘', '식용유', '굵은소금', '간장', '설탕', '물엿', '참기름', '통깨 약간']"
7028067,"['가자미', '박대', '무 약간', '양파', '대파', '집된장', '간장', '매실액', '술', '고춧가루', '생강청', '다진마늘', '물']"
7028066,"['망고', '우유', '플레인 요거트', '얼음', '알룰로스']"
7028065,"['알타리', '물', '굵은소금', '뉴슈가', '사과', '양파', '홍고추', '설탕', '액젓', '새우젓', '고춧가루', '마늘', '생강청']"
7028064,"['달걀', '설탕', '박력분', '옥수수전분', '우유', '버터', '바닐라에센스']"
7028063,"['찹쌀호떡믹스', '식용유 넉넉히']"
7028062,"['데체코 스파게티', '엑스트라버 올리브오일', '깐마늘', '소금', '아라비아따 파스타소스', '페페론치노', '파슬리 가루']"
7028061,"['우엉', '당근', '다진마늘', '설탕', '간장', '참기름', '참깨']"
7028060,"['박력분', '아몬드가루', '버터', '설탕', '소금', '달걀', '우유', '베이킹파우더', '바닐라익스트랙', '꿀', '초콜릿']"
7028059,"['미숫가루', '메이플시럽', '오트밀크', '그래놀라 약간']"
7028058,"['둥지냉면', '계란', '유부초밥', '오이']"
7028057,"['파스타면', '명란젓', '소금', '올리브오일', '마늘', '양파 조금', '페페론치노 약간', '버섯 약간 (생략 가능)', '계란 노른자', '파르미지아노레지아노치즈']"
7028056,"['뜨거운 물', '레드벨벳파우더', '얼음 적당량', '우유', '에스프레소']"
7028055,"['소고기 등심 부위', '튀김가루', '달걀', '소금 약', '후추 소량 (소고기 밑간용)', '부추', '양파', '간장', '소금', '고춧가루', '식초', '설탕', '다진 마늘', '간장', '식초', '고춧가루', '올리고당 약간', '후추 소량']"
7028054,"['박력분', '실온 무염버터', '실온 달걀', '슈가파우더', '아몬드가루', '소금']"
7028053,"['돼지고기 카레용', '감자', '양파', '당근', '고체카레']"
7028052,"['소면', '열무김치 넉넉하게', '오이', '삶은 달걀', '고추장', '설탕', '매실액', '식초', '열무김치 국물', '고춧가루', '참기름', '깨 조금']"
7028051,"['박력분', '무염버터', '슈가파우더', '아몬드가루', '달걀', '소금', '코코아파우더']"
7028049,"['떡볶이떡', '어묵', '소시지', '삶은계란', '범일 고추장', '케첩', '올리고당', '설탕', '간장', '물']"
7028048,"['망고', '플레인요거트', '꿀', '우유', '얼음 약간 (생략가능)']"
7028047,"['리챔', '깻잎', '공기밥', '치즈', '참기름', '통깨 넉넉히', '소금 약간만']"
7028046,"['닭볶음탕', '김치', '김가루', '공기밥', '통깨', '쇠고기다시다']"
7028045,"['식빵', '계란', '두유', '버터', '메이플시럽 넉넉히', '블루베리 넉넉히', '슈가파우더 적당히', '딜 조금']"
7028044,"['생닭', '생강', '올리고당', '간장', '소금', '설탕', '치킨육수', '페페론치노', '체다치즈', '우유', '버터']"
7028043,"['달걀', '물', '소금', '식초', '버터', '마요네즈', '홀그레인머스터드', '후추']"
7028042,"['냉동새우', '계란', '밀가루', '후추', '맛술', '쪽파', '식용유']"
7028041,"['가자미', '튀김가루', '식용유', '고추장', '다진마늘', '간장', '물엿', '통깨', '쪽파']"
7028040,"['사각어묵', '청양고추', '단무지', '김밥김', '밥', '물', '간장', '설탕', '올리고당', '맛술', '고춧가루', '후추', '참기름', '통깨', '소금', '참기름', '통깨']"
7028039,"['느타리버섯', '굵은소금', '당근', '양파', '대파', '식용유', '다진마늘', '굴소스', '가는소금', '깨소금', '참기름', '후추 조금']"
7028038,"['감자', '꽈리고추', '당근', '부침가루', '물', '맛소금']"
7028037,"['콩나물', '물', '다시다', '맛소금', '고춧가루', '국간장', '대파 다진거', '다진마늘', '청양고추', '후추가루']"
7028036,"['감자', '양파', '대파', '쪽파', '쑥갓', '김치', '물', '코인육수', '밀가루 중력분', '감자전분', '소금', '식용유', '물', '참치액', '국간장', '소금']"
7028035,"['삼겹살', '새송이버섯', '통마늘', '허브솔트 넉넉히']"
7028034,"['둥지냉면', '사각어묵', '청양고추', '양파', '당근', '쪽파', '팽이버섯', '튀김가루', '물', '얼음 조각', '튀김용 식용유 적당량 ', '양념 (어물고추장물양념)', '둥지냉면 액상소스', '액젓', '올리고당', '물', '깨', '들기름', '다진마늘']"
7028033,"['부추', '당근', '양파', '설탕', '고춧가루', '진간장', '다진마늘', '멸치액젓', '깨소금', '참기름']"
7028032,"['농심 둥지냉면 동치미 물냉면', '오이', '자른미역', '식초', '소금', '설탕', '통깨 조금', '면삶을 물', '찬 물', '홍고추 (선택사항)']"
7028031,"['소고기 사태', '양파', '사과', '파', '마늘', '생강', '다시마', '육수 (고기삶은육수/고기', '진간장', '설탕', '올리고당', '후추 약간']"
7028030,"['열무', '청양고추', '마늘', '새우젓', '양파', '사과주스', '천일염', '무', '풀국', '매실청', '멸치액젓', '천일염', '멸치육수', '생수 적당량', '건고추']"
7028029,"['콩나물', '소금', '올리고당', '통깨', '파', '고추 약간', '참기름', '간마늘']"
7028028,"['무', '황태채', '대파', '달걀', '소금 톡톡톡', '국간장', '다진마늘']"
7028027,"['파스타면', '불닭소스 ', '우유', '치즈', '양파', '햄']"
7028026,"['둥지 비빔냉면', '계란', '대파', '양파', '소금']"
7028025,"['옥수수 콘', '마요네즈', '피자치즈 듬뿍']"
7028024,"['상추', '도토리가루', '부침가루', '물', '식용유']"
7028023,"['콩나물', '다진 돼지고기', '팽이버섯', '부추', '쌀']"
7028022,"['수박', '치아시드', '얼음']"
7028021,"['아보카도', '방울 토마토', '레몬', '양파', '청양고추', '대파', '생강', '고추냉이', '진간장', '참기름', '마늘', '설탕', '식초', '통깨']"
7028020,"['두부', '깻잎', '홍고추', '청양고추', '대파 흰부분', '진간장', '물', '설탕', '참기름', '식초', '소금']"
7028019,"['밀가루', '부침가루', '전분가루', '물', '김치', '당근']"
7028018,"['오이', '소금', '설탕', '생수', '제로 사이다', '식초', '연겨자']"
7028017,"['상추', '물', '만능 멸치육수', '된장', '마늘', '두부', '청양고추', '홍고추']"
7028016,"['마늘쫑', '건새우', '진간장', '소금', '황설탕', '올리고당', '참기름', '소금', '올리브오일', '통깨 솔솔솔', '물', '굵은소금']"
7028015,"['참외', '쪽파', '양파', '소금', '고춧가루', '식초', '다진마늘', '참기름', '볶은참깨', '고추장']"
7028014,"['미역', '황태', '두부', '다진마늘', '국간장', '참치액젓', '소금 (간)']"
7028012,"['현미밥', '두부', '계란', '오이', '새송이버섯', '다진마늘', '참기름', '양조간장', '통깨 소량']"
7028011,"['오이', '밥 약', '김밥용김', '참기름', '식초', '설탕', '소금', '된장 듬뿍', '고추장', '올리고당', '참기름', '다진마늘', '청양고추', '양파 소량']"
7028010,"['방울토마토', '적양파', '엑스트라버진 올리브유', '레몬즙', '꿀', '소금', '후추 약간', '바질가루 약간 (또는 파슬리가루)']"
7028009,"['알감자 약', '올리고당 듬뿍', '참기름', '통깨 소량', '소금', '생수', '자른 다시마', '양조간장', '설탕', '맛술']"
7028008,"['백오이', '부추', '양파', '소금', '고춧가루', '다진 마늘', '새우젓', '액젓', '매실액', '설탕', '통깨', '소금 (약간)']"
7028007,"['얼그레이 티백', '뜨거운 물', '설탕', '우유']"
7028006,"['머위대', '대파', '홍고추', '올리브유', '다진마늘', '생강술', '들깨가루', '흰우유', '후추가루', '소금']"
7028005,"['야채 알갱이', '치즈', '계란', '쌀밥', '아기김', '참기름', '소금']"
7028004,"['대저 토마토', '달걀', '비엔나소시지', '굴소스', '밥', '소금', '후추', '김자반', '올리브유']"
7028003,"['상추', '달걀', '소금', '전분', '식용유 약간']"
7028002,"['감자', '물', '소금', '설탕']"
7028001,"['쪽파 취향껏', '밀가루', '물', '고추장', '후추 톡톡', '미원 톡톡']"
7028000,"['렌틸콩 (삶은렌틸콩)', '양상추', '파프리카', '방울토마토', '오디', '양송이버섯 (구운 양송이버섯)', '발사믹식초', '레몬즙', '마늘', '아보카도오일', '소금 약간 ', '후추 약간 ', '통밀빵', '아보카도', '계란', '후추', '소금']"
7027999,"['미숫가루', '무가당 두유', '계란', '해바라기씨', '시나몬 가루', '아보카도오일', '메이플시럽', '소금']"
7027998,"['연유', '냉동딸기', '플레인요거트']"
7027997,"['닭 (닭볶음탕용)', '대파', '감자', '다진마늘', '진간장', '고춧가루', '설탕', '쌈장']"
7027996,"['상추', '캔참치', '고추장', '계란', '참기름', '깨']"
7027995,"['돼지고기 (부위는 상관없습니다 있는걸로 준비를 해 주세요)', '대파', '양파', '깻잎', '고추장', '고춧가루', '진간장', '다진마늘', '설탕']"
7027994,"['냉동 감자튀김', '베이컨', '다진 양파', '모짜렐라 치즈', '체다슬라이스 치즈', '파슬리가루 약간']"
7027993,"['계란', '깻잎', '소금']"
7027992,"['마늘쫑', '고추장', '고추가루', '양조간장', '매실청', '올리고당', '식초', '레몬즙', '참기름', '참깨 약간']"
7027991,"['닭다리', '밀떡', '대파', '꽃소금', '고추장', '진간장', '케첩', '고춧가루', '설탕', '다진마늘', '물', '연유', '마요네즈', '꿀']"
7027990,"['데친 죽순', '마늘쫑', '당면', '꽈리고추', '당근', '양파', '어묵', '한우 다짐육', '소금 적당량', '양조간장', '설탕', '양조간장', '설탕', '양조간장', '설탕', '참기름', '참깨', '후추 약간', '물', '양조간장', '설탕', '참기름', '참깨 약간']"
7027989,"['김', '밥', '소금', '설탕', '식초 조금', '오이', '소금', '식초', '크래미', '마요네즈', '와사비', '참기름 조금', '깨 조금']"
7027988,"['오트밀', '바나나', '블루베리', '두유']"
7027987,"['수박 적당히', '블루베리 적당히', '골드키위', '유산균 요거트', '치아씨드']"
7027986,"['간 마늘', '대파', '깻잎', '밥']"
7027985,"['단호박', '물', '찬밥', '소금 약간', '올리고당 약간', '베이킹소다 약간']"
7027984,"['샐러리', '식초', '쌈장', '마요네즈', '레몬즙', '땅콩분태 (선택)']"
7027983,"['상추', '양파', '청양고추', '다진마늘', '고춧가루', '간장', '설탕', '식초', '참기름', '통깨', '식초']"
7027982,"['양파', '청양고추', '간장', '설탕', '식초', '물', '월계수잎', '식초']"
7027981,"['애호박', '어묵', '양파', '간장', '설탕', '올리고당', '참기름', '깨 약간 ']"
7027980,"['계란', '다진 부추', '다진 양파', '다진 당근', '소금', '설탕', '후추']"
7027979,"['달걀', '설탕', '설탕', '우유', '연유', '소금', '식물성 오일', '바닐라에센스', '박력분', '베이킹파우더']"
7027978,"['토마토퓨레', '양파', '버섯', '계란', '피자 치즈', '소금', '후추']"
7027977,"['달걀', '소금', '멸치다시마육수']"
7027976,"['스팸 작은것', '양파', '계란', '공기밥', '간장', '맛술', '설탕', '굴소스', '물', '생강가루 약간 (생략가능)', '마요네즈']"
7027975,"['가지', '모짜렐라 치즈', '블랙올리브', '올리브유', '바질페스토', '스리라차 소스']"
7027974,"['콩국물', '실곤약', '땅콩분태', '콩가루', '오이', '메추리알', '소금', '설탕']"
7027973,"['죽순', '흑임자', '설탕', '꽃소금', '식초', '물', '마요네즈']"
7027972,"['공기밥', '크래미', '청양마요소스', '김밥용김', '참기름', '소금 약간만', '통깨', '깻잎', '오이']"
7027971,"['쌀', '문어 다리', '칵테일새우', '버터', '참치액젓', '들기름', '물', '미나리']"
7027970,"['돼지고기 한돈 갈비찜용', '알 밤', '은행', '대추', '대파 넉넉히', '표고버섯', '간장', '물', '다진마늘', '생강가루 약간만', '설탕', '참기름', '후춧가루 약간만', '맛술']"
7027969,"['동물성 휘핑크림', '콩가루', '연유', '얼음 적당량', '우유', '에스프레소', '콩가루 약간', '인절미']"
7027968,"['닭다리살', '청양고추', '홍고추', '대파', '마늘', '우유', '감자 전분', '물', '소금', '후추', '범일 간장', '다진 마늘', '올리고당', '설탕', '맛술']"
7027967,"['식초물', '물', '설탕', '소금']"
7027966,"['농심 둥지냉면', '돼지고기 다짐육', '오이', '양파', '부추', '쪽파', '조미김', '가쓰오부시', '달걀', '고추장', '된장', '간장', '맛술', '설탕', '다진 마늘', '참기름']"
7027965,"['농심 둥지 비빔냉면', '오이', '물', '통깨', '밀가루', '오이 짜투리', '비정제 원당', '볶은소금', '레몬즙', '흰우유', '마요네즈', '와사비']"
7027964,"['새우', '감자전분', '물', '대파', '양파', '청양고추', '고추기름', '간장', '소금', '맛술', '굴소스', '식초', '설탕', '후추 톡톡']"
7027963,"['오이고추', '된장', '마늘', '매실청', '참기름', '통깨']"
7027962,"['소면', '김치', '간마늘', '액젓', '국간장', '후추 조금', '계란', '설탕', '고춧가루', '통깨', '김가루 약간']"
7027961,"['둥지냉면', '계란', '오이', '김밥용김']"
7027960,"['수박', '꿀', '소금']"
7027959,"['둥지냉면', '둥지냉면', '가지', '전분가루', '식용유', '쪽파', '통깨 약간', '소금 약간', '간장', '맛술', '올리고당', '둥지냉면숙성 비빔장', '후추', '다진마늘', '참치액', '쪽파', '참기름', '통깨 약간']"
7027958,"['김밥김', '밥', '진미채볶음 넉넉히', '단무지', '김밥햄', '계란', '당근', '깻잎', '소금 조금', '후추 조금', '참기름 넉넉히', '깨소금', '식용유 넉넉히']"
7027957,"['오이', '소금', '설탕', '간장', '깨', '마요네즈', '레몬즙', '후추 톡톡', '마늘', '참기름']"
7027956,"['오이', '간마늘', '설탕', '당근', '통깨', '파']"
7027955,"['크래미 작은것', '파프리카 노랑빨강 각', '조미김', '유부', '밥', '주먹밥가루', '식초', '설탕', '소금', '마요네즈', '설탕', '레몬즙', '머스터드소스', '파마산치즈가루', '소금']"
7027954,"['양파', '대파', '두부', '물', '굵은 고춧가루', '참치액', '진간장']"
7027953,"['미니새송이버섯', '버터', '다진마늘', '굴소스', '진간장', '통깨']"
7027952,"['갈치', '무', '대파', '청양고추', '홍고추', '멸치육수', '고추가루', '진간장', '다진마늘', '생강가루', '맛술', '고추장', '된장', '멸치액젓', '설탕']"
7027951,"['냉동 닭다리', '식용유', '통깨', '고추장', '진간장', '다진마늘', '설탕', '올리고당', '케찹']"
7027950,"['청국장', '두부', '애호박', '청양고추']"
7027949,"['애호박', '식용유', '다진마늘', '새우젓', '참기름']"
7027948,"['오이', '양파', '홍고추', '설탕', '식초', '진간장', '참치액', '참기름', '고추장', '통깨']"
7027947,"['부추', '건새우', '당근', '식용유 넉넉히', '맛술', '밀가루', '물', '진간장', '식초', '설탕', '고춧가루 약간']"
7027946,"['스팸', '감자', '양파', '당근', '식용유', '간장', '물엿', '설탕', '물', '통깨 약간']"
7027945,"['가지', '대파 조금', '홍고추', '절일때 소금', '올리브유', '고추가루', '진간장+', '올리고당', '생강술', '참기름 조금', '통깨 조금']"
7027944,"['표고버섯', '다진마늘', '식용유', '물', '참기름', '다진파', '갈은깨', '소금']"
7027943,"['잡곡', '죽순', '표고버섯', '새송이버섯', '당근', '다시마', '간장', '참치액젓', '고추가루', '다진마늘', '참기름', '통깨', '설탕', '대파', '청양고추', '홍고추', '양파']"
7027942,"['양상추', '닭가슴살', '애기 느타리 약간', '오이', '토마토', '견과류 조금', '레몬', '올리브유', '마요네즈', '식초', '머스터 소스']"
7027940,"['미니 단호박', '베이컨', '양파', '옥수수통조림 ', '모짜렐라치즈 ']"
7027939,"['큰 두부', '양파', '대파', '물', '홍 청양고추', '청 청양고추', '고추가루', '간장', '굴소스', '마늘', '설탕', '식용유', '후추 취향껏']"
7027938,"['똠양꿍페이스트', '단호박', '대파', '양파', '팽이버섯', '방울토마토', '냉동새우', '피쉬볼', '진라면 스프', '라면', '물']"
7027937,"['케일', '키위', '바나나', '얼음', '생수 (적당히)']"
7027936,"['갓김치', '스팸', '대파 송송', '계란', '밥', '참기름', '통깨 솔솔']"
7027935,"['농심 둥지냉면 물냉면', '물', '순두부', '미숫가루', '들기름', '참깨 약간']"
7027934,"['돼지고기 목살', '감자 중', '양파 중', '당근', '고형카레', '식용유', '버터', '물']"
7027933,"['냉동딸기', '설탕', '우유', '물']"
7027932,"['완숙토마토', '양파', '마늘', '월계수잎', '올리브오일', '다진마늘', '소금', '케찹', '후추', '치킨스톡', '베이킹소다 약간']"
7027931,"['소불고기', '느타리버섯', '팽이버섯', '미나리', '대파', '간장', '물', '미림', '설탕', '후추', '참기름', '소금', '다시마']"
7027930,"['농심 둥지냉면 비빔냉면', '물', '조랭이떡', '참나물', '삶은계란', '초장', '참깨 약간']"
7027929,"['골드키위', '바나나', '우유']"
7027928,"['족발', '양파', '양배추', '청양고추', '당근 약간', '다진마늘', '고춧가루', '간장', '설탕', '맛술', '후추', '참기름', '통깨', '식초']"
7027927,"['고구마줄기', '대파', '멸치육수', '들기름', '국간장', '참치액', '다진마늘', '통깨 약간', '들깨가루', '소금']"
7027926,"['불린 미역', '감자', '양파', '들기름', '쌀뜨물', '국간장', '들깨가루', '참치 액', '다진 마늘']"
7027925,"['아욱', '건새우', '멸치육수', '된장', '다진마늘', '참치액', '고춧가루']"
7027924,"['냉동꽃게', '무', '바지락', '대파', '팽이버섯', '쑥갓', '동전 육수', '물', '국간장', '고춧가루', '맛술', '된장', '새우젓 건더기', '다진 마늘', '생강가루 약간']"
7027923,"['파', '대패삼겹살', '양파', '고추가루', '진간장', '식용유', '양배추', '라면']"
7027922,"['마늘종', '돼지고기', '생강', '설탕', '간장', '된장', '맛술', '꿀', '마늘', '참기름']"
7027921,"['청포묵', '간장', '소금', '참기름', '김', '통깨']"
7027919,"['마늘쫑', '소불고기', '감자', '작은 양파', '당근', '양배추', '오일', '티아시아 커리분말', '물', '마늘쫑', '물']"
7027918,"['아보카도', '다진 양파', '다진 고추장아찌', '청양고추', '꿀', '레몬즙', '소금', '후추 약간', '방울토마토', '바질잎', '파르미지아노 치즈', '바게트빵']"
7027917,"['재래김', '양조간장', '고추가루', '물', '올리고당', '다진마늘', '미나리', '청양고추', '홍고추', '참기름', '참깨']"
7027916,"['닭다리', '밀 떡볶이떡', '대파', '소금', '통깨 약간', '식용유 약간', '고춧가루', '고추장', '진간장', '참기름', '케첩', '설탕', '다진 마늘', '물', '마요네즈', '연유', '꿀']"
7027915,"['콩나물', '다시마', '다진마늘', '청양고추', '홍고추', '통깨', '쪽파 약간', '소금 약간', '당근', '오이']"
7027914,"['베이컨', '후랑크소세지', '스팸', '양배추', '대파', '청양고추', '김치', '사골육수', '베이크드빈', '슬라이스 체다치즈', '라면사리', '고춧가루', '간장', '다진 마늘', '고추장', '설탕']"
7027913,"['소고기', '대파', '느타리버섯', '고사리', '다시마', '쌀뜨물', '마늘', '국간장', '액젓', '고춧가루', '후추', '소금', '참기름', '식용유']"
7027912,"['소고기 안심', '양파', '산초가루 약간', '소금', '후춧가루 약간', '다시물', '진간장', '미림', '설탕']"
7027911,"['숙주', '피망 조금', '대파 조금', '당근 조금', '액젓', '참기름', '깨소금', '소금']"
7027910,"['오이', '부추', '양파', '실파', '마늘', '액젓', '새우젓', '마늘', '고춧가루', '설탕', '쌀가루', '물']"
7027909,"['애호박', '날콩가루', '들깨가루', '소금', '만능간장', '청양고추', '새우젓국물', '마늘', '깨']"
7027908,"['영계닭', '허브솔트', '오일스프레이', '물 (끓는)', '물', '고추장', '진간장', '케찹', '설탕', '다진마늘']"
7027907,"['영계 통 닭', '허브솔트', '오일스프레이', '물 (끓는)']"
7027906,"['크래미', '당근', '김밥용 김', '계란', '식용유', '밥', '소금', '깨', '참기름', '머스터드', '마요네즈', '후추', '고추냉이']"
7027905,"['계란', '소금 약간', '부추 넉넉히']"
7027904,"['두부', '소금', '후추', '식용유']"
7027903,"['냉동 동태포', '후추', '소금', '계란', '밀가루', '식용유']"
7027902,"['김밥용 김', '냉동돈까스', '상추', '계란', '밥 (야구공 사이즈', '김밥용 햄', '김밥용 단무지', '돈까스소스', '참기름', '깨', '소금', '식용유']"
7027901,"['얼음 적당량', '초코쿠키 시럽', '우유', '에스프레소']"
7027900,"['청수 냉면', '삶은계란', '무피클 (또는 배)', '소고기', '무', '물']"
7027899,"['도토리묵', '밥', '시판 냉면육수', '김치', '오이', '양파', '참기름', '깨']"
7027898,"['소고기 등심', '양파', '파', '굴소스', '돈까스소스', '후추', '깨', '밥']"
7027897,"['고등어', '전분가루', '식용유', '간장', '물', '올리고당', '설탕', '매실청', '생강청 생상', '다진마늘']"
7027896,"['육회용 소고기', '고춧가루', '고추장', '간장', '맛술', '다진 마늘', '참기름', '꿀', '후춧가루 약간', '계란 노른지', '무채 넉넉히 (또는 배채)']"
7027895,"['애호박', '밀가루', '계란', '후추', '소금', '식용유']"
7027894,"['돼지고기 앞다리살', '전분', '다진마늘', '다진생강', '허브솔트', '후추', '식용유', '케찹', '고추장', '간장', '설탕', '다진마늘', '물']"
7027893,"['고추장', '식초', '설탕', '고춧가루', '간장', '겨자 약간', '사이다 약간', '다진마늘 약간']"
7027892,"['돼지고기 앞다리살', '전분', '다진마늘', '다진생강', '허브솔트', '후추', '식용유', '마요네즈', '청양고추', '대파', '설탕']"
7027891,"['토마토', '계란', '마늘', '시금치', '굴소스', '소금', '오일']"
7027890,"['뼈없는 냉동 갈치', '감자', '양파', '꽈리고추', '홍 청양고추', '녹색 청양고추', '대파', '마늘', '간장', '물엿', '참기름', '후추 톡톡톡']"
7027889,"['배추', '물', '된장', '참기름 조금', '소금 (솔솔 뿌리는 정도 선택사항)']"
7027888,"['둥지냉면', '닭가슴살', '연겨자', '다진마늘', '설탕', '간장', '식초', '통깨']"
7027887,"['무', '당근', '배도라지즙', '레몬즙', '설탕', '소금', '식초', '물']"
7027886,"['알배기배추', '된장', '들기름', '쌀뜨물', '다진마늘', '표고버섯가루', '대파 넉넉히']"
7027885,"['도토리묵 (먹어싶은 만큼)', '볶은 콩가루 적당량', '설탕 적당량', '소금 조금', '흑설탕시럽 적당량']"
7027884,"['밥', '땡초장', '참기름', '김', '깨 조금']"
7027883,"['감자', '계란', '스팸', '오이', '소금', '초당옥수수', '설탕', '식초', '마요네즈']"
7027881,"['시금치', '된장', '쌀뜨물', '대파 넉넉히', '소금 약간', '다진마늘']"
7027880,"['비타민', '계란', '크루통', '쉬레드에멘탈치즈', '올리브유', '머스타드', '간장', '소금', '식초']"
7027879,"['둥지냉면 비빔냉면', '대파', '계란', '쌀밥']"
7027878,"['둥지냉면 비빔냉면', '양파', '대파', '식용유', '굵은 고춧가루', '다진마늘', '진간장', '참기름', '짜장가루']"
7027877,"['애호박', '계란', '빵가루', '부침가루', '소금']"
7027876,"['오이', '청양고추', '들깨가루', '볶음 들깨', '들기름', '소금']"
7027875,"['피타브레드', '샌드위치햄', '카야쨈', '머스타드소스', '삶은달걀']"
7027874,"['쪽파', '배', '양파', '생강', '새우젓', '매실청', '고춧가루', '꽃게액젓']"
7027873,"['애호박', '무', '두부', '양파', '송이버섯', '대파', '홍고추 약간', '청양고추 약간', '물', '동전육수', '집된장', '참치액', '고춧가루']"
7027872,"['옥수수캔', '버터', '설탕', '마요네즈', '후추', '모짜렐라치즈']"
7027871,"['소고기고추장볶음', '삼각김밥김', '참기름', '소금', '밥']"
7027870,"['느타리버섯', '당근', '양파', '쪽파', '다진 마늘', '굴소스', '소금', '올리브오일', '물', '후추 톡톡톡', '통깨 솔솔솔']"
7027869,"['닭가슴살', '양배추', '마늘쫑', '대파', '다진 마늘', '굴소스', '소금', '올리브오일', '후추 톡톡톡', '통깨 솔솔솔']"
7027868,"['다진 소고기', '양파', '간장', '올리고당', '매실액', '참기름', '생강가루{생략}', '마늘', '후추 톡톡', '미림']"
7027867,"['참치', '집된장', '호박', '양파', '홍초', '청양초', '표고버섯가루', '동전육수', '물', '마늘', '조각 땅콩', '식용유', '참기름', '깨소금 약간']"
7027866,"['오트밀', '베지밀', '양배추', '시금치', '당근', '치즈', '계란', '소금', '후추']"
7027865,"['토마토', '사과', '물', '꿀 (선택사항)']"
7027864,"['멸치다시마 육수', '무', '대파', '들기름', '다진마늘', '참치액', '국간장', '소금', '후춧가루 약간']"
7027863,"['새송이버섯', '느타리버섯', '두부', '당근', '양파', '콘옥수수', '샐러드채소 약간', '보리 귀리밥', '간장', '식초', '레몬즙', '올리고당', '참기름', '올리브오일', '다진마늘', '후춧가루 약간', '진간장', '미림', '설탕', '물', '소금', '설탕', '식초', '물']"
7027862,"['녹차티백', '뜨거운 물', '차가운 물', '꿀', '레몬즙']"
7027861,"['토마토', '감자면', '올리브유', '마늘', '김']"
7027859,"['삼겹살', '양파 작은 것', '된장', '인스턴트커피', '청양고추', '통후추 조금']"
7027858,"['오이', '양파 작은 것', '고춧가루', '진간장', '식초', '다진 마늘', '매실엑기스', '원당', '통깨 조금']"
7027857,"['연근 데친 것', '오이', '꽃소금', '마요네즈', '매실엑기스', '통깨 조금']"
7027856,"['상추', '마늘후레이크', '들기름', '고추가루', '진간장', '통깨 듬뿍']"
7027854,"['닭가슴살', '브로콜리', '당근']"
7027853,"['사태', '양지', '양파', '대파', '대파', '통후추', '마늘', '소금', '국간장', '미원', '흑후추 (선택)']"
7027852,"['마늘쫑', '사각어묵', '양파', '당근', '식용유', '통깨', '참기름', '굵은소금', '물', '진간장', '올리고당', '맛술', '다진 마늘']"
7027851,"['다진 소고기', '애호박', '양파', '당근', '식용유 적당히', '소금', '고추장', '참기름', '설탕', '다진 마늘', '통깨 약간', '진간장', '맛술', '후춧가루 약간', '보리', '쌀']"
7027850,"['감자', '식용유', '진간장', '고추장', '매실엑기스', '다진 마늘', '원당', '참기름', '통깨 조금', '부추 조금']"
7027849,"['둥지냉면 비빔냉면', '돼지고기 다짐육', '가쓰오부시', '고추기름', '진간장', '맛술', '굴소스', '다진마늘']"
7027848,"['꽈리고추', '중멸치', '식용유', '진간장', '물', '매실진액', '후추 넉넉하게', '참기름', '통깨']"
7027847,"['부추', '육수', '찹쌀가루', '물', '멸치액젓', '원당', '고춧가루', '생강', '다진 마늘']"
7027846,"['소고기 국거리', '건미역', '액젓', '들기름', '소금', '물', '마늘']"
7027845,"['당근 조금', '부추 조금', '꽃소금 조금', '계란', '식용유 조금', '원당 조금', '체다치즈', '식빵']"
7027844,"['당면', '식용유', '물', '양파', '당근 조금', '생표고버섯', '부추', '진간장', '원당', '다진 마늘', '후추 조금', '참기름', '통깨']"
7027843,"['감자', '런천미트', '소금', '식용유', '통깨 조금', '부추 조금']"
7027842,"['단배추', '천일염', '당근채', '양파', '무채', '청양고추', '다진마늘', '밀가루', '원당', '천일염', '물']"
7027841,"['돼지고기', '양배추', '대파', '양파', '마늘', '팽이버섯', '다시마', '고추장', '간장', '고춧가루', '소금', '설탕', '참기름', '깨']"
7027840,"['재래김', '맛살', '계란', '당근', '야채 (남은 것)', '런천미트', '참기름', '꽃소금', '대파', '통깨', '밥', '단무지']"
7027839,"['잠봉', '김밥용김', '계란', '크래미', '청양 마요소스 넉넉히', '깻잎', '참기름', '소금 약간', '통깨']"
7027838,"['카레분말', '양파', '당근', '감자', '삼겹살', '다진 마늘', '식용유', '물', '우유']"
7027837,"['부추', '고추장', '다진 마늘', '식초', '매실엑기스', '진간장', '통깨 조금']"
7027836,"['밥', '대파 조금', '당근 조금', '식용유', '런천미트', '양배추 (먹고 싶은 만큼)', '참기름', '꽃소금']"
7027835,"['박력분', '설탕', '소금 약간', '베이킹파우더', '계란', '우유', '계란물 적당량', '딸기잼 적당량']"
7027834,"['참외장아찌', '고추장', '고은 고춧가루', '물엿', '마늘', '참기름', '깨소금']"
7027833,"['냉동만두 (먹을만큼)', '떡국떡 (생략가능)', '계란', '양파', '콩나물', '참치액', '육수한알', '고추가루', '다진파', '다진마늘', '후추']"
7027832,"['둥지비빔냉면', '톳', '초고추장', '다진마늘', '깨', '고춧가루', '식초']"
7027831,"['더덕', '무첨가백태 두유', '코코넛밀크', '미강', '천연 꿀', '천일염 미네랄소금']"
7027830,['슬라이스치즈 (먹고싶은 만큼)']
7027829,"['감자', '양파', '청양고추', '대파', '물', '다진마늘', '된장', '고추장', '고춧가루', '간장', '생강청', '고추기름']"
7027828,"['매콤갈비 만두', '달걀', '오이', '어린잎채소 약간', '고추장', '참기름 톡', '밥']"
7027827,"['부추', '홍합', '양파', '청량고추', '부침가루', '물', '소금 조금']"
7027826,"['국수면', '어묵', '애호박', '김치 조금', '달걀', '육수', '코인육수', '참치액', '국간장', '소금 적당히', '후추 조금']"
7027825,"['전복', '마늘', '아보카도오일', '소금']"
7027824,"['소고기 샤브용', '알배추', '미나리', '느타리버섯', '팽이버섯', '물', '코인육수', '고추장', '된장', '참치액젓', '맛술', '진간장', '다진마늘', '고춧가루', '후추']"
7027823,"['치아바타빵', '루꼴라', '샌드위치햄', '토마토', '오이', '딜', '그릭요거트', '올리브유', '레몬즙', '다진마늘', '소금']"
7027822,"['돼지목살', '두부', '애호박', '무 약간 (감자 대체가능)', '양파', '대파', '고추장', '집된장', '고춧가루', '다진마늘']"
7027821,"['감자', '전분가루', '소금', '식용유 넉넉히']"
7027820,"['시금치', '닭 가슴살', '계란', '밥', '김밥용 김', '소금', '진간장', '굴소스', '맛술', '설탕', '요리당', '다진 마늘', '청양고추']"
7027819,"['바나나', '계란', '설탕', '우유', '무염 버터', '박력 쌀가루', '베이킹 파우더', '소금', '바닐라 익스트랙', '시나몬 파우더', '슈거파우더 (선택)']"
7027818,"['달걀', '식빵', '로메인', '샌드위치햄', '치즈', '홀그레인머스타드', '마요네즈', '소금']"
7027817,"['감자', '소금', '진간장', '설탕', '올리고당', '짜장가루', '물']"
7027816,"['식빵', '비엔나', '체다치즈', '버터', '연유 적당히', '알룰로스']"
7027815,"['양송이버섯', '양파', '대파 조금', '마늘', '멸치액젓', '참치액젓', '들깨가루', '후추 톡톡']"
7027814,"['머위대', '들깨가루', '대파', '마늘', '들기름', '멸치액젓', '소금', '통깨 솔솔']"
7027813,"['국수', '죽순', '홍 파프리카', '노란 파프리카', '피망', '청양고추', '홍고추', '오이 조금', '다진마늘', '고추장', '고추가루', '참치액젓', '식초', '설탕', '참기름', '깨소금 조금', '소금']"
7027812,"['오리훈제', '호박', '꽈리고추', '부추', '취나물', '간장', '맛술', '감식초', '참기름', '깨소금']"
7027811,"['밥', '유부', '쇠고기', '크래미', '계란', '소금', '식용유', '통깨 약간', '마늘', '맛술', '간장', '후추', '마요네즈', '후추']"
7027810,"['참외', '소금', '물엿', '식초', '소주']"
7027809,"['콘옥수수', '마요네즈', '설탕', '버터', '체다치즈', '피자치즈']"
7027808,"['두부', '부추', '강황', '식용유', '간마늘', '소금', '치킨파우더', '후추 톡톡', '통깨']"
7027807,"['무', '들기름', '식용유', '들깨가루', '굵은소금', '파', '깨소금 ']"
7027806,['시금치']
7027805,"['마늘종', '소금', '냉동새우', '통마늘', '식용유', '진간장', '올리고당', '참기름', '통깨 약간']"
7027804,"['닭', '삶은고사리', '느타리버섯', '숙주', '부추', '양파', '대파', '식용유', '대파 (초록 잎 부분)', '말린 생강', '마늘', '월계수잎', '국간장', '고춧가루', '참치액', '다진 마늘']"
7027803,"['케일', '호두', '아몬드', '레몬즙 (라임)', '소금', '후추', '올리브오일']"
7027802,"['도토리묵', '오이', '상추', '양파', '당근', '홍고추', '진간장', '고춧가루', '참기름', '통깨', '설탕', '다진마늘']"
7027801,"['마늘쫑', '고추장', '고추가루', '간장', '설탕', '식초', '매실', '참기름']"
7027800,"['단호박', '양파', '우유', '슬라이스치즈', '물', '식용유']"
7027799,"['순살치킨', '땅콩분태 약간', '진간장', '케첩', '고추장', '올리고당', '굴소스', '맛술', '간마늘', '고춧가루', '설탕']"
7027798,"['참치', '양파', '당근', '청양고추', '계란', '부침가루', '식용유', '밀가루 (튀김가루 대체 가능)', '후추', '소금', '각종 야채 취향껏']"
7027797,"['참외', '우유', '플레인 요거트', '알룰로스', '얼음']"
7027796,"['부추', '해물모듬', '청양고추', '홍고추', '튀김가루', '물', '식용유']"
7027795,"['소고기', '가지', '양파', '대파', '다진마늘', '간장', '굴소스 조금', '참기름', '깨 조금', '간장', '굴소스', '설탕', '후추 조금', '참기름']"
7027794,"['오이고추', '참치', '김가루 약간', '통깨 약간', '된장', '들기름', '다진마늘', '매실청', '식초']"
7027793,"['오뎅', '밥', '청양고추', '당근', '김', '크래미', '오이', '간장', '굴소스', '식용유', '다진마늘', '맛술', '참기름', '깨', '마요네즈', '머스타드']"
7027792,"['양배추', '들깨가루', '다진마늘', '대파', '들기름', '맛소금']"
7027791,"['얼음 적당량', '우유', '라즈베리시럽', '에스프레소']"
7027790,"['감자', '자숙문어다리', '버터', '파슬리가루 조금', '소금', '차지키소스', '당근라페 조금']"
7027789,"['건다시마', '식용유', '설탕']"
7027788,"['요거트', '우유', '건망고', '오트밀', '그래놀라', '견과류']"
7027787,"['알배추', '부추', '굵은소금', '까나리액젓', '새우젓', '생강청', '배즙', '밥', '홍고추', '매실액', '다진마늘', '고춧가루']"
7027786,"['달래', '참기름', '진간장', '물', '고춧가루', '다진마늘', '맛술', '통깨']"
7027785,"['황태채', '두부', '무 약간', '대파', '참기름', '코인육수', '액젓']"
7027784,"['열무', '된장', '고추장', '마늘', '만능간장', '들기름', '통깨']"
7027783,"['농심 둥지냉면 비빔냉면', '콩나물 넉넉히', '삶은계란', '쪽파', '통깨 약간']"
7027782,"['차돌박이', '맛술', '된장', '고추장', '물', '코인육수', '다진마늘', '애호박', '팽이버섯', '두부', '양파', '대파', '청양고추', '고춧가루']"
7027781,"['코다리', '식초', '대파', '멸치육수', '고춧가루', '진간장', '설탕', '된장', '다진마늘', '굴소스', '맛술', '매실액', '후추 조금']"
7027780,"['브라운슈가타피오카', '우유', '얼음']"
7027779,"['계란', '육수', '가는소금', '대파', '깨소금']"
7027778,"['닭다리살', '청양고추', '마늘', '파채', '전분가루', '물', '식용유 넉넉히', '소금', '우유', '후추 조금', '진간장', '물엿', '설탕', '맛술', '다진마늘']"
7027777,"['감자', '당근', '양파', '어묵', '카레가루', '물', '우유']"
7027776,"['바나나', '꿀', '커피믹스', '물', '얼음', '우유']"
7027775,"['베이컨', '파프리카', '파프리카', '팽이버섯']"
7027774,"['둥지냉면', '미역', '참기름', '통깨 약간']"
7027773,"['부추', '어묵', '밀가루', '부침가루', '소금', '물 약간']"
7027772,"['콩나물', '바지락', '두부', '양파', '애호박', '대파', '청양고추', '홍고추', '된장', '고춧가루', '다진마늘', '물']"
7027771,"['콩나물', '쌀', '물', '달래', '물', '간장', '고춧가루', '설탕', '통깨 약간', '참기름', '청양고추']"
7027770,"['농심둥지냉면', '두부', '굴소스', '설탕', '다진마늘', '소금 약간', '고추장', '쪽파']"
7027769,"['바게트', '치즈', '당근양배추 라페 넉넉히', '모듬새싹 넉넉히', '토마토마리네이트', '메이플 시럽', '리코타 치즈']"
7027768,"['애호박', '양파', '청양고추', '올리브오일 적당히', '두부', '깨 넉넉히', '고춧가루', '메이플시럽', '간장', '고추장', '참기름']"
7027767,"['애호박', '삼색 미니파프리카', '곰취잎', '식용유 약간', '소금 약간', '튀김가루', '튀김가루', '소금', '물 약간 ( 찬물)']"
7027766,"['감자', '식용유 약간', '감자전분', '물', '간장', '다진마늘', '물', '굴소스', '식초', '올리고당']"
7027765,"['라이스페이퍼', '계란', '닭가슴살', '치즈']"
7027764,"['소고기', '미림', '감자', '간장', '조청', '통깨', '참기름', '후추']"
7027763,"['콩나물', '대파', '다진마늘', '소금', '참기름', '고춧가루', '깨']"
7027762,"['깻잎', '대파', '양파', '진간장', '고춧가루', '액젓', '다진마늘', '설탕']"
7027761,"['콩나물', '멸치', '다시마', '다진마늘', '청양고추', '고춧가루']"
7027760,"['부추', '계란', '참기름', '깨']"
7027759,"['비엔나소시지', '어묵', '대파', '다진마늘', '물엿', '케찹']"
7027758,"['백미', '물', '자숙 완두콩', '밥 (완두콩)', '얼갈이배추김치', '멸치볶음', '미나리무침', '짠지무침', '계란후라이']"
7027757,"['소고기', '당면', '양파', '팽이버섯', '대파 조금', '부추 조금', '식초', '액젓', '진간장', '원당', '다진마늘', '물엿', '참기름', '후춧가루']"
7027756,"['양파', '당근', '카레가루', '김', '밥', '카레가루', '참기름', '맛소금']"
7027755,"['꽈리고추', '건 당면', '부침가루', '물', '계란', '멸치액젓', '진간장', '멸치액젓', '미림', '간마늘', '다진대파', '고추가루', '물', '설탕']"
7027754,"['양파', '통마늘', '사이다', '오렌지쥬스', '고운고추가루', '설탕', '고추장', '물엿', '식초', '연겨자', '갈비탕 국물', '물', '다시다', '미원']"
7027753,"['마늘쫑', '고추가루', '고추장', '매실청', '올리고당', '만능간장', '참기름', '통깨']"
7027752,"['둥지냉면', '둥지냉면', '도토리묵', '상추', '양파', '김치', '조미김', '김치양념', '참기름', '설탕', '고춧가루', '다진마늘', '식초', '간장', '올리고당', '참기름', '통깨 약간']"
7027751,"['계란', '가다랑어포 육수', '맛술', '참치액', '소금', '물', '다시마', '가다랑어포']"
7027750,"['무청', '된장', '고춧가루', '다진마늘', '다시마멸치 육수', '들깨가루', '대파']"
7027749,"['둥지냉면', '당근', '식초', '씨겨자', '알룰로스', '소금', '후추 약간', '올리브오일']"
7027748,"['머위잎', '다진마늘', '다진파', '된장', '고추장', '갈은깨', '참기름', '국간장']"
7027747,"['돼지고기앞다리살', '막걸리', '간장', '대파', '통마늘', '생강', '무', '쪽파 조금', '양파', '청양고추', '홍고추', '고추가루', '다진마늘', '생강', '멸치액젓', '참치액젓', '매실청', '설탕', '깨소금']"
7027746,"['후랑크소세지', '마늘', '양파', '파프리카', '양송이버섯', '식용유', '통깨 약간', '다진마늘', '진간장', '케찹', '설탕', '식초']"
7027745,"['취나물', '대파', '국간장', '매실청', '다진마늘', '된장', '통깨', '참기름']"
7027744,"['칼국수면', '물', '다시팩', '대파', '다진마늘', '멸치액', '김치', '고춧가루', '김가루']"
7027743,"['무', '알배기배추', '물', '쪽파', '천일염', '사이다', '마늘', '생강 조금']"
7027742,"['둥지냉면 물냉면', '물', '샐러드야채', '후르츠칵테일', '후르츠칵테일', '식초', '설탕', '레몬즙']"
7027741,"['오이', '굵은소금', '새우살', '가는소금', '맛술', '간마늘', '참치액', '후추 톡톡', '식용유', '참기름', '통깨']"
7027740,"['모시조개', '파스타면', '올리브오일', '마늘', '페페론치노', '루꼴라', '화이트와인', '물', '소금 약간', '후추 약간', '파르메산치즈 약간 (간 것)']"
7027739,"['소시지', '양파', '케찹', '고추장', '굴소스', '다진마늘', '올리고당']"
7027738,"['오이', '양파', '고춧가루', '다진마늘', '식초', '액젓', '진간장', '설탕', '참기름']"
7027737,"['불닭볶음면', '밀떡', '납작 분모자', '양파', '베이컨', '냉동새우', '소시지', '우유', '불닭볶음면', '허브소금', '후추 약간', '페퍼론치노 약간', '불닭볶음면']"
7027736,"['시금치', '참기름', '국간장', '다진마늘', '소금 기호껏']"
7027735,['당근']
7027734,"['열무', '얼갈이', '천일염', '물', '쪽파', '양파', '설탕', '천일염', '생수', '배', '사과', '양파', '마늘', '생강', '청양고추', '홍고추', '건고추', '밥', '멸치액젓', '새우젓']"
7027733,"['농심 둥지냉면 비빔냉면', '물', '피자치즈', '식용유', '바질', '파슬리 약간']"
7027732,"['알배추', '천일염', '쪽파', '고춧가루', '매실청', '통깨', '배', '양파', '홍고추', '청양고추', '밥', '마늘', '생강', '새우젓', '멸치액젓', '생수']"
7027731,"['가지', '홍고추', '청양고추', '라이스페이퍼', '전분', '물', '진간장', '식초', '설탕', '소금', '물 (전분물)', '전분가루', '물']"
7027730,"['가지', '달걀', '깻잎', '단무지', '밥', '참기름', '통깨', '아보카도오일 약간']"
7027729,"['가지', '꽈리고추', '토마토소스', '고추장', '다진마늘', '간 참깨', '전분', '올리브오일', '레몬즙', '소금 약간']"
7027728,"['오이', '크래미', '청양고추', '참치액', '참기름', '국간장', '소금']"
7027727,"['오이', '방울토마토', '파프리카', '슬라이스치즈', '화이트발사믹식초', '올리브유', '알룰로스', '소금']"
7027726,"['망고', '다이제', '버터', '설탕', '계란', '식빵', '우유']"
7027725,"['열무', '멸치', '된장', '다진마늘', '청주', '식용유', '물']"
7027724,"['계란', '대파', '베이킹파우더', '물', '액젓', '참기름', '소금', '후추']"
7027723,"['무김치 (김장김치)', '국물 멸치', '대파', '양파', '된장', '다진마늘', '설탕']"
7027722,"['감자', '오이', '계란', '마요네즈', '버터', '설탕', '소금 약간']"
7027721,"['망고', '얼린 우유', '초코소스', '쿠키분태', '아이스크림', '망고청']"
7027720,"['밥', '김', '계란', '단무지', '우엉', '소고기다짐육', '대파', '식용유', '소금', '돈가스소스', '간장', '참기름', '깨소금', '마늘', '후추']"
7027719,"['계란', '간장', '물', '설탕', '미림', '다진마늘', '양파', '파', '소금']"
7027718,"['얼갈이', '물', '소금', '양파', '밀가루', '고춧가루', '액젓', '스테비아', '소금']"
7027717,"['고등어', '간장', '고추장', '고춧가루', '설탕', '다진마늘', '청주', '참기름', '다진파', '후추 약간', '통깨 약간']"
7027716,"['마늘종', '식초', '간장', '매실청', '설탕', '고춧가루', '고추장', '통깨', '참기름']"
7027715,"['애호박', '양파', '대파 조금', '홍고추', '올리브유', '다진마늘', '소금', '참기름', '통깨 조금']"
7027714,"['마늘쫑', '고추장', '매실액', '고춧가루', '간장', '다진마늘', '식초', '올리고당', '참기름', '깨', '소금 약간']"
7027713,"['순두부', '달걀', '대파', '물', '치킨스톡', '국간장', '맛소금']"
7027712,"['마늘종', '중멸치', '홍고추', '올리브유', '국간장', '진간장', '올리고당', '생강술', '참기름', '통깨 조금']"
7027711,"['둥지냉면', '무', '소금', '올리고당', '고춧가루', '식초', '설탕', '다진마늘', '액젓', '통깨 약간']"
7027710,"['둥지냉면', '대패 돼지앞다리살', '소금', '후추', '밀가루', '계란', '식용유 약간']"
7027709,"['두부', '진간장', '고춧가루', '다진마늘', '멸치액젓', '청양고추', '대파']"
7027708,"['김밥용김', '김밥용햄', '맛살', '단무지', '우엉', '시금치', '계란', '당근', '흰밥', '참기름', '소금', '통깨']"
7027707,"['스팸', '달걀', '소금', '청주', '올리브유']"
7027706,"['마스카포네치즈', '동물성 휘핑크림', '설탕', '바닐라오일 약간', '달걀', '에스프레소', '물', '깔루아', '설탕', '레이디핑거', '데코화이트 적당량 (생략가능)', '코코아파우더 적당량']"
7027705,"['애호박', '양파', '대파', '들기름', '멸치육수', '새우젓', '생강청']"
7027704,"['건미역', '소고기', '액젓']"
7027703,"['부추', '양파', '애호박', '청양홍고추', '부침가루', '물']"
7027702,"['소고기', '두부', '부추 약간', '당근', '달걀']"
7027701,"['도토리묵', '조미김', '참기름', '소금 약간', '통깨', '후춧가루 약간', '쪽파']"
7027700,"['두부', '흑임자', '마요네즈', '요거트', '레몬즙', '소금', '꿀']"
7027699,"['마늘쫑', '건새우', '굵은소금', '식용유 약간', '진간장', '굴소스', '황설탕', '물', '올리고당', '맛술', '식초', '후추 약간', '깨소금']"
7027698,"['깻잎', '방울토마토', '밀가루', '생콩가루', '통들깨', '올리브유', '소금', '물 약간', '통들깨', '다진마늘', '들기름', '간장', '식초', '황설탕']"
7027697,"['감자', '맛간장', '고추장', '다진마늘', '고춧가루', '설탕', '참치액젓', '땅콩기름', '물']"
7027696,"['부추', '오이', '당근', '양파', '통깨', '참기름', '고추장', '진간장', '멸치액젓', '식초', '간마늘', '고추가루', '설탕', '물엿', '들기름', '통깨', '맛소금']"
7027695,"['라면', '물 (라면 설명서에 적힌양)', '대파', '청양고추', '깻잎', '쌈장', '다진마늘', '들깨가루']"
7027694,"['둥지냉면 비빔냉면', '오이', '소금', '설탕', '2배식초', '다진마늘', '통깨']"
7027693,"['양상추', '로메인', '파프리카', '삶은달걀', '방울토마토', '깻잎', '캔옥수수', '참치캔', '아몬드 약간 (구운아몬드)', '볶은 해바라기씨 약간', '마요네즈', '그릭요거트', '레몬즙', '설탕', '소금', '후춧가루']"
7027691,"['들 깻잎순', '소금', '식초', '물', '들기름', '다진마늘', '참치액', '국간장', '액젓', '매실액', '들깨가루', '들기름', '깨소금']"
7027690,"['대파', '소고기앞다리살', '숙주나물', '토란줄기', '고사리', '무', '선지', '참기름', '다진마늘', '국간장', '굵은고춧가루', '물']"
7027689,"['홍당무', '물', '들기름', '맛소금', '깨소금']"
7027688,"['당근', '소금', '양배추 넉넉히', '화이트 발사믹', '메이플시럽', '홀그레인머스터드', '후추 적당히']"
7027686,"['단호박', '물', '소금', '찹쌀가루', '물', '팥양갱 조금']"
7027684,"['생무청', '물', '소금']"
7027683,"['두부', '양파', '대파', '청양고추', '홍고추', '진간장', '굴소스', '고춧가루', '설탕', '다진마늘', '후추', '식용유']"
7027682,"['당면', '오이', '당근', '깻잎', '양파 (다진양파)', '설탕', '참치액', '진간장', '식초', '물']"
7027681,"['훈제오리', '양파', '부추', '연겨자', '식초', '설탕', '물', '간장']"
7027680,"['양파', '부추 약간', '홍고추', '소금', '멸치액젓', '고춧가루', '다진마늘', '설탕', '통깨 약간']"
7027679,"['오이미역냉국', '소면', '계란']"
7027678,"['야채믹스', '김장김치', '된장', '다진마늘', '청국장', '코인육수', '두부', '물']"
7027677,"['콩나물', '마른 홍고추', '대파 조금 (파란잎)', '마늘', '들기름', '멸치액젓', '참치액젓', '통깨', '후추 톡']"
7027676,"['청량고추', '굵은멸치', '식용유', '들기름', '마늘', '진간장', '맛술']"
7027675,"['팽이버섯', '당근', '양파', '대파', '햄', '계란', '부침가루', '소금', '참기름', '후춧가루 약간']"
7027674,"['사누끼 우동면', '냉동새우', '토마토', '어린잎채소', '다진마늘', '간장', '식초', '올리고당', '올리브오일', '참기름', '깨소금', '소금']"
7027673,"['사과', '우유', '아몬드', '치아씨드', '꿀 (선택사항 사과가 달면 안넣어요)']"
7027672,"['가지', '청양고추', '빨간 파프리카', '대파', '달걀', '간마늘', '맛술', '참치액', '참기름', '통깨', '소금', '식용유']"
7027671,"['또띠아', '고추참치', '달걀', '모짜렐라치즈', '식용유']"
7027670,"['식빵', '팔도비빔면', '체다치즈', '햄', '계란', '버터', '진간장', '식초', '올리고당', '연유', '고춧가루', '물']"
7027669,"['아삭이고추', '부추', '양파', '홍 청양고추', '고춧가루', '마늘', '액젓', '새우젓', '설탕', '물', '깨']"
7027668,"['돌나물', '양파', '청양고추', '홍고추', '물', '사과', '갈 배음료', '통마늘', '소금', '까나리액젓', '매실청']"
7027667,"['알배기배추', '소금', '소금', '참외', '오이', '밀가루', '물', '물', '부추', '고춧가루', '다진마늘', '다진생강', '미원', '매실액']"
7027666,"['오이', '소금', '국간장', '참기름', '간 깨', '다진마늘']"
7027665,"['계란', '다시마육수', '당근', '쪽파', '맛술', '소금', '참치액']"
7027663,"['마늘쫑', '굵은소금', '고추장', '고추장', '설탕', '고춧가루', '식초', '물엿', '통깨', '다진마늘']"
7027662,"['소고기사태', '양파', '대파', '마늘', '부추', '물', '진간장', '식초', '연겨자', '설탕', '청양고추', '다진마늘']"
7027661,"['어수리', '소금', '집간장', '참치액', '참기름', '간 깨']"
7027660,"['새송이버섯', '소금', '대파', '청양고추', '홍고추', '식용유', '다진마늘', '굴소스', '참기름', '통깨']"
7027659,"['감자', '치즈', '버터 조금', '전분가루', '케첩 조금']"
7027658,['당근']
7027657,"['오이', '소금', '올리브오일 적당히', '다진마늘', '굴소스', '깨 넉넉히']"
7027656,"['양파', '쪽파 (다진쪽파)', '편마늘', '통깨', '당근 (생략가능)', '간장', '맛술', '올리고당', '설탕', '다진마늘', '매실액', '굴소스', '참기름', '물']"
7027655,"['마늘쫑', '생콩가루', '양조간장', '매실청', '올리고당', '고춧가루', '다진파', '참기름', '깨소금']"
7027654,"['순두부', '애호박', '대파', '청양고추', '홍고추', '새우젓', '국간장', '후추 약간']"
7027653,"['마늘쫑', '소금', '식용유', '맛소금', '다진마늘', '통깨']"
7027652,"['물', '연어', '닭가슴살', '단호박분말', '감자분말', '코코넛분말', '계란', '한천분말', '감자분말', '캣닢 가루', '비트분말', '단호박분말']"
7027651,"['두부', '표고버섯', '마늘', '홍고추', '청양고추', '대파', '식용유', '물', '다시마', '황태가루', '진간장', '설탕', '식초', '소금']"
7027650,"['감자', '맛소금']"
7027649,"['감자', '비엔나소세지', '마늘쫑', '소금', '오일', '후추 약간']"
7027648,"['빵', '차지키소스', '루꼴라', '훈제연어', '아보카도', '삶은계란', '새우', '당근', '파슬리가루 조금']"
7027647,"['당근', '꽃소금', '홀그레인머스터드', '올리고당', '레몬즙', '올리브유']"
7027646,"['절단 무', '둥지 물냉면', '삶은계란', '검은깨 약간만', '천일염', '얼음', '식초', '물', '소금', '맛술', '설탕']"
7027645,"['그릭요거트', '오이', '허브 딜', '다진마늘', '올리브오일', '레몬즙', '홀그레인 머스터드', '소금', '딜', '레몬즙']"
7027644,"['얼음 적당량', '우유', '동물성 휘핑크림', '에스프레소', '바닐라시럽']"
7027643,"['전복', '찹쌀', '맵쌀', '참기름']"
7027642,"['소고기 불고기용', '느타리버섯', '또띠아', '샐러드', '당근', '마요네즈', '아몬드 슬라이스', '식용유', '진간장', '물엿', '설탕', '참기름', '다진 마늘', '통깨 약간']"
7027641,"['애호박', '오징어', '무 약간', '대파', '고추장 크게', '집된장', '육수코인', '다진마늘']"
7027640,"['쑥갓', '두부', '집된장', '참기름', '깨']"
7027639,"['양파 중', '미니 파프리카', '액젓', '새우젓', '고추가루', '레몬 조금 (선택사항)']"
7027638,"['둥지 냉면', '계란', '오이']"
7027637,"['두부', '올리브유', '참치', '고추장', '된장', '다진마늘', '다진 고추', '다진 파', '깨']"
7027636,"['식빵', '명란젓', '마요네즈', '꿀', '모짜렐라 (혹은 치즈)', '페페론치노']"
7027635,"['명란', '들기름', '고춧가루', '청양고추', '파', '깨 취향껏', '다진마늘', '쌀', '들기름', '참치액젓', '물']"
7027634,"['돼지고기', '묵은지', '파', '간마늘', '고춧가루', '간장', '설탕', '무', '육수']"
7027633,"['냉동 망고', '레몬즙', '꿀', '우유']"
7027632,"['양파', '파프리카', '참치', '통밀또띠아', '양상추', '마요네즈', '머스타드소스', '후추']"
7027631,"['건 당면', '당근', '양파', '청양고추', '느타리 버섯', '어묵', '참기름', '통깨 살짝', '물', '진간장', '설탕', '짜장가루', '식용유', '후추가루', '고추가루']"
7027630,"['미나리', '소금', '다진마늘', '국간장', '액젓', '참치액', '매실액', '고춧가루', '통깨', '맛소금']"
7027629,"['닭다리살', '우유', '다진마늘', '진간장', '맛술', '설탕', '물', '올리고당', '참기름', '통깨 조금']"
7027628,"['팩 순대', '양배추', '당근', '양파', '대파', '깻잎', '들깨가루', '들기름', '식초', '식용유 넉넉히', '고추장', '고춧가루', '진간장', '다진마늘', '설탕', '맛술', '물']"
7027627,"['건미역', '소고기 국거리용', '참기름', '다진마늘', '물', '참치액', '국간장', '연두']"
7027626,"['통마늘', '식초', '소주', '1차 절임물', '설탕', '소금', '진간장', '소주']"
7027625,"['방울토마토', '베이컨', '계란', '쪽파', '양파', '올리브오일', '굴소스', '후춧가루', '설탕', '소금', '파슬리가루 (약간)']"
7027624,"['건미역', '양파', '물', '국간장', '참치액', '맛술', '소금 약간']"
7027623,"['냉면밀키트 ', '열무김치', '열무김치국물']"
7027622,"['애호박', '리챔', '부침가루', '물', '멸치액젓']"
7027621,"['모둠 야채', '죽순', '낙지', '냉동칵테일 새우', '완두콩', '그린빈', '병아리콩', '곤드레 볶음밥', '그레인보우', '다진마늘', '마늘허브 솔트', '후추', '바질가루', '산초가루', '올리브오일', '대두', '블랙올리브', '양송이버섯']"
7027620,"['마늘쫑', '죽순', '미니 스낵 당근', '양파', '어묵', '붉은 고추', '참기름', '참깨 약간', '물', '소금', '양조간장', '소금', '양조간장', '홍게간장', '설탕', '홍게간장']"
7027619,"['김', '올리브유', '설탕', '소금', '참기름', '깨소금']"
7027618,"['밥', '김밥용김', '식초', '검정깨', '소금', '게맛살', '마요네즈', '생와사비', '후추', '오이']"
7027617,"['팽이버섯', '소금', '부침가루', '계란', '청양고추', '소금', '오일']"
7027616,"['애호박', '두부', '치즈', '계란', '참기름', '참치액', '소금']"
7027615,"['대파', '양파', '당근', '청양고추', '마늘', '돼지고기 앞다리살', '후추 넉넉하게', '오징어 작은 것', '원당', '고추장', '고춧가루', '진간장', '생강술', '다진 마늘', '매실엑기스', '참기름', '통깨']"
7027614,"['소고기', '맛술', '마늘', '참기름', '후추 톡', '콩나물 크게', '파프리카 소량 (빨강 노랑)', '느타리버섯 조금', '당면', '부추 조금', '대파', '당근 조금', '들기름', '참기름', '진간장', '스테비아 살짝 (선택)', '후추 살짝', '통깨 살짝']"
7027613,"['상합 조개', '부추 약간', '물', '후추 톡']"
7027612,"['무', '실파', '양파', '찬밥', '새우젓', '멸치액젓', '마늘', '배즙', '다진생강', '고춧가루', '굵은소금', '물', '뉴슈가']"
7027611,"['밥', '김', '오이', '크래미', '청양초', '마요네즈', '후추', '소금', '참기름', '깨소금 약간']"
7027610,"['상추', '산딸기', '고소 마요네즈', '파인애플소스', '깨소금 약간']"
7027609,"['참외', '모둠 채소 약간', '방울토마토', '간장', '맛술', '참기름', '감식초', '깨소금 약간']"
7027608,"['갑오징어', '미나리', '쪽파 조금', '청양고추', '홍고추', '다진마늘', '고추가루', '고추장', '설탕', '식초', '소금', '참치액젓', '참기름']"
7027607,"['고기만두', '계란', '떡국떡', '대파', '물', '사골코인 육수', '후추 소량', '김가루 소량', '고춧가루', '참치액', '다진마늘', '소금 취향것']"
7027606,"['소불고기', '또띠아', '모짜렐라치즈 소량', '스위트콘 소량', '양파 소량', '곁들일 과일 조금', '마요네즈', '스리라차 소스']"
7027605,"['소고기', '무', '대파', '홍고추', '청양고추', '물', '사골코인 육수', '소금 후추 소량', '된장', '고추장', '다진마늘', '고춧가루']"
7027604,"['냉동 꽃게', '간장', '고춧가루', '설탕', '식초', '다진 마늘', '다진 생강', '대파 흰부분']"
7027603,"['양파', '애호박', '감자', '팽이버섯', '대파', '두부', '육수한알', '된장', '다진마늘', '고춧가루', '국간장', '설탕 조금']"
7027602,"['보리새우', '진간장', '황설탕', '조청', '맛술', '식용유', '간마늘', '참기름', '통깨 약간']"
7027601,"['양배추', '쌀뜨물', '대파 약간', '된장', '마늘', '국간장 약간']"
7027600,"['잡곡밥', '참치캔', '오이', '양파', '상추', '고추장', '식초', '설탕 약간', '깨소금 약간']"
7027599,"['부추', '애호박', '홍고추', '식용유 넉넉히', '부침가루', '찬 물', '튀김가루', '진간장', '식초', '설탕', '고춧가루 약간', '통깨 약간']"
7027598,"['당면', '당근', '양파', '파프리카', '표고버섯', '어묵', '게맛살', '시금치', '국간장', '참기름', '다진 마늘', '진간장', '설탕', '참기름', '다진 마늘', '통깨']"
7027597,"['랍스터', '참깨 라면', '쪽파 넉넉히', '참기름']"
7027596,"['소고기 국거리용', '무', '대파', '조선간장', '다진 마늘', '소금', '후추']"
7027595,"['진미채', '마요네즈', '고추장', '고춧가루', '간장', '다진 마늘', '올리고당', '물', '참기름', '통깨']"
7027594,"['느타리버섯', '당근', '양파', '브로콜리', '맛살', '올리브오일', '소금', '다진마늘', '굴소스', '참기름', '통깨']"
7027593,"['두부', '달걀', '소금', '소고기 다짐육', '대파', '양파', '다진 마늘', '부추', '깨 조금', '엑스트라버진 올리브오일 조금', '간장', '알룰로스', '요리술', '어간장', '생강 조금', '후추 조금']"
7027592,"['부추', '밀가루', '소금 약간만', '청양고추', '들기름']"
7027591,"['시금치', '베이컨', '올리브유', '다진 마늘', '소금', '후추 식성껏', '통깨 듬뿍']"
7027590,"['오이', '천일염', '통깨', '부추 넉넉히', '고춧가루', '양파', '청양고추', '다진마늘', '새우젓', '밀가루풀', '멸치액젓', '설탕']"
7027589,"['당면', '콩나물', '양파', '당근', '사각어묵', '식용유', '고추장', '식초', '설탕', '다진마늘', '진간장', '고춧가루', '참기름']"
7027588,"['밥', '김', '당근', '계란', '상추', '김밥햄', '단무지', '맛살', '다시마', '꽃소금', '참기름', '깨', '맛소금 약간']"
7027587,"['두부', '계란', '청양고추', '홍고추', '대파', '소금 약간', '물', '진간장', '국간장', '고춧가루', '다진 마늘', '요리당', '참기름 약간', '후춧가루 약간']"
7027586,"['밥', '김밥김', '후랑크소세지', '달걀', '상추', '빨강 미니 파프리카', '식용유 약간', '맛술', '소금', '소금 약간', '참기름', '깨소금']"
7027585,"['토마토 중간 크기', '얼음', '레몬즙', '알룰로스']"
7027584,"['빵', '계란', '토마토', '적양배추', '청상추', '양상추', '치즈', '슬라이스햄 ', '단호박', '크린베리', '마요네즈', '무가당 머스타드', '알룰로스 또는 꿀', '딸기쨈']"
7027583,"['두부', '양파', '대파', '올리브오일 적당히', '사천식 마파두부 양념', '깨 넉넉히', '밥']"
7027582,['생 참깨']
7027581,"['메밀면', '치즈돈가스 (또는 너겟)', '가쓰오부시장국', '무우', '오이 채썬것 조금', '베이비채소', '와사비 취향껏']"
7027580,"['미역', '오이', '깨 약간', '시판 냉면육수']"
7027579,"['닭고기', '감자', '당근', '무', '팽이버섯', '다시마', '대파', '청양 홍고추', '간장', '고추장', '고춧가루', '굴소스', '물', '후추 약간 ', '소금 약간 ']"
7027578,"['동물성 휘핑크림', '설탕', '에스프레소', '코코아파우더 적당량']"
7027577,"['닭 가슴살', '오이', '양파', '당근', '파프리카', '방울토마토', '굵은소금', '장아찌간장', '다진 마늘 약간', '연겨자', '참기름 약간', '후추 약간']"
7027576,"['병아리콩', '소금', '간장', '참치액', '설탕', '미림', '요리당', '간 마늘', '간 검정깨']"
7027575,"['달걀', '감자', '양파', '베이컨', '핫도그번', '모짜렐라 치즈', '우유', '버터', '마요네즈 적당량', '케찹 적당량', '머스터드 적당량']"
7027574,"['사각어묵', '대파', '양조간장', '고춧가루', '다진마늘', '설탕', '올리고당', '참기름', '참치액젓', '통깨', '양조간장', '고춧가루', '다진마늘', '설탕', '올리고당', '참기름', '참치액젓', '통깨']"
7027573,"['산딸기', '설탕', '레몬즙']"
7027572,"['냉동블루베리', '설탕']"
7027571,"['상추', '양파', '대파', '청양고추', '다진 마늘', '진간장', '멸치액젓', '매실액', '고춧가루', '참기름', '통깨']"
7027570,"['자른 건미역', '물', '사골분말', '미원', '까나리액젓', '다진 마늘', '후추 약간', '참기름', '떡국떡']"
7027569,"['고등어', '양파', '대파', '참기름', '채수', '무', '양파', '저염간장', '생강가루', '마늘', '맛술', '원당', '참기름', '레몬즙', '후추가루 약간']"
7027568,"['대패삼겹살', '대파 흰부분', '소금 약간', '후추 약간', '진간장', '콜라', '쌍화탕', '소주', '설탕', '후추']"
7027567,"['감자', '올리브오일', '트러플소금']"
7027566,"['무', '고춧가루', '파', '다진 마늘', '다진 생강', '멸치 액젓', '새우젓', '사이다', '매실액', '미원']"
7027565,"['오이', '굵은 소금 약간', '양조식초', '설탕', '고춧가루', '참기름', '다진 마늘']"
7027564,"['감자', '소금', '물엿', '식용유', '대파', '양파', '청양고추', '물', '진간장', '굴소스', '케첩', '다진 마늘', '물엿', '참기름', '통깨']"
7027563,"['라이스페이퍼', '김밥햄', '단무지', '맛살', '깻잎', '상추', '파프리카', '오이', '칠리소스']"
7027562,"['오이', '양파', '굵은소금', '설탕', '고춧가루', '설탕', '다진마늘', '멸치액젓', '매실액', '가는소금', '깨소금']"
7027561,"['단호박 큰것', '오리 구이', '체다 치즈', '맛술', '후추']"
7027560,"['우삼겹', '콩나물', '양파', '대파', '당근', '설탕', '고추가루', '고추장', '다진마늘', '진간장', '매실액', '맛술', '깨소금', '후추 조금', '참기름']"
7027559,"['죽순', '양파', '당근', '다진마늘', '청양고추', '참치액젓', '굴소스', '참기름']"
7027558,"['물파래', '무우', '굵은소금', '식초', '설탕', '굵은소금', '국간장', '설탕', '액젓', '식초', '다진마늘', '통깨']"
7027557,"['병어 중간크기', '감자', '청양고추', '물', '대파', '고추가루', '진간장', '맛술', '마늘', '스테비아', '매실청', '후추 톡', '들기름']"
7027556,"['배추', '고춧가루', '액젓', '설탕', '파', '간마늘', '소금']"
7027555,"['미역줄기', '양파', '청양고추', '장아찌간장']"
7027554,"['무', '고춧가루', '설탕', '파', '액젓', '굵은소금', '간마늘', '식초']"
7027553,"['두유', '순두부', '피넛버터', '소금', '오이', '방울토마토', '통깨 약간', '소면']"
7027552,"['둥근 어묵', '포도씨유', '튀김가루', '물']"
7027551,"['신선 복숭아', '식빵', '버터', '꿀 조금']"
7027550,"['차돌박이', '양파', '대파', '두부', '물', '굵은고춧가루', '고추장', '된장', '진간장', '다진마늘', '참기름']"
7027549,"['청경채', '건표고버섯', '홍고추 (생략 가능)', '굴 소스', '다진마늘', '올리브유', '통깨', '참기름', '물', '소금', '감자전분', '물', '식초']"
7027548,"['가지', '홍게맛간장', '고춧가루', '다진마늘', '다진파', '통깨', '참기름', '물', '소금']"
7027547,"['식빵', '계란', '우유', '소금', '딸기잼', '식용유 적당히']"
7027546,"['두부', '건표고버섯', '양파', '청양고추', '홍고추', '대파', '고춧가루', '홍게간장', '참치액', '다진마늘', '알룰로스', '표고 육수']"
7027545,"['순두부', '소고기 양지 샤브샤브용', '애호박', '갈색 팽이버섯', '계란', '청양고추', '식용유', '다진마늘', '국간장', '고춧가루', '설탕', '소금', '굴소스']"
7027544,"['사골곰탕', '순대', '돼지고기 (국밥용)', '다진마늘', '고춧가루', '들깨가루', '간장', '물 조금']"
7027543,"['오리 로스생고기', '양파', '간장', '올리고당', '매실액', '맛술', '다진마늘', '후추', '대파']"
7027542,"['한우채끝 등심', '홀그레인머스터드', '통후추', '올리브오일', '짜슐랭', '썬쪽파', '파김치']"
7027541,"['삼각김밥김', '잡곡밥', '계란', '명란젓', '소금', '스팸햄', '오일 약간', '양조간장', '참기름', '소금', '참기름', '참깨']"
7027540,"['매실', '설탕', '쌀올리고당', '대추', '꽃소금']"
7027539,"['가지', '홍고추', '청고추', '쪽파 조금 (혹은 대파)', '진간장', '참기름', '참치액', '식초', '설탕', '다진마늘']"
7027538,"['연한 생 열무', '오이', '당근 약간 (생략가능)', '낫또', '계란후라이', '참기름', '참깨 약간', '강된장']"
7027537,"['진미채', '마요네즈', '고추장', '간장', '설탕', '물엿', '고춧가루', '마늘', '검은깨']"
7027536,"['열무', '손질 멸치', '대파', '양파', '청양고추', '쌀뜨물', '된장', '고추가루', '설탕', '다진마늘', '오일']"
7027535,"['소불고기', '어린잎 채소', '양파', '방울토마토', '간장', '다진마늘', '다진파', '후춧가루 소량', '미림', '깨', '올리고당', '참기름', '간장', '갈은깨', '꿀', '레몬즙', '올리브오일']"
7027534,"['무채', '대파', '다진 마늘', '소금', '황설탕', '진간장', '고춧가루', '식초', '참기름', '통깨 솔솔솔']"
7027533,"['피망', '햄', '대파', '양파', '식용유', '다진마늘', '굴소스', '참기름', '볶은참깨']"
7027532,"['죽순', '표고버섯', '대파', '미림', '국간장', '다진마늘', '참치액젓', '들깨가루', '깨소금']"
7027531,"['애호박', '양파', '당근', '까나리액젓', '부침가루', '물', '식용유 적당히 (카놀라유)', '진간장', '물', '식초']"
7027530,"['순두부', '계란', '대파', '다진 마늘', '동전 육수', '참치액', '소금 약간', '후추 톡톡톡', '물']"
7027528,"['오징어 중간사이즈', '김치', '풋고추', '부침가루', '감자전분', '차가운 물', '식용유 넉넉히']"
7027527,['수박']
7027526,"['삼겹살', '양파', '애호박', '대파', '청양고추', '감자 작은거', '맛술', '설탕', '다진 마늘', '고춧가루', '다진 마늘', '고추장', '간장']"
7027525,"['찐 옥수수', '무염버터', '스테이크소스', '소금', '후추', '파마산치즈가루 약간', '양꼬치시즈닝 큐민가루 약간']"
7027524,"['피타브레드', '소고기불고기', '토마토', '로메인상추', '슬라이스치즈', '소금 약간', '후추 약간', '진간장', '황설탕', '맛술', '다진마늘', '후추 약간', '마요네즈', '홀그레인머스타드', '꿀']"
7027523,"['송화버섯', '계란', '소금', '식용유 약간', '들기름']"
7027522,"['돼지고기 목살', '김치', '대파', '밥', '식용유 약간', '설탕', '고추장', '참기름']"
7027521,"['계란', '모짜렐라 치즈', '다진 당근', '쪽파', '물', '건다시마', '소금 약간', '맛술']"
7027520,"['큰 가지', '애호박', '양파', '양송이', '큰 토마토', '통마늘', '닭 가슴살', '올리브 오일', '소금', '파슬리가루 ', '건오레가노', '건바질', '해물동전 육수', '물', '토마토 소스']"
7027519,"['부채살', '다진마늘', '간장', '맛술', '설탕', '올리고당', '참기름', '후추']"
7027518,"['두부', '양파', '대파', '청양고추', '멸치육수', '다진마늘', '새우젓', '참치액', '고춧가루', '후추', '들기름']"
7027517,"['애호박', '소금', '건새우', '튀김가루', '전분']"
7027516,"['멸치', '통깨', '올리고당', '청주', '식용유']"
7027515,"['돼지고기 갈비찜용', '대파', '양파', '청양고추', '물', '진간장', '참치액', '설탕', '다진 마늘', '고춧가루', '케첩', '식초', '소금', '후추']"
7027514,"['밥', '소고기', '두부', '팽이버섯', '청경채', '간장', '설탕', '식용유']"
7027513,"['가지', '소금', '생 콩가루', '들깨가루']"
7027512,"['큰 가지', '닭 가슴살', '현미잡곡밥', '작은 양파', '다진 대파', '풋고추', '다진 마늘', '양조간장', '전분가루', '물', '건조 오레가노 약간', '올리브오일']"
7027511,"['오이', '딜', '그릭요거트', '올리브유', '레몬즙', '다진마늘', '소금 약간']"
7027510,"['사골곰탕', '스팸', '소시지', '김치', '두부', '대파', '양파', '체더치즈', '고춧가루', '국간장', '고추장', '다진 마늘', '후춧가루 약간']"
7027509,"['두메 부추', '액젓', '들기름', '깨']"
7027508,"['밥', '열무김치 듬뿍', '계란 후라이', '고추장', '참기름', '깨 넉넉히']"
7027507,"['공기밥', '구운 감태 가루', '참기름', '소금 약간', '마요네즈', '참치캔', '조미김']"
7027506,"['푸실리', '로메인', '방울토마토', '간장', '알룰로스', '식초', '참기름', '올리브오일', '다진마늘', '후추 조금']"
7027505,"['오이', '소금', '참기름', '깨 조금']"
7027504,"['게맛살', '계란', '채소육수', '소금 약간', '참치액', '대파 넉넉히', '후춧가루 약간만', '팽이버섯']"
7027503,"['버터', '딜', '레몬즙']"
7027502,"['오이', '초고추장 소스', '고춧가루', '소금 약간만', '참기름', '양파', '통깨']"
7027501,"['백다다기 오이', '알배추', '굵은소금', '쪽파', '홍고추', '노랑 파프리카', '생수', '물', '소금', '물', '찹쌀가루', '양파', '사과', '홍고추', '마늘', '생강청', '설탕', '액젓', '새우젓', '소금', '물']"
7027500,"['가지', '대파 흰대 부분 조금', '다진 마늘', '다진 대파', '고춧가루', '진간장', '액젓', '매실청', '참기름', '깨소금', '통깨']"
7027499,"['묵은지', '대파', '다진마늘', '설탕', '매실액', '들기름', '멸치육수 코인', '통깨', '물']"
7027498,"['공기밥', '짜장가루', '당근', '양파', '김밥김', '계란']"
7027497,"['콩나물', '다시백', '물', '대파', '다진 마늘', '국간장', '고춧가루', '새우젓']"
7027496,"['두부', '배추', '라이스페이퍼', '계란', '파 조금', '소금', '후추 조금', '밀가루', '물', '참치쌈장 조금 (또는 쌈장)']"
7027495,['죽순']
7027494,"['카펠리니', '토마토', '양배추', '깻잎', '삶은 계란', '물', '소금', '범일 고추장', '식초', '올리고당', '고춧가루', '설탕', '소금', '사이다', '참기름', '고추냉이 약간']"
7027493,"['두부', '부침가루', '물', '고추장', '케첩', '간장', '설탕', '물', '깨']"
7027492,"['우유', '연유', '연유', '콩가루', '아몬드슬라이스 적당량', '인절미']"
7027490,"['물', '된장', '바지락', '두부', '애호박', '감자', '양파', '표고버섯', '청양고추', '다시다']"
7027489,"['청경채', '식초', '건표고버섯', '다진마늘', '굴소스', '식용유', '깨소금', '참기름', '후추 조금']"
7027488,"['신김치', '캔참치', '물', '양파', '대파', '들기름', '설탕', '다진마늘', '깨소금']"
7027487,"['잔멸치', '청양고추', '대파', '간마늘', '참기름', '김가루', '밥', '참기름', '진간장', '멸치액젓', '물', '미림', '물엿', '굴소스']"
7027486,"['갑오징어', '버터', '소금 약간', '후추 약간', '마요네즈', '쯔유', '다진마늘', '고춧가루']"
7027485,"['치아바타빵', '양송이', '느타리버섯', '양파', '모짜렐라치즈', '슬라이스체다치즈', '리코타치즈', '발사믹글레이즈', '올리브유']"
7027484,"['양배추', '게맛살', '파슬리', '마요네즈', '발사믹 식초', '소금']"
7027483,"['김밥', '달걀', '포도씨유']"
7027482,"['참치', '양파', '청양고추', '다진마늘', '참기름', '매콤한 쌈장', '불닭소스', '깨 넉넉히']"
7027481,"['바질 잎', '부추', '잣', '올리브오일', '다진마늘', '다진양파', '우유', '슬라이스치즈', '치킨스톡', '밥']"
7027480,"['두부', '간장', '고춧가루', '들기름', '청양고추', '파', '설탕 약간', '간마늘']"
7027479,"['가지', '국간장', '맛소금', '깨소금', '참기름', '참치액']"
7027478,"['꽃게', '고추장', '간장', '대파', '다진마늘']"
7027477,"['소고기 부채살', '깻잎', '팽이버섯', '파프리카', '쪽파', '부침가루', '계란', '식용유', '진간장', '맛술', '참기름', '진간장', '식초', '다진 마늘', '연겨자']"
7027476,"['동죽', '칵테일 생새우', '올리브오일', '마늘', '레드페퍼홀', '통후추', '마늘허브 솔트', '바질가루', '스파게티', '소금', '파슬리가루 솔솔']"
7027475,"['부추 크게', '오징어', '청량고추', '부침가루', '차가운물 ', '참치액', '식용유']"
7027474,"['오징어', '삼겹살', '통깨', '불린당면', '양파', '대파', '설탕', '후추 톡톡', '고추장', '고추가루', '다진마늘', '맛술', '진간장', '참기름']"
7027473,"['오이', '꽃소금', '설탕', '부추 크게', '통깨', '물 (오이 절임)', '고추가루', '멸치액젓', '매실액', '생강가루', '다진마늘']"
7027472,"['삶은 죽순', '들기름', '국간장', '들깨가루', '통깨', '멸치육수']"
7027471,"['마요네즈', '진간장', '청양고추']"
7027470,"['생물 오징어', '버터', '설탕', '진간장', '마요네즈', '청양고추']"
7027469,"['오이', '자색양파', '마늘', '그릭요거트 크게', '식초', '알롤로스', '후추', '소금']"
7027468,"['마늘쫑', '대파', '다진 마늘', '고추장', '고춧가루', '올리고당', '매실청', '진간장', '참기름', '통깨 약간', '물', '굵은소금']"
7027467,['쌀뜨물']
7027465,"['브로컬리', '무', '부추 조금', '굵은 소금', '고추가루', '멸치액젓', '마늘', '생강청', '매실청', '스테비아 조금', '찹쌀풀']"
7027464,"['건미역', '오이', '홍청양 고추', '다진 마늘', '국간장', '설탕', '소금', '물']"
7027463,"['고등어', '양파', '청양고추', '홍고추', '대파', '간장', '미림', '다진마늘', '고추가루', '설탕', '들기름']"
7027462,"['스윗 대추방울토마토', '계란', '대파', '쪽파', '올리브오일', '소금', '후추 톡톡톡', '통깨 솔솔솔', '식초']"
7027461,"['대패삼겹살', '스팸', '김치', '양파', '느타리버섯', '애호박', '대파', '슬라이스 치즈', '사골육수', '물', '라면', '고추장', '고춧가루', '다진 마늘', '카레가루', '파마산 치즈 가루', '국간장', '후추 톡톡톡']"
7027460,"['바질', '올리브유', '파마산치즈', '아몬드', '마늘', '소금', '후추']"
7027459,"['콩나물', '물', '소금', '다진마늘', '참치액', '소금', '참기름', '깨소금', '다진 대파', '통깨 약간']"
7027458,"['호두', '물', '물엿', '설탕', '시나몬 가루', '소금']"
7027457,"['밥', '새우', '숙주', '부추', '대파 흰 부분', '당근', '계란', '피쉬소스', '스리라차소스', '굴소스', '맛술', '황설탕']"
7027456,"['스팸 약', '슬라이스 치즈', '식빵', '딸기잼']"
7027455,"['코다리', '양파', '대파', '마늘', '간장', '매실', '생강가루 조금', '안매운 고추가루', '청양고추가루', '설탕', '올리고당', '맛술', '물', '후추 약간 ']"
7027453,"['연근 작은것', '식초', '통깨', '마늘', '마요네즈', '2배 식초', '스테비아', '소금']"
7027452,"['마늘쫑', '간장', '매실청', '설탕', '식초', '생수']"
7027451,"['건미역', '오이', '양파', '홍고추', '청양고추', '소금', '설탕', '식초', '다진 마늘', '통깨 약간', '생수']"
7027450,"['상추', '양송이버섯 ', '밀가루', '잔 새우', '맛술', '소금', '식용유', '들기름']"
7027449,"['등갈비', '버터', '대파', '양파', '청양고추', '후추', '물', '진간장', '설탕', '고추장', '다진 마늘', '고춧가루', '케첩', '식초', '고추장버터등갈비 양념 약간', '즉석밥', '치즈']"
7027448,"['곤약', '꽈리고추', '파프리카', '양파', '생수', '간장', '마늘', '매실즙', '올리고당', '굴소스']"
7027447,"['상추', '육수', '감자', '동전육수', '자투리채소', '마늘', '양파', '홍초', '청양초', '굵은소금', '멸치액젓']"
7027446,"['쌀국수', '동전육수', '샤프샤프용 쇠고기', '물', '밀키트소스', '숙주', '청양초', '홍초', '마늘', '후추', '소금', '방아잎 약간']"
7027445,"['호박', '계란', '청양초', '홍초', '부침가루', '식용유', '소금 약간']"
7027444,"['돼지고기다짐육', '짜장소스', '감자', '양파', '감자전분', '소금 약간']"
7027443,"['훈제오리', '양파', '홍고추', '마늘', '부추', '진간장', '맛술', '통깨 약간']"
7027442,"['김밥김', '오이', '올리브오일 참치', '당근', '파프리카', '키토 마요네즈', '치아씨드', '체다슬라이스치즈', '생들기름 조금']"
7027441,"['콩나물', '국간장', '다진마늘', '대파 넉넉히', '소금 약간']"
7027440,"['사골육수', '배추김치', '떡국떡 넉넉히', '라면사리', '양파', '쪽파 약간', '슬라이스치즈', '대파 약간', '부대찌개소스']"
7027439,"['도토리묵', '김치 넉넉히', '계란', '김가루 넉넉히', '통깨', '쪽파 약간', '소금 약간', '채소육수']"
7027438,"['황태채', '무', '두부', '콩나물', '대파', '달걀', '다진 마늘', '참기름', '식초', '국간장', '참치액', '굵은소금', '물']"
7027437,"['오이', '양파', '꽃소금', '고춧가루', '설탕', '참치액젓', '식초', '다진마늘', '참기름', '통깨']"
7027436,"['열무', '양파', '통마늘 넉넉히 (또는 다진마늘)', '홍고추', '사과', '대파', '찬밥', '물', '천일염', '매실액기스', '멸치액젓', '새우젓']"
7027435,"['두부', '양파', '대파', '청양고추', '홍고추', '진간장', '굴소스', '고춧가루', '다진 마늘', '설탕', '후추', '물']"
7027434,"['우렁', '두부', '청양고추', '애호박', '양파', '느타리버섯', '밀가루', '집된장', '고추장', '고춧가루', '참기름', '맛술', '물']"
7027433,"['알감자', '소금', '물', '식용유', '청양고추', '물', '간 마늘', '고춧가루', '진간장', '맛술', '올리고당', '참기름', '통깨']"
7027432,"['우동면', '토마토', '참기름', '샐러드믹스', '통깨', '땅콩버터', '레몬즙', '간장', '스리라차소스']"
7027431,"['밥', '김밥김', '분홍 소시지', '단무지', '시금치무침 ', '맛소금', '통깨', '참기름']"
7027430,"['상추', '치커리 조금', '양조간장', '굴소스', '매실청', '참기름', '다진마늘', '고추씨기름']"
7027429,"['생강', '설탕']"
7027426,"['시판 된장', '다진마늘', '양파', '애호박', '감자', '청양고추', '표고버섯', '두부', '소고기다시다', '고춧가루']"
7027425,"['오뎅', '청양고추', '양파', '대파', '식용유', '고춧가루', '맛술', '진간장', '굴소스', '깨', '다진마늘']"
7027424,"['묵은지', '해믈 육수', '된장', '다진마늘', '들기름', '설탕', '식용유']"
7027423,"['물만두', '대파', '참기름', '진간장', '식초', '올리고당', '물', '굵은 고춧가루']"
7027422,"['오이', '소금', '간장', '설탕', '식초']"
7027421,"['다다기오이', '미역', '식초', '소금', '참치액', '설탕', '간 마늘', '들기름']"
7027420,"['등갈비 약', '익은 김치', '양파', '대파', '진간장', '설탕', '후추', '참치액', '다진마늘', '물엿', '고춧가루', '참기름']"
7027418,"['쭈꾸미', '양념장 넉넉히', '떡', '양파', '대파', '청양고추', '식용유 넉넉히', '모듬새싹 넉넉히', '깨 넉넉히']"
7027417,['양배추']
7027416,"['얼그레이', '우유', '얼음']"
7027415,"['팽이버섯', '청양고추', '깻잎', '크래미', '계란', '소금', '부침가루']"
7027414,"['진미채', '미림', '식용유', '고춧가루', '진간장', '고추장', '올리고당', '설탕', '물', '마요네즈', '깨']"
7027413,"['오이', '양파', '꽃소금', '멸치액젓', '고춧가루', '식초', '매실청', '참기름', '깨', '다진마늘']"
7027412,"['버섯', '양파', '마늘', '소금', '참치액', '참기름', '깨']"
7027411,"['전복', '계란', '아보카도', '새우', '우삼겹', '크래미', '양파', '오이', '다시마', '와사비', '마요네즈', '꿀', '후추']"
7027410,"['중간 크기 감자', '부추', '식용유', '간장', '고춧가루']"
7027409,"['찌개용 돼지고기', '양파', '생강', '마늘', '대파', '까나리액젓', '소주', '고추장', '고춧가루', '소금', '미원']"
7027408,"['마늘쫑', '고추장', '물', '소금']"
7027407,"['가지', '노랑 파프리카', '빨강 파프리카', '어린잎채소', '깻잎', '진간장', '식초', '참기름', '맛술', '생강가루', '두반장', '설탕', '통깨 약간']"
7027406,"['남은 순살치킨 약간', '밥', '잘게 썬 김치', '불닭 소스', '피자 치즈', '파슬리 가루 약간']"
7027405,"['쪽파', '만능김치양념', '찹쌀가루', '해물육수', '조개멸치 육수', '물', '고춧가루', '고춧씨', '다진마늘', '다진생강', '썬파', '멸치액젓', '갈치액젓', '육젓', '민물새우', '매실액', '물엿']"
7027404,"['양배추', '밥', '맛소금', '참기름', '맛소금', '식초', '설탕', '계란', '맛소금', '어묵', '설탕', '미림', '진간장', '물', '단무지', '맛살', '햄']"
7027403,"['무우', '소금', '물', '고추가루', '멸치액젓', '간마늘', '생강가루', '설탕', '미원', '새우젓', '요구르트']"
7027402,"['돼지고기', '밥', '당근', '양파', '대파', '간마늘', '김치', '고추장', '된장', '굴소스', '설탕', '고추가루', '참기름', '미림', '소고기 다시다', '후추가루']"
7027401,"['국수', '애호박', '양파', '청양고추', '홍고추 조금', '대파', '다진마늘', '참치액젓', '국간장', '소금 기호껏']"
7027400,"['대패삼겹살', '마늘', '양파', '간장', '설탕', '굴소스', '올리고당']"
7027399,"['계란', '순두부', '다진대파', '멸치육수팩', '생수', '소금 약간', '후추 약간', '맛술', '참치액', '국간장 기호껏 (모자란 간)']"
7027398,"['닭날개', '간장', '굴소스', '다진마늘', '튀김가루', '전분가루', '카레가루']"
7027397,"['파스타면', '깻잎', '대패삼겹살 (고명으로 활용 생략가능)', '참치액젓', '들기름드레싱 (들기름 비네그레트 사용)']"
7027396,"['두부', '대파', '양파', '고추장', '된장', '고춧가루', '간장', '굴소스', '설탕', '맛술', '다진마늘']"
7027395,"['멍게', '상추', '무순', '오이', '당근', '새싹야채', '김', '초장', '참기름']"
7027394,"['쫄면', '오이', '당근', '깻잎', '파프리카', '유부', '고추장', '설탕', '식초', '다진마늘', '간장', '고춧가루', '참기름']"
7027393,"['오이', '고추장', '진간장', '설탕', '고춧가루', '참기름', '다진마늘', '깨 약간']"
7027392,"['감자', '당근', '양파', '피클', '마요네즈', '허니머스터드', '꿀', '파마산치즈가루']"
7027391,"['유동 번데기통조림', '대파', '고추', '다진마늘']"
7027390,"['양파', '당근', '감자', '브로콜리', '고형카레']"
7027389,"['열라면', '얼음', '오이', '당근', '간장', '설탕', '식초']"
7027388,['애호박']
7027387,"['두부', '호박', '청량고추', '계란', '부추 아주조금', '물', '새우젓', '고추가루', '매운 고추가루', '청양고추', '마늘', '들기름', '후추 톡톡']"
7027386,"['배추', '수미 감자', '두부', '홍고추', '쌀뜨물', '고추장', '된장', '다진마늘', '국간장', '설탕', '소금 조금']"
7027385,"['느릅나무', '칡뿌리', '물']"
7027384,"['숙주', '맛살', '파', '찬밥', '채소 (자투리채소 냉장고 속 당근 브로콜리 양배추 등등)', '간장', '케찹', '올리브유 약간 (볶음용)', '참기름 약간 (또는 들기름)', '소금 약간', '후추 약간']"
7027383,"['열무', '단배추', '배', '당근', '홍고추', '밀가루', '양파', '배', '무', '마늘', '매실청', '굵은소금', '꽃게액젓', '생수']"
7027382,"['생닭', '죽순', '무', '대파', '삶은고사리', '청양고추', '대파', '편생강 조금', '청양고추', '소주', '월계수잎', '고추가루', '다진마늘', '후추가루 조금', '국간장', '소금 조금', '설탕']"
7027381,"['양배추', '양파', '참치', '밥', '맛술', '참치액젓', '알룰로스', '참기름', '통깨', '쪽파 약간 (or 부추)']"
7027380,"['소면', '깻잎', '단무지', '들기름', '진간장', '올리고당', '달걀']"
7027379,"['소고기 부채살', '건미역', '생강술', '후추가루 조금', '국간장', '소금 조금', '다시다 조금']"
7027378,"['깻잎', '백미 밥', '후리가케', '맛소금', '참기름', '참깨', '쌈장', '마요네즈', '물']"
7027377,"['백오이', '부추', '소금', '고추가루', '다진마늘', '새우젓', '멸치액젓', '설탕', '통깨 조금']"
7027376,"['김장김치 작은', '건보리새우', '건멸치', '홍고추', '된장', '생강술']"
7027375,"['카라멜소스', '에스프레소', '얼음 적당량', '우유']"
7027374,"['초당옥수수', '불린쌀', '명란', '소금']"
7027373,"['애호박', '새송이버섯', '홍고추', '식용유', '새우젓', '멸치액젓', '다진마늘']"
7027372,"['고사리', '쪽파', '다진 마늘', '들기름', '깨소금', '소금', '통깨 (약간)']"
7027371,"['등갈비', '사과', '양파', '월계수잎', '청양고추', '설탕', '고춧가루', '다진마늘', '고추장', '양조간장']"
7027369,"['열무 손질 후', '얼갈이 손질 후', '쪽파', '천일염', '밀가루', '물', '고춧가루', '매실청', '다진 마늘', '고운 소금', '물', '홍고추', '양파', '건고추', '물', '홍고추', '양파', '배 얼린것', '새우젓', '무청', '생강청', '멸치액젓']"
7027368,"['밥', '단촛물', '김밥김', '오이', '참기름', '식초', '설탕', '소금', '시판 쌈장', '청양고추', '깨소금', '참기름']"
7027367,"['가시오이', '양파', '부추', '고춧가루', '고추장', '비정제 설탕', '식초', '홍게 맛간장', '통깨', '고운 소금']"
7027366,"['베이글', '크림치즈', '베이컨', '대파 흰 부분 다진 것', '후추', '꿀']"
7027365,"['콩나물', '대파 썬 것', '고춧가루', '참치 액', '고운 소금', '다진 마늘', '통깨', '참기름']"
7027364,"['오이', '월남 고추', '물엿', '간수 뺀 소금', '식초', '소주', '베이킹소다']"
7027363,"['취나물 데친 것', '대파 썬 것', '굵은소금', '된장', '매실청', '다진 마늘', '참치액', '참기름', '통깨 간 것']"
7027362,"['당근', '홀그레인머스터드', '올리브오일', '꿀', '레몬즙', '백후추 조금', '꽃소금', '베이글', '계란', '양상추 조금', '햄', '체다치즈', '당근라페', '홀그레인머스터드']"
7027361,"['신라면', '라면스프', '진간장', '식초', '설탕', '참기름']"
7027360,"['콩나물', '황태', '무', '코인 육수', '대파 썬 것', '청양고추', '홍고추', '국간장', '참치 액', '다진 마늘', '꽃소금', '참기름', '후추 조금', '물']"
7027359,"['통마늘', '물', '식초']"
7027358,"['부추', '소금', '국간장', '맛소금', '다진마늘', '참기름', '통깨']"
7027357,"['낙지', '애호박', '양파', '맛술', '고추가루', '간장', '설탕', '참기름', '소금', '다진마늘']"
7027356,"['스파게티면', '베이컨', '슬라이스 치즈', '케찹', '굴소스', '다진마늘', '생크림']"
7027355,"['얼갈이배추', '굵은소금', '물', '김치만능 양념', '찹쌀가루', '해물육수', '조개멸치 육수', '물', '고춧가루', '고춧씨', '다진마늘', '다진생강', '썬파', '멸치액젓', '갈치액젓', '육젓', '민물새우', '매실액', '물엿']"
7027354,"['시판용 유부초밥', '밥', '단무지', '깻잎', '계란', '참기름', '소금']"
7027353,"['바게트', '잠봉', '버터']"
7027352,"['아보카도', '페퍼드살라미', '체다치즈', '스위스치즈', '치아바타', '발사믹글레이즈']"
7027351,"['바지락', '무', '들깨', '맵쌀', '다진마늘', '국간장', '참치액젓', '소금 (마지막 간)']"
7027350,"['호떡 믹스', '단팥', '누텔라', '식용유', '따듯한 물']"
7027349,"['식빵', '체다치즈', '다진 마늘', '버터', '올리브 오일', '소금', '연유 적당량', '생크림 적당량', '파슬리 소량']"
7027348,"['멸치다시마 육수', '황태채', '계란', '대파', '들기름', '다진마늘', '참치액', '까나리액젓', '소금']"
7027347,"['봉지라면', '완숙토마토', '청경채', '대파', '달걀', '식용유', '다진 마늘', '고춧가루', '굴소스', '케첩', '식초']"
7027346,"['묵은지', '캔참치', '다진마늘', '설탕', '들기름']"
7027345,"['멸치', '다시마', '사골육수', '어묵', '다진마늘', '대파', '맛소금', '국간장']"
7027344,"['북어채', '두반장', '참치액젓', '다진마늘', '고춧가루', '마늘가루', '굴소스', '간장', '물', '통깨 약간']"
7027343,"['코다리', '무우', '대파', '양파', '간장', '비정제 설탕', '고추가루 높게', '미림', '다진마늘']"
7027342,"['블루베리', '설탕', '탄산수']"
7027341,"['부지깽이나물', '대파흰부분 조금', '데칠때 소금', '된장 크게', '다진마늘', '통깨', '참기름']"
7027340,"['가래떡', '닭가슴살', '통마늘', '다진 땅콩', '다진 마늘', '양조간장', '설탕', '물엿', '굴소스', '마요네즈', '참기름', '소금 약간', '후추 약간', '감자전분', '물', '식용유']"
7027339,"['모닝빵', '양파', '스위트콘', '설탕', '후추', '피자치즈', '마요네즈', '파슬리가루']"
7027338,"['돼지고기', '물', '소금', '애로루트가루', '다진 마늘', '알룰로스', '파프리카가루 조금']"
7027337,"['콩나물', '배추김치 썰은것', '다시마', '굵은 멸치', '물', '멸치 액젓', '고추가루', '후추 톡']"
7027336,"['오징어', '무', '물', '국간장', '가루 육수', '참치액', '고춧가루', '대파', '다진 마늘']"
7027335,"['무', '물', '코인육수', '어묵', '대파', '양파', '진간장', '마늘', '소금 약간', '진간장', '고춧가루', '참기름', '대파']"
7027334,"['양배추', '소금', '올리브유', '레몬', '홀그레인 머스터드', '꿀', '통후추 약간']"
7027333,"['가지', '밥', '유부', '애호박', '다진 마늘', '식용유', '범일 진간장', '참기름', '통깨', '스리라차소스 ']"
7027332,"['양배추 작은 것', '돼지고기', '생강', '미소된장', '청주', '들기름 약간 (또는 참기름)', '후추 약간']"
7027331,"['오이', '청양고추', '소금', '맛소금', '설탕', '식초', '다진마늘', '통깨', '냉수', '얼음 약간']"
7027330,"['설탕', '알룰로스', '아몬드슬라이스', '무염버터', '계란흰자', '설탕', '꿀', '바닐라오일 약간', '박력분', '아몬드가루']"
7027329,"['마른 미역', '오징어 중간 크기', '양파', '오이', '파프리카', '토마토 작은 것', '애플사이더 비네거', '화이트 발사믹 식초', '아미노 간장', '소금', '몽크프룻', '참깨 약간']"
7027328,"['오이', '참외', '소금', '부추', '밀가루', '물', '사과', '빨간 파프리카', '양파', '마늘', '생강가루', '파프리카가루', '까나리액젓', '소금', '통깨']"
7027327,"['열무', '밥', '계란', '아미노간장', '국간장', '고추가루', '다진마늘', '애플사이더 비네거', '들기름']"
7027326,"['라이스페이퍼', '오이', '당근', '상추', '닭가슴살']"
7027325,"['밥', '초당 옥수수알', '가리비 관자', '아스파라거스', '마늘', '아미노 간장', '올리브오일', '소금', '후추', '화이트와인', '버터 (선택)']"
7027324,"['계란', '부추', '새우젓국물', '맛술', '물']"
7027323,"['곤약면', '상추', '깻잎', '콩나물 데치기전', '당근 약간', '삶은 계란', '고추장', '고춧가루', '진간장', '식초', '알룰로스', '참기름', '다진마늘', '김가루 약간', '통깨 약간']"
7027322,"['박력분', '버터', '계란', '소금', '물', '생크림', '설탕']"
7027321,"['수박 넉넉히', '생강 조금', '소금', '제로 밀키스']"
7027320,"['오징어 볶음 밀키트', '양파', '청양고추', '미나리', '라면사리', '깨 넉넉히']"
7027319,"['등심 잡채용', '당면', '시금치', '양파', '당근', '통깨', '참기름', '후추', '소금', '식용유', '진간장', '참기름', '맛술', '다진 마늘', '후추 톡톡', '진간장', '설탕', '올리고당']"
7027318,"['감자', '가지', '소금']"
7027317,"['골뱅이', '소면', '계란', '파프리카 각', '오이', '양파', '베이비채소 조금', '새싹채소 조금', '설탕', '간 마늘', '진간장', '식초', '골뱅이 국물', '참기름', '통깨', '검은깨 조금']"
7027316,"['오이', '부추', '굵은소금', '만능김치양념', '찹쌀가루', '해물육수', '조개멸치 육수', '물', '고춧가루', '고춧씨', '다진마늘', '다진생강', '썬파', '멸치액젓', '갈치액젓', '육젓', '민물새우', '매실액', '물엿']"
7027315,"['브로콜리', '다진파', '다진마늘', '갈은깨', '고운소금', '국간장', '참기름']"
7027314,"['병아리콩', '소금', '우유', '후추', '파슬리가루']"
7027313,"['건두부', '애호박', '당근', '파 조금 (고명)', '유부', '들기름', '국간장', '소금 조금', '국물용 멸치', '다시마', '표고버섯', '물']"
7027312,"['소 안심', '양송이', '파프리카', '적양파', '당근', '브로콜리', '아스파라거스']"
7027311,"['단호박', '양파', '두유', '소금', '올리브오일']"
7027310,"['오이', '설탕', '통깨', '참기름', '진간장', '물', '올리브오일', '다진마늘']"
7027309,"['마른미역', '오이', '식초', '설탕', '소금', '레몬', '청양고추', '물']"
7027308,"['소면', '김치', '오이', '어린잎 채소', '통깨 약간', '참기름', '고추장', '고춧가루', '간장', '식초', '설탕', '매실액', '맛술', '들기름']"
7027307,"['식빵', '달걀', '우유', '설탕', '소금', '식용유', '버터']"
7027306,"['떡볶이 떡', '어묵', '소시지', '베이컨', '양파', '대파', '중국당면', '버터', '다진마늘', '파르메산치즈 간 것', '청양고추', '토마토소스', '고추장', '고운 고춧가루', '카레가루', '우유', '생크림', '진간장', '올리고당']"
7027305,"['블루베리', '바나나', '우유', '얼음 조금', '꿀 조금', '꿀 조금']"
7027304,"['바지락', '파스타면', '통마늘', '페페론치노', '샐러리', '올리브오일', '맛술', '소금 적당량', '후추 적당량', '면수']"
7027303,"['우동면', '명란', '감자', '청양고추', '생크림', '설탕', '소금', '후춧가루 적당량', '김가루 적당량']"
7027302,"['미나리', '표고버섯', '보리새우', '홍고추 적당량', '튀김가루', '옥수수전분', '물', '식용유 적당량']"
7027301,"['닭고기 커틀릿', '중력분', '굵은소금 적당량', '올리브유', '무염버터', '후추 적당량', '무염 버터', '다진 타임', '양송이버섯', '다진 파슬리', '드라이 화이트와인', '저염 닭 육수']"
7027300,"['닭가슴살', '청경채', '마늘', '다진 생강', '작은 고추', '저염 간장', '현미식초', '황설탕', '물', '옥수수 전분', '옥수수 전분']"
7027299,"['시금치', '올리브오일', '에멘탈치즈', '견과류', '생마늘', '소금']"
7027298,"['소시지', '쪽파', '방울토마토', '중력분', '우유', '무염버터', '굵은소금', '올리브오일']"
7027297,"['올리브유', '소시지 큰 것', '양파', '레드 감자', '페일에일', '물', '굵은소금 적당히', '레드와인 비니거', '이탈리안 파슬리', '후추 적당히']"
7027296,"['돼지고기 다짐육', '양파', '부추 넉넉히', '찹쌀가루', '후춧가루 넉넉히', '대추', '잣', '진간장', '설탕 약간만', '후춧가루 약간만', '소금 약간만', '생강가루', '다진마늘 약간만']"
7027295,"['쪽파', '자숙 바지락', '소금', '고추장', '고춧가루', '진간장', '요리당', '매실청', '식초', '다진 마늘', '참기름', '통깨']"
7027294,"['돼지고기 앞다리살', '대파', '양파', '청양고추', '된장', '소주', '다진마늘', '통후추']"
7027293,['들깨']
7027292,"['오이', '양파', '방울토마토', '양배추 적당히', '펜네 파스타면', '간장', '요거트', '다진마늘', '레몬즙', '올리브유', '알룰로스', '참기름', '후추 살짝', '바질가루 살짝']"
7027291,['호두']
7027290,"['모닝빵', '인스턴트커피', '물', '버터', '여분의 버터 조금', '설탕', '달걀', '박력분']"
7027289,"['김치', '돼지고기 앞다리살', '코인육수', '생수', '설탕', '국간장', '청양고추']"
7027288,"['돼지갈비', '돼지고기 앞다리살', '돼지갈비 양념', '생수', '감자', '청양고추']"
7027287,"['쌀', '닭가슴살', '콩나물', '팽이버섯', '물']"
7027286,"['오이', '맛소금', '설탕', '식초', '진간장', '다진마늘', '깨']"
7027285,"['고구마', '물']"
7027284,"['파래', '무', '설탕', '소금', '다진 마늘', '간장', '식초', '설탕', '소금', '고춧가루']"
7027283,"['라이스페이퍼', '부추', '양파', '깻잎', '당근', '파프리카', '새싹채소', '미니호박', '아보카도', '소면', '게맛살', '계란지단', '과일 (사과 귤)', '칠리소스']"
7027282,"['데친 우렁살', '맛술', '양배추', '오이', '양파', '상추', '소면', '고추장', '고춧가루', '진간장', '설탕', '2배 식초', '물엿', '마늘', '깨', '참기름', '매실액', '후추 약간']"
7027281,"['설탕', '알룰로스', '아몬드슬라이스', '무염버터', '설탕', '노른자', '박력분', '아몬드가루', '코팅용 설탕 적당량']"
7027280,"['부추', '참치액젓', '고춧가루', '참기름', '통깨']"
7027279,"['파스타면', '양파', '새우', '명란젓', '소금 약간', '식용유', '다진마늘', '후추 약간']"
7027278,"['떡국떡', '어묵꼬치', '대파 약간', '고추장', '물엿', '설탕', '다진마늘', '우유', '물']"
7027277,"['자두', '설탕 (자일로스)']"
7027275,"['수제비', '상추', '양파', '당근', '오이', '고추장', '고춧가루', '다진마늘', '대파', '식초', '설탕', '참기름', '참깨']"
7027274,"['오이', '부추 약간', '액젓', '매실액', '생강청', '고춧가루', '깨']"
7027273,"['감자', '두부', '대파', '집된장', '고추장', '다진마늘', '코인육수']"
7027272,"['삶은계란', '미니 새송이버섯', '간장', '매실액', '생강청']"
7027271,"['부추', '양파', '튀김가루', '부침가루', '탄산수', '참치액', '식용유 \\u2060']"
7027270,"['양배추', '밥', '캔참치', '계란', '대파', '진간장', '굴소스', '참기름', '식초', '식용유 넉넉히']"
7027269,"['스팸', '당근', '양파', '대파', '밥', '굴소스', '진간장', '깨소금', '검정깨', '참기름', '식용유 넉넉히']"
7027268,"['쪽파', '오징어', '새우', '홍합', '계란', '식용유 (넉넉히)', '부침가루', '튀김가루', '물', '진간장', '식초', '설탕', '통깨']"
7027267,"['오이', '양파', '진간장', '고춧가루', '설탕', '생수', '다시다']"
7027266,"['닭', '찹쌀', '황기', '우슬', '오가피 껍질', '토복령', '두충', '맥문동', '인삼', '대추야자']"
7027265,"['꼬막', '간장', '고춧가루', '설탕', '참기름', '통깨 약간', '파']"
7027264,"['소고기', '무', '들기름', '소금', '간마늘', '국간장', '후추 약간', '대파', '물']"
7027263,"['골드키위', '부라타치즈 작은 사이즈', '체리', '올리브오일', '꿀', '파슬리가루 적당히']"
7027262,"['박력분', '버터', '생크림', '설탕', '소금', '베이킹파우더']"
7027261,"['마늘쫑', '돼지고기 다짐육', '진간장', '맛술', '알룰로스', '후추 약간', '통깨 약간']"
7027260,"['마늘쫑', '고춧가루', '고추장', '진간장', '참기름', '다진 마늘', '올리고당', '통깨 약간']"
7027259,"['오이', '쪽파', '다진마늘', '설탕', '간장', '식초', '고추가루', '통깨', '참기름']"
7027258,"['순두부', '스팸', '대파', '청양고추', '애호박', '양파', '계란', '다진마늘', '설탕', '고춧가루', '간장', '굴소스', '후추 톡톡']"
7027257,"['찹쌀가루', '해물육수', '조개멸치 육수', '물', '고춧가루', '고춧씨', '다진마늘', '다진생강', '썬파', '멸치액젓', '갈치액젓', '육젓', '민물새우', '매실액', '물엿']"
7027256,"['영양부추', '양파', '당근채', '새우가루', '부침가루', '튀김가루', '물', '참치액젓', '식용유 적당량']"
7027255,"['알배기배추', '부추 적당히', '고춧가루', '설탕', '다진마늘', '멸치액젓', '간장', '새우젓갈', '통깨 적당히']"
7027254,"['두부', '당근', '애호박', '계란', '참기름', '참치액', '소금']"
7027253,"['마카로니', '감자', '오이', '마요네즈', '무가당그릭요거트 ', '홀그레인머스타드', '소금', '후추']"
7027252,"['열무', '얼갈이', '양파', '실파', '홍고추', '다진마늘', '새우젓', '찬밥', '멸치다시마육수', '멸치액젓', '소금', '매실청', '고춧가루', '굵은소금', '물']"
7027251,"['알감자', '버터', '물엿', '소금']"
7027250,"['보리쌀', '멥쌀', '계란', '열무김치', '통깨 간 것', '참기름', '강된장']"
7027249,"['계란', '명란', '당근', '깻잎', '맛술', '쪽파', '와사비마요네즈', '알룰로스', '맛술']"
7027248,"['오이', '식초', '설탕', '다진 마늘', '꽃소금', '통깨 간 것']"
7027247,"['마늘쫑', '황태', '진간장', '참치액', '맛술', '다진마늘', '조청', '통깨', '참기름', '물']"
7027246,['고구마']
7027245,"['숙주나물', '쪽파', '당근', '다진 마늘', '국간장', '참치 액', '참기름', '통깨 갈아서', '소금 약간 ', '소금']"
7027244,"['오이', '부추', '쪽파', '다진마늘', '다진생강', '새우젓', '고추가루', '설탕', '깨소금', '찹쌀풀', '소금간']"
7027243,"['진미채', '버터', '간장', '설탕', '마요네즈']"
7027242,"['시금치', '어간장', '다진 마늘', '다진 파', '매실액', '소금', '깨소금', '참기름', '굵은소금']"
7027241,"['감자 중간사이즈', '양파', '스팸 작은캔', '풋고추', '식용유', '소금', '후춧가루 톡톡', '설탕', '참치액']"
7027240,"['오이', '부추', '양파', '진간장', '현미식초', '고춧가루', '고추장', '통깨 약간']"
7027239,"['오렌지', '베이킹소다', '얼음 취향껏']"
7027238,"['닭가슴살 ', '버터', '고구마', '오이', '방울토마토', '파프리카 (빨강 노랑)', '양상추', '하루 견과류', '소금', '후춧가루 조금', '간 마늘', '설탕', '진간장', '식초', '올리브유', '참기름', '통깨', '후춧가루 조금', '파슬리가루 조금']"
7027237,"['냉동 새우살', '양파 작은것', '당근 조금', '노랑 파프리카', '빨강 파프리카', '미니새송이버섯', '쪽파', '데친 브로콜리', '계란', '단단한 두부', '부침가루', '소금', '후추가루 조금', '해바라기유']"
7027236,"['그릭 요거트', '골드키위 ', '딸기', '청포도', '블루베리', '견과류', '알룰로스']"
7027235,"['가문어', '마늘', '페퍼론치노 취향껏 (또는 청양고추)', '간장', '설탕', '매실액', '맛술', '굴소스', '참기름', '후추', '물']"
7027234,"['쫄쫄면', '매운 소스', '골뱅이', '오이', '깨 넉넉히']"
7027233,['수박']
7027232,"['소고기', '두부', '무', '양파', '감자', '애호박', '대파', '청양고추', '홍고추', '멸치육수', '된장', '고춧가루', '다진마늘', '멸치액젓 기호껏']"
7027231,"['브로콜리', '소금', '밀가루', '소금', '크래미', '식용유', '굴 소스', '후추 약간', '통깨', '참기름']"
7027230,"['닭 날개', '물', '월계수', '통후추', '감자전분', '식용유', '참기름', '다진 마늘', '대파', '설탕', '간장', '고추장', '청주', '매실청', '꿀', '후추', '물', '청양고추', '통깨 약간']"
7027229,"['핫케이크가루', '우유', '얇은 햄', '올리브유', '옥수수콘', '소금', '계란']"
7027228,"['청상추', '적상추', '양파', '오이', '토마토', '진간장', '매실청', '식초', '올리고당', '참기름', '마늘', '통깨', '연겨자']"
7027227,"['닭', '삼계탕용국물팩', '알 마늘', '편생강', '대파', '홍고추', '대파 조금 (또는 쪽파)', '후추가루 조금', '치킨스톡', '생강술', '소금']"
7027226,"['시금치', '사각어묵', '식용유', '다진마늘', '두반장', '굴소스', '설탕', '매운고춧가루', '진간장', '참기름']"
7027225,"['삶은 죽순', '양파', '당근 약간', '소금', '고춧가루', '초고추장', '참기름', '통깨']"
7027224,"['통 적 양배추', '노란 파프리카', '빨간 파프리카', '청 상추', '삶은 계란', '양파', '피클', '마요네즈', '식초', '씨겨자', '꿀', '소금', '후추 약간']"
7027223,"['불린 생 캐슈넛', '물', '레몬즙', '메이플시럽 (선택)']"
7027222,"['계란', '아보카도', '양상추 (또는 로메인)', '모짜렐라치즈', '토마토 작은 것', '당근', '사과', '양파', '홀그레인 머스터드']"
7027221,"['취나물', '조선간장', '참치액', '다진마늘', '소금', '참기름', '깨']"
7027220,"['풋고추', '부추', '양파', '밀가루풀', '소금', '범일콩 된장', '다진 마늘', '다진 생강', '매실액', '생수']"
7027219,"['케일', '생연어', '아보카도', '사과', '적양배추', '양파', '토마토 작은 것', '홀그레인 머스터드']"
7027218,"['계란', '식용유', '레몬즙', '소금']"
7027217,"['녹인 무염버터', '설탕', '소금 약간', '노른자', '바닐라오일 약간', '박력분', '말차파우더', '베이킹파우더', '베이킹소다', '화이트초콜릿', '마카다미아']"
7027216,"['시금치', '김', '까나리액젓', '깨', '들기름', '들깨가루']"
7027215,"['청경채', '파프리카', '청양고추', '대파', '물', '고추기름', '간장', '식초', '참기름', '참깨', '미림', '설탕', '굴소스']"
7027214,"['또띠아', '치즈', '카레가루', '남은 치킨 약간']"
7027213,"['얼갈이배추', '된장', '고추장', '들깨가루', '다진마늘', '코인육수']"
7027212,"['가래떡', '어묵', '대파', '후추', '멸치육수팩', '물', '비엔나', '삶은계란 (추가 토핑은 맛에 영향이 가지 않을 만큼만 준비해주세요)', '다진마늘', '고추장', '고춧가루', '쇠고기다시다', '올리고당', '설탕', '미원']"
7027211,"['골뱅이 통조림', '오이', '양파', '참기름', '통깨', '고추장', '고추가루', '설탕', '식초', '마늘']"
7027210,"['애호박', '소고기다짐육', '소금', '진간장', '맛술', '다진마늘', '후추 조금', '대파', '계란', '부침가루']"
7027209,"['블루베리 잼', '얼음 적당량', '탄산수', '레몬즙', '블루베리 적당량 (생략가능)']"
7027208,"['두부', '식용유 적당량', '마늘', '대파', '진간장', '두반장', '설탕', '물']"
7027207,"['냉동딸기', '우유', '플레인요거트', '꿀']"
7027206,"['또띠아', '토마토 슬라이스', '양상추', '치즈', '치킨텐더', '핫소스 적당량', '케첩 적당량', '식용유 적당량 (생략가능)']"
7027205,"['계란', '물', '치킨스톡', '옥수수콘', '파 적당량', '참기름 적당량', '후추 적당량', '소금 적당량 (싱거울시)', '물', '전분']"
7027204,"['페퍼민트티', '에스프레소', '얼음 적당량']"
7027203,"['시금치나물', '숙주나물', '김밥용햄', '맛살', '우엉조림', '단무지', '깻잎', '당근', '밥', '김밥용김', '소금', '참기름', '식용유', '통깨']"
7027202,"['암 연근', '마요네즈', '양조간장', '설탕', '들깨가루', '쪽파']"
7027201,"['계란', '양파 조금', '당근 조금', '애호박 조금', '참치액', '식용유 약간']"
7027200,"['부추', '고춧가루', '설탕', '통깨', '액젓', '양파']"
7027199,"['쌀', '물', '삼치', '대파', '참기름', '국간장', '멸치액젓', '된장', '참기름', '맛술']"
7027198,"['농어 머리와가마살 (1마리 기준)', '표고버섯', '당근', '무', '꽈리고추', '통마늘', '물', '미림', '청주', '설탕', '간장']"
7027197,"['중멸치', '꽈리고추', '마늘', '설탕', '간장', '미림', '조청', '생강가루 조금', '통깨', '후추', '참기름']"
7027196,"['삼치', '대파', '꽈리고추', '물', '미림', '청주', '설탕', '미소된장']"
7027195,"['쌀뜨물', '두부', '김치꽁다리 (잘게 썬 익은)', '김칫국물', '부추 (썰어놓은)', '청양고추', '홍고추', '애호박', '양파', '팽이버섯', '새송이 버섯', '대파', '청국장', '된장', '새우가루', '고춧가루', '국간장']"
7027194,"['양배추', '쌈채소', '고추장 (볶은거)']"
7027193,"['오이', '소금', '간장', '설탕', '마늘', '통깨']"
7027192,"['순두부', '자숙 바지락', '우삼겹', '계란', '대파', '청양고추', '홍고추', '표고버섯', '감자 작은 것', '다진 마늘', '물', '굵은 고춧가루', '고운 고춧가루', '참치 액젓', '국간장', '된장', '고추기름', '참기름']"
7027191,"['오이', '부추', '당근', '양파', '새우젓', '액젓', '양파', '설탕', '고춧가루', '다진 마늘', '다진 생강']"
7027190,"['김치', '버섯(생략가능)', '애호박(생략가능)', '감자(생략가능)', '두부', '들기름', '멸치육수', '다진마늘', '고춧가루', '청국장', '멸치액젓']"
7027189,"['바게트빵', '식빵', '딸기잼', '핫도그렐리쉬소스', '딸기잼', '핫도그렐리쉬소스']"
7027188,"['꽃게', '새우', '가리비', '동죽', '무', '민물새우', '된장', '다진마늘', '해물육수', '팽이버섯', '쑥갓', '숙주', '고춧가루', '대파', '청양고추', '물']"
7027187,"['양파', '소금', '설탕', '식초']"
7027186,"['오이', '양파', '고추장', '물엿', '식초', '마늘', '대파 약간 (다진 것)', '까나리액젓']"
7027185,"['영양부추', '양파 채', '다진 마늘', '참치액', '된장', '선인장 허니 파우더', '참기름', '통깨 약간']"
7027184,"['어묵', '양파', '당근', '대파', '다진 마늘', '진간장', '올리고당', '고춧가루', '올리브오일', '참기름', '통깨 솔솔솔']"
7027183,"['마늘쫑', '식용유', '고운소금 소량', '깨']"
7027182,"['숙주', '크래미', '대파', '다진 마늘', '참치액', '참기름', '통깨 솔솔솔', '물', '굵은소금']"
7027181,"['마늘', '표고버섯', '식용유', '고추장', '고춧가루', '올리고당', '간장', '참기름', '볶은 참깨']"
7027180,"['죽순', '표고버섯', '홍 파프리카', '피망', '양파', '다진마늘', '참치액젓', '굴소스', '참기름']"
7027179,"['오리훈제', '삶은 취나물', '숙주나물', '쌀뜨물', '들깨가루', '동전육수', '멸치액젓', '소금', '후추', '마늘 약간']"
7027178,"['대패삼겹살', '숙주', '토마토', '호박', '부추', '간장', '맛술', '참기름', '감식초', '깨소금 약간']"
7027177,"['쌀', '다시마', '소주', '밥', '김', '참기름', '깨소금', '나물', '밑반찬', '크래미', '상추']"
7027176,"['닭다리살', '파프리카', '식용유', '소금', '후춧가루 약간', '진간장', '맛술', '설탕', '올리고당', '물']"
7027175,"['김밥김', '밥', '오이', '아보카도', '현미식초 약간', '참기름 약간', '통깨 약간', '미소 된장', '물', '꿀', '참깨드레싱']"
7027174,"['아메리카노 커피 스틱', '연유', '우유', '얼음 적당량']"
7027173,"['메밀국수면', '생 김가루 적당량', '깨소금 듬뿍', '다진 쪽파 기호껏', '진간장', '맛술', '설탕', '다시마 우린 물', '가쓰오부시', '마지막에 들기름']"
7027172,"['고구마 작은 거', '기름', '올리고당 (물엿 가능)', '깨']"
7027171,"['한우 이유식용', '물']"
7027170,"['치킨', '대파', '올리브오일 넉넉히', '불닭소스', '돈까스소스', '데리야끼소스', '양념치킨 소스']"
7027169,"['크로와상생지', '생크림', '딸기', '데코스노우 약간']"
7027168,"['국수호박', '오이', '단무지 적당히', '방울토마토', '삶은달걀', '냉면육수', '깨 넉넉히']"
7027167,"['오트밀', '물']"
7027166,"['오이', '빨간 파프리카', '소금', '다진마늘', '설탕', '사과3배식초', '으깬 통깨', '통깨 적당히']"
7027165,"['다진돼지고기', '마늘쫑', '대파', '다진마늘', '굴소스', '맛술', '진간장']"
7027164,"['오이', '고추장', '고춧가루', '참기름', '통깨', '대파 약간만', '설탕 약간만', '소금']"
7027163,"['콩나물', '대파 조금', '홍고추', '맛소금', '참치액']"
7027162,"['씀바귀', '소금', '고추장', '고운 고춧가루', '간마늘', '매실액', '사과식초', '올리고당', '쪽파 조금']"
7027161,"['오이', '강황밥', '김', '식초', '설탕', '소금', '들기름 조금', '된장', '마요네즈', '스테비아 조금', '참기름']"
7027160,"['밥', '닭가슴살', '사과', '양배추잎', '식용유', '간장', '설탕', '올리고당']"
7027159,"['냉동만두', '대파', '달걀', '물', '치킨스톡', '국간장', '맛소금']"
7027158,"['오이', '대파', '다진 마늘', '소금', '올리고당', '참기름', '올리브오일', '통깨 솔솔솔', '소금']"
7027157,"['돼지 앞다리살', '통마늘', '양파', '대파 흰부분', '커피가루', '통후추', '된장 크게']"
7027156,"['쌀', '완두콩', '물']"
7027155,"['바나나', '우유', '꿀', '에스프레소', '얼음 적당량']"
7027154,"['레몬', '뜨거운 물', '스테비아']"
7027153,"['당근', '대파', '계란', '맛소금', '미림', '물', '식용유 적당량']"
7027152,"['두부', '브로콜리', '소금', '후추 적당량', '참기름', '통깨', '물 (두부 브로콜리 삶을 때)', '소금 (두부 브로콜리 삶을 때)']"
7027151,"['닭 안심', '마늘', '소금 적당량', '후추 적당량', '올리브오일 적당량 (식용유로 대체가능)', '오향가루', '파프리카파우더', '간장', '통깨 적당량']"
7027150,"['강력분', '설탕', '소금', '버터', '계란', '우유', '이스트', '통깨 적당량']"
7027149,"['민물장어', '고추장', '고춧가루', '술', '매실액', '생강청', '간장']"
7027148,"['된장', '두부', '표고버섯 넉넉히', '양파', '청양고추', '대파 넉넉히', '고춧가루', '감자', '쌀뜨물']"
7027147,"['냉동 닭가슴살', '브로콜리', '마늘', '양파', '레몬', '슬라이스 치즈', '모차렐라치즈', '소금 적당량', '후추 적당량', '올리브오일 적당량', '마요네즈', '파프리카파우더 적당량 (생략가능)']"
7027146,"['떡갈비', '공기밥', '대파 넉넉히', '들기름', '소금 약간', '후춧가루 약간만', '계란']"
7027145,"['부추 크게', '홍고추', '밀가루', '고추장', '된장', '물', '식용유', '들기름']"
7027144,"['밥', '삼겹살', '대파 적당량 (또는 쪽파 고명용)', '마늘', '양파', '물 (양파 담길 정도의 물)', '설탕', '후추 적당량', '물', '미림', '설탕', '물엿', '생강가루', '간장', '굴소스', '고춧가루', '통깨 적당량 (기호에 따라)']"
7027143,"['돼지등갈비', '양파', '생강', '마늘', '파인애플 슬라이스', '청양고추', '다시육수 (물 가능)', '고춧가루', '진간장', '설탕', '미림', '소주', '소금', '후추 (선택)']"
7027142,"['두부', '브로콜리', '어린잎채소 크게', '방울토마토', '하우스 감귤', '간장', '올리고당', '매실액', '식초', '생강청', '후추 (입자있게)']"
7027141,"['계란', '구운감태', '소금 약간만']"
7027140,"['스팸 큰 사이즈', '양파', '풋고추', '올리브오일', '대파', '다진마늘', '맛술', '참치액', '올리고당', '참기름', '통깨']"
7027139,"['열무', '얼갈이', '당근', '물', '천일염', '무', '양파', '물', '요구르트', '찬밥', '홍고추', '물', '물', '물', '물', '멸치액젓', '천일염', '갈아만든 배즙', '매실청', '마늘', '생강즙']"
7027138,"['우유식빵', '토마토', '로메인', '루꼴라', '에멘탈 치즈', '베이컨', '버터 약간', '조림볶음 맛간장', '메이플 시럽', '꿀', '마요네즈 약간', '홀그레인 머스터드 약간', '소금', '후추']"
7027137,"['얼음 적당량', '물', '에스프레소']"
7027136,"['호박', '감자', '대파', '청양고추', '콩나물', '물', '칼국수면', '고추장', '된장', '국간장', '멸치액젓', '소고기다시다', '다진마늘']"
7027135,"['오이지', '홍고추', '삶은계란', '통깨', '설탕', '국수소면']"
7027134,"['배추 중간거', '굵은 소금', '물', '고추가루', '멸치액젓', '다진마늘', '생강가루', '새우젓', '설탕', '물엿', '미원 약']"
7027133,['계란']
7027132,"['오이', '김밥김', '단촛물', '쌈장']"
7027131,"['가지', '대파', '굵은소금', '진간장', '맛술', '설탕', '물엿', '고춧가루', '참기름']"
7027130,"['감자', '대파', '청양고추', '식용유', '진간장', '굴 소스', '다진 마늘', '참기름', '후추 약간', '통깨']"
7027129,"['두릅', '파스타면', '월계수잎', '굵은소금', '페퍼론치노', '슬라이스 올리브', '마늘 슬라이스', '냉동새우', '양파', '참치액', '올리브오일', '후추']"
7027128,"['삼겹살', '후추', '배추김치', '김치국물', '설탕', '고추가루', '치킨스톡 조금']"
7027127,"['오이지', '다진마늘', '다진파', '통깨', '들기름', '오이지', '파', '마늘', '청양고추 조금', '홍고추 조금', '고추가루', '매실청', '통깨', '참기름']"
7027126,"['깻잎', '물', '간장', '설탕', '식초']"
7027125,"['갈치', '소금 (약간)', '식용유 (약간)']"
7027124,"['오징어', '고추장', '고춧가루', '간장', '설탕', '통깨', '간마늘', '양파', '양배추', '당근', '대파', '청고추']"
7027122,"['당근', '소금', '통밀빵', '크림치즈 (듬뿍)', '홀그레인머스터드소스', '레몬즙', '올리브유', '후춧가루', '올리고당']"
7027121,"['양배추', '참기름', '소금', '후추 약간']"
7027120,"['한우 등심', '만가닥버섯', '마늘쫑', '깻잎', '방울토마토', '오일이나 버터', '소금', '소금', '후추 약간', '참기름', '소금', '후추 약간']"
7027119,"['어묵', '대파', '청양고추', '고춧가루', '설탕', '고추장', '진간장', '굴 소스', '물', '후추']"
7027118,"['소면', '닭가슴살', '오이', '파프리카', '물', '분말 육수', '맛술', '간장', '식초', '연겨자']"
7027116,"['오이', '크래미', '알롤루스', '소금', '다진마늘', '진간장', '맛술', '식초', '통깨']"
7027115,"['후르츠칵테일', '청양고추', '대파', '밥', '다진마늘', '소금', '후춧가루']"
7027114,"['부추', '부침가루', '적양파', '풋고추', '간장', '간 마늘', '설탕']"
7027113,"['닭다리살', '닭근위', '우유', '소주', '허브솔트', '후추', '통마늘', '양배추', '대파', '양념장', '고추장', '된장', '고춧가루', '맛간장', '멸치액젓', '다진마늘', '다진생강', '썬파', '소주', '매실액', '설탕', '후추', '천연조미료 가루']"
7027112,"['소고기 안심', '꽈리고추', '계란', '파뿌리', '통후추', '팔각', '정향', '월계수 잎', '물', '진간장', '맛술', '설탕']"
7027111,"['사각어묵', '쪽파', '진간장', '참치액', '다진 마늘', '고춧가루', '깨 갈은것', '알룰로스', '맛술']"
7027110,"['오이', '쪽파', '소금', '고춧가루', '다진 마늘', '멸치 액젓', '매실청', '비정제설탕', '통깨']"
7027109,"['양배추', '베이컨', '팽이버섯', '양파', '대파', '쪽파', '밥', '올리브유', '굴소스', '참치액', '다진마늘', '맛술', '알룰로스', '레드페퍼 조금']"
7027108,"['단무지', '쪽파', '다진 마늘', '고춧가루', '깨 간것', '참기름']"
7027107,"['갈치', '죽순', '양파', '청양고추', '홍고추', '대파', '간장', '미림', '해물육수', '참치액젓', '다진마늘', '고추가루', '설탕', '참기름']"
7027106,"['꿀', '고추장', '파마산치즈', '버터', '바게트', '해산물 (냉동)']"
7027105,"['돼지고기 찌개용', '감자', '애호박', '표고버섯', '홍고추', '청양고추', '멸치 다시마육수', '맛술', '소금 약간', '후추 약간', '다진마늘', '참기름', '고추장', '고춧가루', '다진마늘', '된장', '참치액', '국간장']"
7027104,"['양배추', '식초', '양배추', '밥', '소금 약간', '깨 간 것', '참기름']"
7027103,"['식빵', '우유', '계란', '버터', '소금', '시나몬가루 조금', '슈가파우더 조금', '딸기']"
7027102,"['참치캔', '양파', '쪽파 조금 (또는 대파)', '청양고추', '홍고추', '물', '된장', '고추장', '고춧가루', '참기름']"
7027101,"['시판용 누룽지', '물']"
7027100,"['배추', '부침가루', '전분가루', '물', '청양고추', '대파', '맛소금']"
7027099,"['양파', '생수', '간장', '액젓', '매실즙', '맛술', '식초', '월계수잎']"
7027098,"['계란', '양파', '감태', '쪽파 넉넉히', '소금 약간만']"
7027097,"['스위트콘', '양파', '당근 약간', '파프리카 (색깔별로 준비 생략가능)', '마요네즈', '머스터드 소스', '꿀', '레몬즙', '소금', '설탕 약간 (선택)', '후추 톡톡', '파슬리가루 약간']"
7027096,"['현미식빵', '달걀', '로메인', '슬라이스치즈', '방울토마토']"
7027095,"['버터롤', '파슬리 약간', '삶은계란', '마요네즈', '홀그레인머스타드', '설탕', '후추 약간']"
7027094,['생메밀면']
7027093,"['송고버섯', '쌀', '물 (쌀과 동량)']"
7027092,"['파스타면 (100원크기)', '베이컨', '체다치즈', '우유', '양송이', '소금', '후추 적당히', '다진마늘', '버터', '양파']"
7027091,"['백오이', '당근', '양파', '부추', '소금', '물', '참치액젓', '까나리액젓', '새우젓', '고춧가루', '다진마늘', '다진생강', '설탕']"
7027090,"['오징어 중간거', '삼겹살', '대파', '양파', '참기름', '중간입자 고추가루', '고운고추가루', '설탕', '진간장', '멸치액젓', '매실엑기스', '물엿', '굴소스', '고추장', '간마늘', '후추가루']"
7027089,"['알배추', '꽃소금', '똥뗀 멸치 중지정도 길이', '슬라이스 건표고', '3~4cm 다시마', '물', '양파', '새우젓', '감칠맛 육수', '김치용 고춧가루', '설탕', '생강가루', '간마늘', '멸치액젓', '물엿']"
7027088,"['병아리콩', '소금', '타히니소스', '강황가루', '생강가루', '간 마늘', '레몬즙', '올리브유', '딜']"
7027087,"['감자', '튀김가루', '물', '식용유', '파슬리가루 조금 (선택)']"
7027086,"['바나나', '우유', '달걀', '설탕', '핫케익 가루', '견과류가루 (또는 호두 아몬드 땅콩 등 집에 있는 것)']"
7027085,"['쪽파', '새우장', '오징어다이스', '부침가루', '물 (농도에맞게)', '계란']"
7027084,"['쑥', '통밀가루', '애호박', '감자', '청양고추', '대파', '계란지단 조금', '다시마 조금', '다진마늘', '참치액젓', '국간장', '소금 취향껏']"
7027083,"['다진 대파', '진간장', '고운 고춧가루', '김가루 적당량', '깨', '다진 마늘', '설탕', '신 김치', '스팸', '즉석밥']"
7027082,"['소세지 큰 거', '두부', '대파', '신 김치', '핀토 빈', '라면 사리', '물', '고추장', '고춧가루', '간장', 'Laoganma Spicy Chili Crisp 소스', '후추 약간']"
7027081,"['김치', '두부', '멸치육수', '참기름', '참치캔 큰거', '다진마늘', '설탕', '다시다', '미원']"
7027080,"['찹쌀', '대추 우려낸 물', '흑설탕', '진간장', '참기름', '계피', '견과류 취향껏']"
7027079,"['감자', '계란', '양파', '당근', '크래미', '캔옥수수', '마요네즈', '머스타드', '레몬즙', '후추']"
7027078,"['상추', '양상추', '파프리카', '오이', '당근', '방울토마토', '올리브오일', '발사믹 식초', '스테비아', '바질가루 조금', '들깨']"
7027077,"['소고기 국거리', '감자', '대파', '다진 마늘', '참기름', '물', '참치액젓', '소금 약간', '후춧가루 약간']"
7027076,"['흑대추 방울토마토', '양파', '올리브 오일', '레몬즙', '발사믹 식초', '메이플시럽', '소금', '화이트 발사믹 식초', '파슬리 가루 넉넉히', '스피아민트 여러장']"
7027075,"['버터', '계란', '마요네즈', '머스타드', '우유', '간장', '설탕', '후추', '딸기잼']"
7027074,"['비엔나 소세지', '양파', '당근', '청양고추', '케찹', '굴소스', '간장', '설탕']"
7027073,"['양배추', '사과', '올리브오일', '발사믹식초', '땅콩', '머스타드', '소금', '후추', '꿀']"
7027072,"['레몬', '베이킹파우더', '식초', '소금']"
7027071,"['삼겹살', '양파', '대파', '청양고추', '깨 조금', '진간장', '설탕', '다진마늘', '고추장', '고춧가루', '굴소스', '맛술', '식용유 적당히']"
7027070,"['오이지오이', '소금', '설탕', '식초', '소주']"
7027069,"['참외', '파프리카 다진것', '토마토 다진것', '샐러드야채', '올리브', '파스타면', '월계수잎', '굵은소금', '참치액', '후추', '올리브유', '레몬즙', '발사믹소스', '꿀']"
7027068,"['깻잎', '양파', '당근 소량', '청량고추', '다진대파', '다진마늘', '고춧가루', '간장', '액젓', '들기름', '깨', '올리고당']"
7027067,"['시판 돈까스', '오일 약간']"
7027066,"['밥', '소고기', '오이', '소금', '식초', '설탕', '간장', '매실액', '생강청', '참기름']"
7027065,"['건미역', '소고기', '코인육수', '액젓']"
7027064,"['얼음 적당량', '우유', '바닐라시럽', '에스프레소']"
7027063,"['오이', '올리브오일', '홀그레인머스타드', '레몬즙', '꿀', '후추 약간', '식빵', '크림치즈', '소금']"
7027062,"['황태채', '무', '두부', '콩나물', '대파', '달걀', '다진 마늘', '참기름', '식초', '국간장', '참치액', '굵은소금', '물']"
7027061,"['크래미', '달걀', '대파', '맛술', '매운간장', '참치액젓', '식용유', '통깨 약간']"
7027060,['생아몬드']
7027059,"['사각어묵', '떡국떡', '비엔나소시지', '대파', '굴소스', '식용유', '통깨 약간']"
7027058,"['콩나물', '어묵', '대파', '통깨 약간', '고춧가루', '고추장', '굴소스', '간장', '설탕', '카레가루', '물']"
7027057,"['사각어묵', '대파', '후추', '물', '통깨 약간', '고춧가루', '고추장', '굴소스', '간장', '설탕', '물 반컵', '만두 적당히', '김말이 적당히']"
7027056,"['라면', '고추참치', '물', '통깨 약간', '깻잎 약간']"
7027055,"['양지수육', '나주식맑은곰탕', '대파', '숙주', '다진마늘', '고춧가루', '국간장', '후추']"
7027054,"['밥', '소고기', '양송이버섯', '양파', '피망', '화이트와인', '후춧가루 약간', '소금 약간', '밀가루', '버터', '토마토케첩', '레몬즙', '생크림', '소금 약간', '후춧가루 약간', '물']"
7027053,"['찹쌀밥', '엿질금', '설탕']"
7027052,"['함흥냉면', '냉면육수', '냉면무']"
7027051,"['양파', '대파', '대패삼겹살', '설탕', '올리고당', '진간장', '고추장', '다진 마늘', '후춧가루', '매운맛 라면스프']"
7027050,"['가지', '꽈리고추', '돼지 앞다리살', '식용유', '고추가루', '설탕', '진간장', '미림', '굴소스', '새우젓', '다진마늘', '참기름', '후추가루']"
7027049,"['돼지고기 안심', '계란', '꽈리고추', '물', '대파', '양파 중간거', '건표고', '진간장', '미림', '설탕', '맹물', '통마늘']"
7027048,"['앞다리살 불고기감', '마늘', '식용유', '참기름', '맛소금', '미림', '후추가루', '멸치액젓', '설탕', '생강가루', '진간장', '물', '물엿', '식초', '굴소스']"
7027047,"['영양부추', '오이', '소금', '식초', '고춧가루', '고추장', '간장', '참치액', '요리당', '통깨']"
7027046,"['소안심', '파스타면', '우유', '밀가루', '아스파라거스', '샬롯', '양송이', '양파', '마늘', '버터', '소금', '후추', '그라나파다노치즈 ']"
7027045,"['미나리', '밀가루', '부침가루', '물', '삼겹살', '양파', '청양고추', '홍고추', '소금']"
7027044,"['올리브오일', '진간장', '꿀', '다진마늘']"
7027043,"['순두부', '바지락조개', '다진돼지고기', '양파', '대파', '홍고추', '청양고추', '멸치다시마육수', '참기름', '식용유', '고춧가루', '다진마늘', '국간장', '참치액', '맛술', '소금 약간', '후추 약간']"
7027042,"['쌀', '물']"
7027041,"['계란', '체다치즈', '애호박', '당근', '고운소금', '오일 약간']"
7027040,"['브로콜리', '식초', '베이킹소다', '소금']"
7027039,['수박 (필요한 만큼)']
7027038,"['마늘쫑', '식초', '소금', '고춧가루', '간마늘', '설탕', '고춧가루', '고추장', '진간장', '올리고당', '참기름', '통깨']"
7027037,"['당근', '식용유', '소금 약간', '맛살', '씨겨자', '피클', '마요네즈', '꿀', '후추 약간', '상추', '식빵', '삶은계란']"
7027036,"['부추', '부침가루', '소금 약간', '들기름 넉넉히']"
7027035,"['알배기배추', '된장', '쌀뜨물', '다진마늘', '대파 넉넉히', '표고', '소금 약간', '들기름']"
7027034,"['마늘쫑', '북어채', '맛술', '진간장', '매실청', '맛술', '올리고당', '참기름', '통깨']"
7027033,"['대패삼겹살', '양파', '양배추', '대파', '식용유', '다진마늘', '청양고추', '육수', '간장', '액젓', '고춧가루', '굴소스']"
7027032,"['파인애플', '계란', '식용유', '표고버섯', '소금']"
7027031,"['깻잎', '쪽파', '양파', '까나리액젓', '고춧가루', '다진마늘', '매실액', '생강청', '다시마육수']"
7027030,"['아욱', '굵은소금', '쌈장', '참기름', '깨']"
7027029,"['백오이', '애플사이더비니거', '매실액', '생강청', '홀그레인머스타드', '다진마늘']"
7027028,"['라면사리', '마요네즈', '설탕']"
7027027,"['매실장아찌', '밥', '조미김 (또는 김가루)', '소금', '참기름', '깨']"
7027026,"['돼지갈비', '배추김치', '굴소스', '밥', '참기름', '김밥용김', '깨']"
7027025,"['두부', '대파', '식용유', '참기름', '고춧가루', '다진마늘', '설탕', '간장', '참치액젓', '물']"
7027024,"['가지', '버터', '통깨 약간', '대파', '간장', '고춧가루', '설탕', '식초', '참기름']"
7027023,"['시금치', '된장', '멸치', '물', '참치액젓', '대파', '물', '소금']"
7027022,"['콩나물', '대파', '고춧가루', '소금', '참기름', '깨', '다진마늘']"
7027021,"['떡볶이떡', '소세지', '기름', '케찹', '간장', '설탕', '식초', '올리고당']"
7027020,"['양배추', '계란', '베이컨', '치즈', '식용유 약간 ( or 버터)', '소금', '후추 약간', '케찹 약간', '마요네즈 약간']"
7027019,"['국거리소고기', '무', '콩나물', '코인육수', '조선간장', '참치액', '다진마늘', '고춧가루', '참기름', '다시다', '맛소금 약간']"
7027018,"['떡볶이', '소세지', '식용유', '간장', '굴소스', '설탕', '올리고당', '물']"
7027017,"['애호박', '당근', '튀김가루', '물', '식용유 넉넉히']"
7027016,"['배추김치', '소세지', '굴소스', '오일', '참기름', '밥', '깨']"
7027015,"['크래미', '팽이버섯', '양파', '달걀', '부침가루']"
7027014,"['오징어', '파', '얼갈이', '양파', '굴소스', '간장', '설탕', '맛술']"
7027013,"['오이', '크래미', '레몬', '올리고당']"
7027012,"['취나물', '멸치액젓', '참기름', '두부']"
7027011,"['식빵', '버터', '로메인', '계란', '마늘', '엔초비', '레몬주스', '퓨어 올리브오일', '파르메산레지아노 치즈', '소금 ', '백후추 ']"
7027010,"['카레', '양파', '고구마', '감자', '토마토']"
7027009,"['삼겹살', '오징어', '양파', '대파', '고춧가루', '고추장', '다진마늘', '진간장', '매실액', '맛술', '깨소금', '설탕']"
7027008,"['부추', '참치', '달걀', '밥', '된장', '식초', '다진마늘', '청양고추', '들기름', '매실청']"
7027007,"['게맛살', '계란', '팽이버섯', '대파', '가는소금', '후추 조금']"
7027006,"['고추참치', '밥', '참기름', '달걀', '피자치즈', '슬라이스치즈', '진간장', '물']"
7027005,"['멸치육수', '어묵', '무우', '국간장', '연두', '대파', '후추 넉넉히']"
7027004,"['양파', '고추가루', '홍게액젓', '찹쌀풀', '새우젓', '마늘', '부추', '매실즙', '설탕', '통깨 적당히']"
7027003,"['김밥김', '맛살', '단무지', '깻잎', '식용유 넉넉히', '밥', '가는소금', '깨소금', '참기름', '계란', '가는소금', '후추 조금', '당근', '가는소금', '후추 조금', '참치', '마요네즈', '후추 조금']"
7027002,"['고추', '간장', '설탕', '식초', '물', '소주']"
7027001,"['풋마늘', '청양고추', '물', '양조간장', '설탕', '식초', '매실청', '소주']"
7027000,"['가지', '대파', '양파', '식용유 약간', '참기름', '통깨 약간', '진간장', '맛술', '올리고당', '다진마늘', '굴소스 (생략)']"
7026999,"['김치', '계란', '샌드위치용 빵', '슬라이스 체다치즈', '부라타치즈', '후추 약간']"
7026998,"['마', '야쿠르트']"
7026997,"['사골육수', '김치', '참기름', '메이플시럽', '참치액', '두부', '대파']"
7026996,"['오이지', '물엿', '다진파', '다진마늘', '고추가루', '통깨', '참기름']"
7026995,"['신김치', '홍합살', '부침가루', '튀김가루', '물', '식용유', '청량고추', '김치']"
7026994,"['마늘쫑', '물', '양조간장', '설탕', '매실청', '청양고추', '마른표고버섯', '마늘', '생강', '피클링스파이스', '식초', '레몬즙', '소주']"
7026993,"['돼지고기목살', '새송이버섯', '양파', '애호박', '청양고추', '참기름', '고추장', '고춧가루', '다진마늘', '간장', '액젓', '올리고당']"
7026992,"['김치', '고추참치', '밥', '계란', '김', '소금', '참기름', '참치액']"
7026991,"['스팸', '꽈리고추', '통깨 살짝', '설탕', '고추가루', '진간장', '미림', '참기름', '물엿', '굴소스', '간마늘', '물', '후추가루']"
7026990,"['계란', '두부', '당근', '대파', '전분가루', '맛소금', '후추가루', '혼다시', '물', '굴소스', '진간장', '참기름', '멸치액젓']"
7026989,"['대파', '콩나물', '대패삼겹살', '물', '고추가루', '설탕', '미림', '멸치액젓', '된장', '고추장', '후추가루', '진간장', '마늘가루']"
7026988,"['홍고추', '풋고추', '칵테일 생새우', '허브솔트', '통후추', '계란', '부침가루']"
7026987,"['고추참치', '고향 만두', '스팸', '계란', '물', '청양고추', '고추가루', '설탕', '다진마늘', '고추장', '굴소스', '후추가루']"
7026986,"['김밥용 김', '밥', '게맛살', '오이', '무순', '날치알', '마요네즈', '생 와사비', '식초', '소금', '맛술']"
7026985,"['무', '소금', '식초', '설탕', '참치액', '고운 고춧가루', '마늘즙', '생강즙']"
7026984,"['삼겹살', '양파', '청양고추', '홍고추', '대파', '다진마늘', '고추장', '고추가루', '간장', '참치액젓', '설탕', '후추가루']"
7026983,"['깐마늘', '식용유', '간장', '미림', '올리고당', '참기름', '깨']"
7026982,"['방울토마토', '오이', '소금', '딜', '그릭요거트', '레몬즙', '엑스트라버진 올리브오일', '후추 약간']"
7026979,"['버미셀리', '방울토마토', '오이', '당근', '잎채소', '양파', '칵테일새우', '맛살', '고수', '올리브유 약간 (새우 볶을때)', '다진 땅콩', '피쉬소스', '레몬즙', '설탕', '다진 고추', '스리라차', '참기름', '소금 약간', '후추 약간', '레몬 약간']"
7026978,"['밥', '단무지', '참치', '마요네즈', '들기름', '소금', '김가루']"
7026977,"['비엔나소세지', '파인애플링', '주황색 미니파프리카', '올리브유', '간장', '굴소스', '식초', '올리고당', '후추 약간', '깨소금 약간']"
7026976,"['찬밥', '계란', '양파', '대파', '미니 파프리카', '애호박', '당근', '식용유 약간', '간장', '굴소스', '후추 약간', '깨소금 약간', '참기름', '소금']"
7026975,"['새우살', '크래미 취향대로 (또는 게살)', '생강', '대파', '불린찹쌀', '감자전분', '치킨스톡', '간장', '물', '소금', '식용유', '맛술', '청주', '후추', '계란', '건새우']"
7026974,"['불린 쌀', '물']"
7026973,"['소면', '오이', '당근', '채썬 적 양배추', '상추', '쌈무', '사과', '골뱅이통조림', '삶은 달걀', '그외 삶은 수육', '고추장', '고춧가루', '간장', '매실액', '설탕', '식초', '참기름', '깨 조금']"
7026972,"['캔참치', '신김치', '대파', '버터', '간장', '설탕']"
7026971,"['계란', '감자', '애호박', '청양고추', '대파', '칼국수', '물', '멸치코인육수', '국간장', '다진마늘', '참치액젓', '소금']"
7026969,"['상추', '쌈채소', '토마토', '양파', '계란', '양조간장', '매실청', '알룰로스', '마늘', '식초', '연겨자', '올리브오일', '참깨가루', '후추 적당량']"
7026968,"['민들 조개', '물', '방아잎 약간', '부추', '청양고추']"
7026967,"['가지', '호박', '오이', '양파', '쌈채소', '양배추', '두부', '전분가루', '방울토마토', '올리브유', '간장', '다진마늘', '알룰로스', '참기름', '레몬즙', '통깨', '통후추 약간']"
7026966,"['스팸', '체다치즈', '밀가루', '달걀', '빵가루', '파슬리가루 조금']"
7026965,"['숙주', '다진 마늘', '파', '국간장', '참치액', '참기름', '깨소금']"
7026964,"['브로콜리', '통마늘', '들기름', '간장', '굴소스', '검은깨']"
7026963,"['우삼겹', '양파', '감자', '애호박', '버섯 원하는만큼', '고추가루', '된장', '쌈장']"
7026962,"['양상추 겉잎', '우삼겹', '양파', '표고버섯 슬라이스한것', '방울토마토', '계란']"
7026960,"['계란', '새송이버섯', '당근 조금', '노랑파프리카', '빨간파프리카', '브로콜리', '흰밥', '올리브유', '맛소금', '후추가루 아주조금', '참기름', '통깨 조금']"
7026957,"['꽃게', '양파', '호박', '대파', '청양고추', '홍고추', '쑥갓', '물', '범일 고추장', '된장', '고춧가루', '소금', '국간장', '다진마늘', '후춧가루 약간']"
7026956,"['동물성 휘핑크림', '헤이즐넛시럽', '얼음 적당량', '우유', '에스프레소', '그래놀라 적당량 (생략가능)']"
7026955,"['밥 ( 즉석밥 가능)', '양파', '대파', '스팸', '계란', '베이컨', '파슬리 (생략가능)', '불닭소스', '참기름']"
7026954,"['참치', '스위트콘', '적양파', '치커리', '아보카도', '마요네즈', '후추', '데리야끼소스']"
7026953,"['새우', '오이', '자색양파', '루꼴라', '레몬', '라임', '엑스트라버진올리브오일', '다진마늘', '소금 약간', '후추 약간', '청포도']"
7026952,"['오징어', '토마토', '양파', '붉은 파프리카', '그린올리브', '잣', '건포도 약간', '곤약밥', '올리브오일', '소금', '후추', '화이트와인', '허브믹스 ( 말린 )']"
7026951,"['소고기다짐육', '메추리알', '물', '진간장', '올리고당', '코인육수', '생강가루', '연두']"
7026950,"['통밀또띠아', '어린잎채소', '토마토', '아몬드', '건포도', '그라나파다노치즈 약간', '그릭요거트', '홀그레인머스터드', '꿀', '후추 약간', '양파', '소금 약간']"
7026949,"['냉동만두', '물', '간장', '식초', '고춧가루 약간']"
7026948,"['공기밥', '숙주', '스팸', '식용유', '양파', '대파', '굴소스', '참기름', '통깨']"
7026947,['흙 당근 적당량']
7026946,"['미나리', '숙주나물', '굵은소금', '대파', '다진마늘', '참치액젓', '국간장', '참기름', '통깨']"
7026945,"['대파', '마늘', '청양고추', '청양고추', '순두부', '식용유', '고춧가루', '후추 약간', '진간장']"
7026944,"['감자', '꽈리고추', '맛소금', '물엿', '진간장']"
7026943,"['멸치', '물', '고추장', '고춧가루', '간장', '올리고당', '통깨 약간']"
7026942,"['오징어', '상추', '오이고추', '양파', '고추장', '고춧가루', '간장', '식초', '설탕', '매실액', '맛술', '다진마늘', '다진파', '통깨', '참기름']"
7026941,"['칵테일새우', '메밀면', '오이', '당근', '깻잎', '상추', '양파', '올리브유', '간장', '식초', '알룰로스', '통깨']"
7026940,"['청양고추', '밥', '당근', '어묵', '식용유', '통깨', '참기름', '진간장', '미림', '굴소스', '물엿', '설탕']"
7026939,"['참치캔', '양파', '대파', '된장', '고추장', '알룰로스', '다진마늘', '청양고추', '참기름', '통깨 약간']"
7026938,"['건미역', '감자', '양파', '들기름', '진간장', '물', '참치액']"
7026937,"['닭가슴살', '양배추', '당근라페 적당히', '파마산치즈가루 넉넉히', '파슬리가루 적당히', '스피아민트', '마요네즈', '홀그레인 머스터드', '소금 조금', '후추 조금']"
7026936,"['우대갈비', '양파', '버섯 적당히', '소금 조금', '후추 조금', '올리브오일 적당히', '양상추', '매운 쌈장 조금', '고추냉이 조금', '불닭소스 조금', '데리야끼소스 조금', '만능양념장 넉넉히 (만능 청양고추)']"
7026935,"['닭목살', '간장', '후추', '맛술', '굴소스', '설탕', '올리고당', '다진마늘', '대파', '통마늘']"
7026934,"['쪽파', '다진마늘', '청양고추', '자숙 문어 다리', '올리브오일', '소금', '후추 약간', '청주', '파스타면']"
7026933,"['감자', '무염버터', '소금 약간', '후추 약간']"
7026932,"['영양부추', '달래', '까나리액젓', '매실청', '참기름', '고춧가루', '통깨']"
7026931,"['병아리콩', '올리브오일', '파프리카파우더', '갈릭파우더', '소금', '건조파슬리 약간 (선택)']"
7026930,"['목살', '김치', '참기름', '간장', '대파 조금']"
7026929,"['치아바타', '에멘탈 슬라이스치즈', '베이컨', '치커리', '마요네즈', '바질페스토']"
7026927,"['두부', '애호박', '대파', '청양고추', '홍고추', '물', '진간장', '알롤로스', '참기름', '설탕', '참치액', '통깨']"
7026926,"['루피니빈', '쌀', '물']"
7026925,"['깻잎', '양파', '청양고추', '홍고추', '잔멸치', '물', '진간장', '고춧가루', '요리당', '맛술', '다진마늘']"
7026924,"['닭가슴살', '김밥김', '로메인', '단무지', '후추 조금', '밥']"
7026923,"['병아리콩', '그릭요거트', '마요네즈', '마늘', '생 와사비', '딜', '소금', '후추']"
7026922,"['양념소불고기', '양파', '대파', '떡국떡', '맛간장', '산초가루', '통후추', '쪽파', '참기름', '통깨 솔솔']"
7026921,"['수육', '나주곰탕', '통후추', '파', '숙주', '소면', '느억맘소스', '양파', '레몬즙', '설탕', '느억맘소스', '다진마늘', '쪽파']"
7026920,"['계란', '대파', '다진마늘', '동전육수', '까나리액젓', '소금', '물']"
7026919,"['쭈꾸미', '굵은소금', '밀가루', '양파', '양배추 (50g)', '당근 (50g)', '대파 (40g)', '콩나물', '식용유', '설탕', '고추가루', '청양고추가루', '다진마늘', '진간장', '미림', '굴소스', '고추장', '참기름', '물엿', '생강가루', '후추가루']"
7026918,"['두부', '고추가루', '설탕', '진간장', '미림', '굴소스', '매실엑기스', '참기름', '멸치액젓', '통깨', '간마늘', '대파', '후추가루', '물', '맛소금', '후추']"
7026917,"['부추', '양파', '다진마늘', '고춧가루', '진간장', '설탕', '참기름', '통깨']"
7026916,"['황태채', '매실청', '참기름', '들기름', '고추장', '고추가루', '다진마늘', '간장', '미림', '깨소금']"
7026915,"['마늘종', '천일염', '식용유', '고추장', '고춧가루', '진간장', '매실청', '물엿', '참기름', '통깨']"
7026914,"['냉면육수', '도토리묵', '오이', '김치', '참기름', '후춧가루', '김가루', '통깨', '얼음']"
7026913,"['가지', '청양고추', '대파', '계란', '소금', '식용유', '간마늘', '맛술', '어간장', '참기름', '통깨']"
7026912,"['돼지목살', '양파', '대파', '홍고추', '청양고추', '고추장', '고춧가루', '진간장', '황설탕', '꿀', '마늘', '맛술', '생강술', '참기름', '후추 약간']"
7026911,"['밥', '김밥햄', '대파', '양파', '당근', '올리브오일', '소금', '굴소스', '진간장', '참기름', '통깨 약간']"
7026910,"['두부', '소금', '식용유 약간', '전분', '통깨 약간', '고추장', '케찹', '굴소스', '진간장', '맛술', '물엿', '황설탕', '식초']"
7026909,"['계란', '부추', '미니 파프리카', '올리브유 약간', '굴소스', '소금', '우유', '맛술', '소금', '검정깨 약간', '후추 약간', '참기름']"
7026908,"['묵은지', '고등어', '무', '양파', '물', '진간장', '고추장', '고춧가루', '된장', '매실액', '맛술', '다진마늘']"
7026907,"['양파', '청양고추', '간장', '식초', '매실', '물']"
7026906,"['병아리콩', '물', '소금', '설탕']"
7026905,"['순살 닭고기', '우유', '카레가루', '튀김가루', '바질가루', '건 로즈마리 약간']"
7026904,"['샐러리', '알배추', '방울토마토', '상추', '골드키위', '올리브오일', '홀그레인머스타드', '발사믹식초', '레몬즙', '들깨']"
7026903,"['시금치', '두부', '대파', '청양고추', '멸치육수팩', '건다시마', '황태 머리', '생수', '된장', '국간장', '다진마늘', '소금 식성껏 (모자란 간은 )']"
7026901,"['한우 사골', '한우 잡뼈', '한우 사태', '대파', '굵은소금', '후추 (순후추)']"
7026900,"['우리밀 밀가루', '감자', '다진파', '소금', '후추', '파슬리가루']"
7026899,"['술지게미', '박력분', '버터', '설탕', '소금', '베이킹 파우더', '물']"
7026898,"['물', '알배기배추', '대파', '된장', '고춧가루', '참치액', '코인육수', '홍고추', '청고추']"
7026897,"['납작 어묵', '비엔나소세지', '양파', '대파', '올리브유', '다진마늘', '진간장', '굴소스', '올리고당', '참기름 조금', '통깨 조금']"
7026896,"['등갈비', '양파', '대파', '청양고추', '다진마늘', '진간장', '설탕', '고추장', '고춧가루', '케첩', '식초', '후추', '버터', '물']"
7026895,"['마늘쫑', '당근', '양파', '청양고추', '깨', '간장', '설탕', '물', '올리고당', '깨', '소금', '물']"
7026894,"['샐러리', '진간장', '설탕', '식초', '물']"
7026893,"['식빵', '계란', '오일', '허브솔트', '파마산치즈가루', '설탕', '케찹']"
7026892,"['곡물미숫가루', '꿀', '우유']"
7026891,"['메밀생면', '동치미 육수', '삶은계란', '무초절임 조금', '오이 약간', '깨 적당량', '고춧가루', '고추장', '설탕', '올리고당', '식초', '연겨자', '들기름', '통깨 조금']"
7026890,"['수박껍질', '상추', '당근', '된장', '배음료', '설탕', '식초', '다진마늘', '참기름', '참깨']"
7026889,"['오이', '노란 파프리카', '빨간 파프리카', '진간장', '물', '다진 마늘', '설탕', '참기름', '통깨']"
7026888,"['딸기', '탄산수', '꿀', '얼음']"
7026887,"['오이', '붉은 고추', '미나리', '양조간장', '식초', '설탕', '레몬즙', '참기름', '굵은소금']"
7026885,"['미나리', '달걀', '참기름', '소금', '참깨', '식용유', '밀가루', '달걀', '소금', '물', '차돌박이', '진간장', '설탕', '미림', '참기름', '후추', '소고기', '진간장', '설탕', '파', '다진마늘', '참깨', '참기름']"
7026884,"['우리통밀가루', '참기름', '설탕시럽', '소주', '후추', '소금', '계피가루', '조청', '물', '생강', '설탕', '물', '꿀']"
7026883,"['브로콜리', '두부', '소금', '참기름', '통깨']"
7026882,"['마늘쫑', '고춧가루', '다진마늘', '고추장', '진간장', '매실액', '올리고당', '설탕', '참기름', '통깨']"
7026880,"['돌나물', '미나리', '쪽파', '마늘', '생강', '홍고추', '미원', '천일염', '밀가루', '고춧가루', '뉴슈가']"
7026877,"['동치미 무', '계란', '당근', '부추', '밥', '김', '밀가루', '참기름', '소금', '들기름', '연겨자', '식초', '간장', '참기름', '물', '설탕']"
7026876,"['당근', '빨강 파프리카', '노랑 파프리카', '적양배추', '시금치', '부추', '물', '우리밀 통밀가루', '소금', '닭안심', '소금', '후춧가루', '우리밀 튀김가루', '계란', '우리밀 빵가루', '마요네즈', '카레가루']"
7026874,"['생크림', '우유', '쪽파', '깐 새우', '베이컨', '양송이버섯', '브로콜리', '양파', '다진 마늘', '슬라이스 치즈', '파마산 치즈가루', '소금', '우리밀 밀가루', '오징어 먹물', '물', '소금', '올리브오일', '고춧가루', '케찹', '굴소스', '소금', '후추 약간']"
7026873,"['골뱅이', '두부', '양파', '느타리버섯', '감자', '애호박', '된장', '고추장', '설탕', '참기름', '감자전분', '물', '식용유 약간']"
7026872,"['국수 (500원 동전크기)', '물', '다시팩 육수', '진간장', '참치액젓', '맛소금', '들기름', '애호박', '맛소금', '김가루 약간', '통깨', '삶은계란']"
7026871,"['껍질콩', '파', '라면사리', '하이디라오 마라소스', '떡볶이밀키트 (떡']"
7026870,"['우리밀가루', '우리밀부침가루', '물', '부추', '당근', '적채', '양배추', '파프리카 각', '소금', '식용유', '계란', '키위', '오렌지', '딸기', '파인애플', '블루베리 각', '설탕', '레몬즙', '발사믹식초', '올리브유', '홀그레인']"
7026869,"['시금치', '바지락', '홍고추', '대파', '동전육수', '쌀뜨물', '된장', '국간장', '다진마늘']"
7026868,"['김치', '돼지고기 앞다리살', '대파', '양파', '마늘', '코인 육수', '물', '새우젓', '고춧가루', '후춧가루 약간']"
7026867,"['밥', '김', '백오이', '식초', '설탕', '소금']"
7026866,"['연어 필렛', '양파', '소세지', '그린빈', '간장', '꿀']"
7026865,"['갯벌 장어', '굵은소금 약간']"
7026864,"['달걀 ', '생수', '맛술', '새우젓', '양파 약간', '당근 약간', '쑥갓 약간', '감자 약간']"
7026863,"['풋마늘', '고추장', '고춧가루', '진간장', '설탕', '물엿', '매실액', '맛술', '참기름', '통깨']"
7026862,"['마늘쫑', '다시마우린 물', '진간장', '설탕', '식초', '소주']"
7026861,"['밀가루', '우유', '소금', '올리브오일', '소고기 불고깃감', '사과', '양파', '키위', '간장', '설탕', '올리고당', '미림', '다진 마늘', '참기름', '통깨', '후추 약간', '쌈장', '다진 마늘', '참기름', '올리고당', '대파', '식초', '설탕', '고춧가루', '소금', '버터헤드 약간 (또는 양상추 로메인)']"
7026860,"['통삼겹', '허브솔트 약간', '파채', '고춧가루', '액젓', '설탕']"
7026859,"['소고기', '계란', '오이', '당근', '표고버섯', '밀가루', '다진 파', '다진 마늘', '참기름', '소금', '식용유', '간장', '설탕', '깨소금', '후춧가루']"
7026858,"['우리밀 밀가루', '부추', '오디원액', '단호박가루', '달걀', '취나물', '느타리버섯', '표고버섯', '소고기', '당근', '오이', '소금', '소금', '국간장', '참기름', '깨', '다진 대파', '다진 마늘', '간장', '설탕', '다진 대파', '다진 마늘', '참기름', '후추가루', '깨소금', '오디원액', '간장', '식초', '설탕', '물']"
7026857,"['스파게티면', '햄', '베이컨', '돼지고기', '새우', '식용유', '다진마늘', '우유', '체다치즈', '설탕', '고추가루', '고추장', '케찹', '돈까스소스', '마요네즈']"
7026856,"['통밀식빵', '양배추', '계란', '식용유', '모짜렐라치즈', '케찹', '설탕']"
7026855,"['명이나물', '물', '양조간장', '국간장', '설탕', '매실청', '식초', '소주']"
7026854,"['사각어묵', '식용유', '고추가루', '통마늘', '대파', '꽈리고추', '양파', '통깨 살짝', '진간장', '멸치액젓', '참기름', '물엿', '굴소스', '새우젓']"
7026853,"['고메 함박스테이크', '샐러드 야채', '밥']"
7026852,"['김치', '공기밥', '사골곰탕', '물', '김치국물', '후추가루', '고추가루', '진간장', '미림', '들기름', '설탕', '조미 김가루 듬뿍']"
7026851,"['샐러리', '양파', '고춧가루', '멸치액젓', '설탕', '식초', '다진마늘', '새우젓', '생강가루 약간']"
7026850,"['오이', '홍고추', '청양고추', '당근', '양파', '건미역', '깨', '물', '설탕', '국간장', '멸치액젓', '식초', '매실액기스', '간마늘', '맛소금']"
7026849,"['연어', '청양초', '물', '진간장', '미림', '설탕', '대파', '다시마']"
7026848,"['알감자', '홍고추', '청양고추', '대파', '고춧가루', '진간장', '식용유', '설탕', '다진 마늘', '올리고당', '통깨 약간']"
7026847,"['돼지고기 목살', '꽈리고추', '참기름', '다진마늘', '물엿', '매실액', '맛술', '물', '간장']"
7026846,"['아삭이고추', '청양고추', '중멸치', '오일', '국간장', '까나리액젓', '물', '들기름', '물', '식초']"
7026845,"['애호박', '당근 소량 (아주소량/생략가능)', '청양고추', '소금', '부침가루', '식용유']"
7026844,"['도토리묵', '대파', '김치', '조미김', '통깨 약간', '진간장', '분말 육수', '맛술', '설탕', '참기름']"
7026843,"['꽈리고추', '밀가루', '홍고추', '진간장', '다진마늘', '올리고당', '참기름', '통깨 약간']"
7026842,"['두부', '가지', '전분가루', '진간장', '참치액', '물', '참기름', '설탕', '통깨']"
7026841,['망고스틴']
7026840,"['머위대', '대파', '들기름', '간마늘', '고춧가루', '설탕', '국 간장', '진간장', '매실청', '참기름', '통깨']"
7026839,"['치킨무', '고춧가루', '다진마늘', '까나리액젓', '통깨 약간']"
7026838,"['가지', '양파', '대파', '쪽파', '다진마늘', '굴소스', '진간장', '올리브오일', '물', '통깨 솔솔솔']"
7026837,"['닭가슴살', '파', '마늘', '소금', '후추', '우유', '청고추', '간장', '맛술', '참치액', '설탕', '다진 마늘']"
7026836,"['밀가루', '따듯한 물', '소금', '이스트', '설탕', '올리브오일', '달걀', '토마토소스', '양파', '느타리버섯', '베이컨', '모짜렐라 치즈', '캔옥수수', '소금']"
7026835,"['밥', '묵은지', '오이', '당근', '계란', '식용유', '참기름', '깨소금 약간']"
7026834,"['돼지고기 수육', '간장', '맛술', '매실', '마늘', '참기름', '깨소금 약간']"
7026832,"['훈제오리', '피망', '노란 파프리카', '빨간 파프리카', '통 마늘', '소금', '올리브오일', '후추', '통깨']"
7026831,"['오이지', '청양고추', '홍고추', '대파', '다진마늘', '고추가루', '참기름', '깨소금', '설탕', '오이지', '청양고추 조금', '홍고추 조금', '대파 조금 (흰대)', '다시마', '다진마늘', '참치액젓', '식초', '설탕', '고추가루', '깨소금 조금']"
7026830,"['닭가슴살', '베이컨', '에멘탈슬라이스 치즈', '우리밀 밀가루', '베이킹소다', '소금', '백후추', '고춧가루', '계란 전란', '우유', '스리라차', '간 마늘', '소금', '파르메산 레지아노치즈 (조절)', '파슬리후레이크 (조절)', '버터', '우리밀 밀가루', '우유', '스리라차', '타라곤후레이크', '꿀', '소금']"
7026827,"['애호박', '대파', '다진마늘', '새우젓', '들기름', '올리브오일', '물', '홍고추', '통깨']"
7026826,"['우리통밀가루', '계란', '베이킹파우더', '녹차가루', '코코아가루', '설탕', '포도씨유', '우유', '바닐라에센스', '동물성생크림', '앙금', '슈가파우더']"
7026825,"['떡볶이떡', '사각어묵', '양배추', '대파', '물', '고춧가루', '고추장', '진간장', '설탕', '깻잎', '삶은 계란', '통깨 약간']"
7026824,"['두부', '베이비채소', '사과', '비트', '우리밀 밀가루', '빵가루', '계란', '하몽', '다진마늘', '식초', '간장', '설탕', '엑스트라버진올리브오일', '레몬주스']"
7026823,"['밥', '물', '식용유', '설탕']"
7026822,"['돼지갈비찜용', '대파', '양파', '당근', '청양고추', '홍고추', '물', '월계수잎', '통후추', '생강술', '고춧가루', '고추장', '진간장', '참치액', '황설탕', '올리고당', '사과즙 (1/2개 분량)', '간생강', '참기름', '후추 약간']"
7026821,"['양평 지평생 막걸리', '우리 통밀', '강력분', '막걸리 발효종', '소금', '양평 잣', '양평 오디', '오디술', '수돗 물', '오디', '설탕', '레몬즙', '오디잼', '버터', '오디술', '꿀', '양평 뽕잎', '엑스트라버진올리브오일', '호두', '마늘', '파르미지아노 레지아노 치즈', '소금', '레몬즙', '강력분', '노른자', '우유', '엑스트라버진올리브오일']"
7026819,"['소고기', '돼지고기', '우리밀 밀가루', '빵가루', '양파', '계란', '취나물', '버터', '느타리버섯', '마늘', '체다 치즈', '스테이크 소스', '올리브유', '후추 약간', '소금 약간', '설탕', '굴소스', '전분', '케찹', '파슬리 약간', '물']"
7026818,"['연근', '비트', '물', '소금', '사과식초', '피클링스파이스', '월계수잎']"
7026817,"['우리밀 통밀가루', '우유', '사과', '달걀', '그릭요거트', '알룰로스', '설탕', '소금 약간', '버터', '레몬즙', '시나몬파우더 약간']"
7026816,"['꽈리고추', '전분가루', '고춧가루', '간장', '설탕', '다진마늘', '통참깨', '참기름']"
7026815,"['생크림', '우유', '슬라이스 치즈', '파마산 치즈', '베이컨', '양송이버섯', '양파', '브로콜리', '통마늘', '올리브오일', '소금', '밀가루', '오징어 먹물', '물', '소금', '올리브오일']"
7026814,"['새송이버섯', '쌈다시마', '우리밀 부침가루', '올리브유', '소금', '후추 조금 (입맛에 맞게 가감)']"
7026813,"['알배추', '당근', '황기', '찰현미']"
7026812,"['부채살', '레드와인 소스 넉넉히', '모듬 채소 적당히', '마늘 플레이크 적당히', '시즈닝']"
7026811,"['고구마순', '물', '굵은소금', '제피', '액젓', '고춧가루', '다진마늘', '통깨 약간']"
7026810,"['국수소면', '열무김치 넉넉히', '열무김치 국물', '채소육수', '삶은계란', '통깨', '설탕']"
7026809,"['건 곤드레', '다진마늘', '송송썬 대파', '국간장', '소금 조금', '식용유 조금', '들기름', '물']"
7026808,"['어묵', '당근', '부추', '달걀', '김', '밥']"
7026807,"['아욱', '두부', '집된장', '쌀뜨물', '코인육수', '밥새우 크게', '청양고추', '다진마늘']"
7026806,"['송화버섯', '쌀']"
7026805,"['밥', '양파', '애호박', '당근', '날치알', '김', '식용유', '간장', '참기름']"
7026804,"['우리밀 밀가루', '배추김치', '부추 약간만', '대패삼겹살']"
7026803,"['배추속대', '레이스 상추', '어린잎', '적 무순', '알파 파', '쇠고기', '당근', '올리브오일', '레몬즙', '소금', '설탕']"
7026802,"['건새우', '기름', '간장', '설탕', '올리고당', '깨']"
7026801,"['집된장', '물', '소고기 국거리', '다진마늘', '대파', '양파', '호박', '두부', '고춧가루', '참치액젓']"
7026800,"['돼지고기 앞다리살', '양파', '대파', '월계수잎', '된장', '통마늘', '다진생강', '소주', '후추']"
7026799,"['소세지', '쪽파', '기름', '케찹', '간장', '설탕', '식초']"
7026798,"['엄나무순', '다진 파', '고추장', '된장', '다진마늘', '매실액', '설탕', '식초', '참기름', '깨 조금']"
7026797,"['생새우', '소금', '소주']"
7026796,"['쪽파', '양파', '찹쌀가루', '물', '고춧가루', '까나리액젓', '다진마늘', '매실액', '설탕', '다진생강', '깨']"
7026795,"['히비스커스 액상', '탄산수', '얼음 적당히', '스피아민트']"
7026794,"['생 미역귀', '진간장', '참치액', '고추장', '다진마늘', '올리고당', '통깨', '참기름']"
7026793,"['설탕', '동물성 휘핑크림', '박력분', '설탕', '소금 약간', '베이킹파우더', '무염버터', '우유', '계란', '물 적당량 (계란물)', '카라멜소스 적당량', '버터 적당량 (생략가능)']"
7026792,"['두부', '대파', '청고추', '홍고추', '호박', '양파', '팽이버섯', '마파두부소스']"
7026791,"['쪽파', '물', '양조간장', '설탕', '매실청', '마늘', '생강', '월계수잎', '피클링스파이스', '식초', '레몬즙', '소주']"
7026790,"['소면', '쪽파', '김', '범일불 간장', '설탕', '식초', '다진 마늘', '통깨', '참기름']"
7026789,"['달걀', '청경채', '식용유', '굴소스', '참기름']"
7026788,"['순두부', '당근', '육수', '계란', '후추', '소금', '국간장', '액젓']"
7026787,"['머위대', '진간장', '물', '식초', '설탕', '소주']"
7026786,"['더덕순', '국간장', '참치액', '다진마늘', '참기름', '깨소금', '소금']"
7026785,"['밥', '고추참치', '라이스페이퍼', '김', '뜨거운물 (라이스페이퍼용)', '간장', '꿀']"
7026784,"['두부', '소금', '후춧가루', '들기름', '진간장', '다진마늘', '쪽파', '참기름', '통깨', '고춧가루']"
7026783,"['우리밀가루', '물', '계란', '소금', '천연색소', '천연색소', '진간장', '쯔유', '들기름', '볶은참깨', '비트', '마늘종', '청국장', '감태']"
7026782,"['우리밀가루', '유정란', '물', '현미유', '베이킹파우더', '볶은콩가루', '슈가파우더', '젤리', '볶은 견과류']"
7026781,"['두부', '계란', '표고버섯', '세발나물', '당근', '물', '호두', '양파', '페퍼론치노', '아보카도오일', '굴 농축액', '소금', '백후추']"
7026780,"['맥주', '토닉워터', '레몬즙 약간']"
7026779,"['바나나우유', '블랙커피믹스', '뜨거운 물', '연유', '얼음']"
7026778,"['명이나물', '간장', '식초', '설탕', '소주 약간', '물']"
7026777,"['백오이', '다진소고기', '대파', '간장', '설탕', '맛술', '다진마늘', '후추 (약간)', '소금', '식용유', '참기름', '통깨']"
7026776,"['열무김치 취향껏', '열무김치 국물', '계란', '소면', '냉면육수', '통깨', '고추장', '고춧가루', '설탕', '매실액', '사과식초', '참기름']"
7026775,"['우리밀 밀가루', '버터', '부추', '소금', '한우', '양파', '방울토마토', '느타리버섯', '버터', '소금', '계란', '후추', '우유', '아스파라거스', '소금', '느타리버섯', '올리브유', '그뤼에르치즈', '비프스톡', '레드 와인', '소금', '버터', '우스터소스']"
7026774,"['양파', '대파', '스팸', '고추장', '굵은 고춧가루', '설탕', '맛술', '올리고당', '다진 마늘']"
7026773,"['표고버섯', '베이컨', '식용유']"
7026772,"['밀가루', '전분가루', '우유', '소금', '소고기 잡채용', '양파', '피망', '파프리카 (빨강 노랑)', '당근', '표고버섯', '깨 약간', '참기름 약간', '식용유 약간', '간장', '올리고당', '다진마늘', '참기름', '후추 약간', '간장', '맛술', '올리고당', '굴소스']"
7026771,"['명이나물', '물', '간장', '스테비아', '식초', '대파 조금', '다시마 조금', '황기', '표고버섯 조금']"
7026770,"['비엔나소세지', '당근', '양파', '파프리카', '대파', '통마늘', '식용유', '케찹', '진간장', '올리고당', '식초', '다진생강']"
7026769,"['돼지고기목살', '더덕', '대파', '양파', '잣가루 약간', '소금 약간', '후춧가루 약간', '고추장', '고춧가루', '설탕', '올리고당', '진간장', '굴소스', '다진마늘', '다진생강', '참기름 약간', '후추 약간']"
7026768,"['건미역', '오이', '양파', '홍고추', '통깨', '물', '식초', '소금', '설탕', '참치액', '간마늘']"
7026767,"['사각 식빵', '계란', '오이', '소금', '후추', '마요네즈', '꿀']"
7026766,"['무', '대파', '천일염', '뉴슈거', '고춧가루', '멸치액젓', '다진마늘', '매실청', '통깨']"
7026765,"['돼지앞다리살', '숙주', '양파', '대파', '양조간장', '멸치액젓', '매실액', '소주', '통후추', '다진마늘', '다진생강', '설탕']"
7026764,"['비름나물', '파', '고추장', '다진마늘', '매실청', '참기름', '통깨']"
7026763,"['오이', '새우', '잣', '우유', '식초', '알롤루스', '마요네즈', '후추', '소금', '마늘']"
7026762,"['스팸', '김밥김', '계란', '묵은지 양념한것', '깻잎', '밥', '고운소금', '소금', '참기름', '통깨', '들기름', '설탕']"
7026761,"['실파', '고추가루', '통깨', '사조 꽃게액젓', '배즙 음료', '양파', '마늘', '생강', '새우젓', '매실청', '물', '식초']"
7026760,"['등심', '로즈마리', '버터', '소금', '후추 약간']"
7026759,"['마늘종', '고추장', '고춧가루', '식초', '진간장', '설탕', '마늘']"
7026758,"['껍질 벗긴 머위대', '들깨가루', '진간장', '참치액젓', '마늘', '들기름', '맛술', '물']"
7026757,"['밥', '베이컨', '부추', '대파', '양파', '노란 파프리카', '당근', '식용유', '굴소스', '참기름', '볶은참깨']"
7026756,"['시금치', '두부', '양파', '대파', '다진 마늘', '된장', '쌈장', '국간장', '까나리액젓', '동전 육수', '물']"
7026755,"['오이', '설탕', '소금', '고추씨', '청양고추', '소주', '물엿']"
7026754,"['통밀가루', '물', '호박', '당근', '검정 올리브', '방울토마토', '엑스트라버진 올리브유', '바질', '잣', '파마산 치즈', '소금']"
7026753,"['오이', '다진마늘', '소금', '식초', '설탕', '참기름', '깨소금', '통깨']"
7026752,"['소고기', '건미역', '참기름', '쌀뜨물', '국간장', '참치액', '다진마늘', '소금 약간']"
7026751,"['닭가슴살', '파프리카', '양파 중 사이즈', '오이', '토마토', '후추 약간', '굴소스', '마늘', '맛술']"
7026750,"['우리밀 밀가루', '우리밀 튀김가루', '옥수수', '양파', '마늘', '영양부추', '버터', '페퍼론치노', '튀일 기호에맞게 (또는 누룽지)', '감자', '우유', '소금', '후추 소량', '파마산치즈가루', '설탕', '식용유']"
7026747,"['김치찌개용 꽁치캔', '양파', '청양고추', '대파', '마늘', '고추가루', '된장', '설탕']"
7026746,"['식빵', '버터']"
7026745,"['브로콜리', '식초', '소금']"
7026744,"['닭가슴살', '자른 미역', '사골육수', '치킨스톡', '들기름', '소금 약간', '물', '맛술']"
7026743,"['마늘쫑', '굵은 소금', '진간장', '고추장', '고춧가루', '식초', '설탕', '매실청', '참기름', '통깨']"
7026742,"['돼지고기', '맛술', '후추 약간', '애호박', '양파 작은 거', '대파', '들기름', '고춧가루', '물', '다진 마늘', '가루 육수', '새우젓', '국간장 약간']"
7026741,"['방울토마토', '오이', '양파', '올리브오일', '발사믹 식초', '바질가루', '들깨가루']"
7026740,"['우리밀가루', '슈가파우더', '아몬드 가루', '계란흰자', '버터', '크림', '노른자', '설탕', '버터', '우유', '쑥가루', '콩가루', '팥앙금']"
7026739,"['우리통밀가루', '계란', '표고버섯', '리코타치즈', '파마산치즈', '마늘', '파슬리', '엑스트라버진 올리브유', '생크림', '소금', '후추']"
7026733,"['오이', '소금', '설탕', '식초', '깨', '다진마늘']"
7026732,"['국수소면', '오이 약간만', '방울토마토', '소금 약간만', '검은깨 약간만', '콩국물']"
7026724,"['계란', '부추 넉넉히', '분홍소시지', '소금 약간만']"
7026723,"['공기밥', '계란', '식용유', '스팸', '마요네즈', '간장', '통깨']"
7026722,"['쪽파', '고추장', '간장', '매실액기스', '고춧가루', '참기름', '통깨']"
7026721,"['상추', '어간장', '마늘', '참기름', '깨소금 약간', '연근', '식초', '간장', '맛술', '물', '다시마', '쌀조청', '참기름', '깨소금 약간', '두릅', '고추장', '감식초', '마늘', '참기름', '깨소금', '소금 약간', '건파래', '식용유', '소금', '깨소금 약간']"
7026720,"['밥', '머위 잎', '소금', '참기름', '깨소금', '막장 약간']"
7026719,"['두부', '양파', '굵은소금 약간', '마늘', '물', '간장', '굴소스', '식초', '올리고당', '후추 약간']"
7026718,"['배춧잎', '물', '부침가루', '식용유 약간', '간장', '식초', '고춧가루']"
7026717,"['황태채', '참기름', '다진마늘', '국간장', '대파 넉넉히', '계란', '소금 약간만', '후춧가루 약간만', '두부']"
7026716,"['두부', '팽이버섯', '느타리버섯', '감자', '양파', '다진마늘', '대파 넉넉히', '청양고추', '마른표고버섯']"
7026715,"['밀가루', '물', '시금치', '감자', '애호박', '청양고추', '홍고추', '대파', '멸치다시마 육수', '국간장', '다진 마늘', '소금 약간', '후추 약간']"
7026714,"['두둠한 식빵', '치즈', '계란', '당근', '대파', '버터', '케찹 취향것', '마요네즈 취향것', '설탕', '소금']"
7026713,"['찐 고구마', '마요네즈', '꿀', '모짜렐라 치즈', '버터', '우리밀 밀가루', '우유', '녹인 버터', '소금']"
7026712,"['시금치', '양파', '당근', '청양고추', '식용유 적당량', '우리밀 부침가루', '물', '소금']"
7026711,"['가래떡', '어묵', '고추장', '고춧가루', '간장', '매실액', '생강청', '생수', '코인육수']"
7026710,"['우리밀 밀가루', '물', '소금', '식용유', '고추장', '고춧가루', '간장', '설탕', '매실액', '식초', '참기름', '양배추', '오이', '깨소금 약간']"
7026709,['납작만두']
7026708,['소갈비']
7026707,"['부침두부', '올리브유 조금', '진간장', '황태채소 육수', '올리고당', '설탕', '양조식초']"
7026705,"['미나리', '홍고추', '소금', '부침가루', '튀김가루']"
7026703,"['우리밀 부침가루', '우리밀싹 분말', '우리밀 새순', '양배추', '비트', '사과', '양파 작은거', '대파', '고추', '참치캔', '고추장', '된장', '올리고당', '고춧가루', '진간장']"
7026702,"['완숙 토마토', '두부', '현미밥', '쪽파', '소금', '참기름', '다진 생강', '다진 마늘', '범일콩 된장', '간장']"
7026701,"['동물성 휘핑크림', '황치즈파우더', '설탕 적당량 (혹은 연유 취향에 맞게 추가)', '얼음 적당량', '우유', '에스프레소']"
7026700,"['애호박', '순두부', '칵테일 새우', '대파', '멸치 육수', '간 마늘', '들기름', '새우젓']"
7026699,"['스파게티면', '스팸', '냉동새우', '양파', '올리브유', '다진 마늘', '우유', '물', '슬라이스 치즈', '치킨스톡 큐브', '소금 (약간)', '후추 (취향껏)']"
7026698,"['토마토', '달걀', '양파', '마늘', '올리브유', '케첩', '크러쉬드 레드페퍼 약간', '파마산 치즈가루 약간', '그라나파다노 치즈 약간', '파슬리가루 약간']"
7026697,"['꽃게', '무', '애호박', '대파', '청양고추', '미나리', '멸치 육수', '간 마늘', '고춧가루', '액젓', '맛술']"
7026696,"['양파', '진간장', '참기름', '다진 마늘', '식용유', '통깨 약간']"
7026695,"['우유', '우리밀 밀가루', '소금', '식용유 적당량', '팥앙금', '호두 분태']"
7026694,"['도토리묵', '당근', '오이', '상추', '간장', '들기름', '알룰로스']"
7026693,"['생 죽순', '소금', '쌀가루', '물']"
7026691,"['닭가슴살', '양파', '간장', '올리고당', '물', '계란']"
7026690,"['감자', '우리밀 밀가루', '설탕', '소금', '생수']"
7026689,"['낙지', '바지락', '감자', '애호박', '청양고추', '홍고추', '대파', '미나리', '우리밀 중력분', '물', '소금', '멸치다시마 육수팩', '물', '고춧가루', '고추장', '멸치액젓', '다진마늘', '국간장']"
7026688,"['박력분', '설탕', '베이킹파우더', '옥수수전분', '우유', '녹인버터', '달걀', '소금 약간', '바닐라익스트랙']"
7026687,"['닭가슴살', '잡곡밥', '고추장', '간장', '돈가스소스', '올리고당', '마늘', '고춧가루']"
7026686,"['쪽파', '미나리', '청양고추', '반건조오징어', '부침가루', '물', '달걀']"
7026684,"['돼지고기 등심', '슬라이스햄', '슬라이스치즈', '밀가루', '계란', '빵가루', '소금', '후추', '식용유 튀김용 (적당히)', '양송이', '양파', '버터', '밀가루', '올리브유', '우유', '치즈가루', '치킨스톡', '체다치즈', '후추', '파슬리가루', '미지근한 물', '소금', '밀가루', '녹인버터', '버터', '밀가루', '케찹', '돈까스소스', '설탕', '파인애플즙', '우유']"
7026683,"['깻잎', '밥', '약고추장', '소금', '소금 약간', '참기름', '통깨']"
7026679,"['얼린 두부', '참치', '팽이버섯', '양파', '대파', '청양고추', '된장', '다진마늘', '설탕', '고춧가루']"
7026678,"['시금치', '베이컨', '소금 약간', '다진마늘', '다진대파', '국간장', '참기름', '깨소금']"
7026677,"['쌀', '김치', '돼지고기', '소금', '후추', '미림 조금', '달래', '간장', '홍고추', '쪽파', '물', '통깨', '참기름 넉넉히']"
7026676,"['순두부', '청양고추', '대파', '계란', '다진돼지고기', '다진마늘', '고춧가루', '국간장', '참치액', '참기름', '후추', '식용유', '소금', '순두부양념장']"
7026675,"['콩나물', '김치', '고춧가루', '소금', '간마늘', '청양고추', '대파', '육수']"
7026674,"['잘 익은 김치 조금', '참치', '밥', '조미김']"
7026673,"['열무', '고춧가루', '간마늘', '소금', '액젓', '파 약간', '설탕', '식초']"
7026672,"['두부', '김치', '청국장', '양파', '대파', '들기름', '된장', '코인육수', '물']"
7026671,"['우리밀 밀가루', '바닐라아이스크림', '우유', '바나나', '콘후레이크', '소금', '땅콩버터', '우유']"
7026670,"['돼지고기 목살', '양파', '당근', '애호박', '찬밥']"
7026669,"['양배추', '베이컨', '대파', '굴소스', '식용유', '후추 톡톡', '통깨']"
7026668,"['도삭면', '냉동새우 대', '대파', '통마늘', '쪽파 소량 (데코용)', '고춧가루', '크러쉬드 레드페퍼', '굴소스', '간장', '설탕', '참기름 취향껏', '통깨 취향껏', '식용유']"
7026667,"['김밥김', '밥', '볶음김치', '슬라이스햄', '체다슬라이스치즈', '계란', '참기름', '맛소금', '통깨']"
7026666,"['돼지고기 앞다리살 약', '소금', '물 (고기가 잠길정도)', '대파 흰부분', '청양고추', '다진마늘', '고춧가루', '설탕', '식초', '국간장', '참기름', '통깨 소량']"
7026665,"['양배추', '당근', '사과', '오이', '모닝빵']"
7026664,"['돼지고기', '두부', '애호박', '양파', '청양고추', '홍고추', '대파', '새송이버섯 소량', '멸치 육수', '소금 소량', '후추 소량', '맛술', '고추장', '참치액', '간마늘', '고춧가루', '국간장', '소금 소량']"
7026663,"['삼겹살', '대파', '전분가루']"
7026662,"['돼지고기 목살', '파채', '통마늘 취향껏', '된장 듬뿍', '양조간장', '다진마늘', '생강', '맛술', '올리고당', '설탕']"
7026661,"['감자', '후랑크소세지', '모짜렐라 스트링치즈', '달걀', '빵가루 적당량', '밀가루 적당량', '케첩 적당량']"
7026660,"['통밀 식빵', '로메인 상추', '샌드위치 햄', '체다치즈', '필라델피아 크림치즈', '스테비아 방울토마토', '저칼로리머스타드 ']"
7026659,"['백명란', '쪽파', '고춧가루', '다진 마늘', '참기름', '깨', '김가루 적당량']"
7026658,"['진짬뽕', '컵오뎅탕', '뜨거운 물']"
7026657,"['잘 익은 김치', '중면', '조미김', '설탕', '다진 마늘', '양조간장', '참기름', '통깨 약간']"
7026656,"['미역', '팽이버섯', '두부', '코인 육수', '물', '된장', '액젓']"
7026655,"['도라지', '양파', '당근', '대파', '굵은소금', '고추장', '고춧가루', '다진마늘', '소금', '설탕', '식초', '참기름', '통깨']"
7026654,"['밥', '대구살', '잔멸치', '미역', '참기름', '간장']"
7026653,"['상추', '양파', '다진파', '고추가루', '간장', '다진마늘', '통깨', '매실액', '식초', '설탕']"
7026652,"['돼지고기 앞다리살', '당면', '김치', '대파', '양파', '청양고추', '다진마늘', '설탕', '고춧가루', '진간장', '맛술', '참기름', '참치액', '올리고당', '고추장']"
7026651,"['새우', '레몬즙', '간장', '간장', '꿀', '다진생강', '계피가루', '소주', '레드페퍼홀', '건고추']"
7026650,"['맛없는 간장', '물', '미림', '대파', '당근 조금', '다시마', '국물용 멸치', '건표고버섯', '통후추', '양파', '통마늘', '페페론치노', '사과']"
7026649,"['다다기오이', '김밥용 김', '밥', '명란', '마요네즈', '통깨', '참기름']"
7026648,"['닭가슴살', '전분가루', '소금', '후추', '진간장', '물', '레몬즙', '발사믹식초', '다진 양파', '대파', '홍고추', '청고추', '마늘', '생강']"
7026647,"['간고등어', '무우', '양파', '청양고추', '홍고추', '대파', '간장', '다진마늘', '다진생강', '고추가루', '미림', '참치액젓', '들기름', '후추 조금', '청주']"
7026646,"['칼라 방울토마토', '양파', '올리브오일', '발사믹식초', '꿀', '레몬즙', '파슬리가루 소량', '소금 소량']"
7026645,"['알배추', '소고기 약', '후추 소량', '맛술', '청양고추', '다진 양파', '양조간장', '맛술', '식초', '설탕', '매실청']"
7026644,"['감자 중간 사이즈', '당근', '소금', '후추 소량', '부침가루', '양조간장', '식초', '설탕']"
7026643,"['땅두릅', '얇은 소고기', '후추 조금', '통깨 소량', '소금', '양조간장', '맛술', '올리고당', '물', '후추 소량']"
7026642,"['메밀면', '양배추 취향껏', '당근 취향껏', '상추 취향껏', '깻잎 취향껏', '김가루 조금', '깨 소량', '고춧가루', '고추장', '설탕', '식초', '참기름', '양조간장', '사이다']"
7026641,"['익은김치', '양파', '대파', '청양고추 (선택사항)', '다진마늘', '고춧가루', '된장', '설탕', '물']"
7026640,"['닭다리살', '양파', '양배추 크게', '대파', '떡사리', '깻잎', '모짜렐라 치즈 듬뿍', '식용유', '다진마늘', '고추장', '고춧가루', '진간장', '맛술', '설탕', '물엿', '후춧가루 약간']"
7026639,"['밥', '오이', '양파', '대파', '미나리', '저염 명란젓', '무염버터', '다진마늘', '계란', '검은깨', '참기름']"
7026638,"['계란', '연두부', '물', '참치액', '맛술', '참기름', '깨소금']"
7026636,"['우리밀 밀가루', '김치', '카레가루', '부추', '해물', '감자', '물', '소금', '설탕']"
7026633,"['소고기 불고기용', '냉동채소', '굴소스']"
7026631,"['항정살', '신김치', '양배추', '땡초', '소금', '설탕', '진간장', '굴소스', '맛술', '식초', '다진마늘', '참기름', '후춧가루', '물']"
7026630,"['쌀', '단호박', '검은 콩', '물', '비프스톡']"
7026629,"['돼지고기 등심', '후추', '소금', '맛술', '식용유', '감자전분', '물', '계란', '식용유', '파프리카', '당근', '양파', '물', '설탕', '진간장', '식초', '감자전분', '물']"
7026628,"['마늘쫑', '양파', '멸치', '간장', '식용유', '소금약간', '고춧가루', '물엿', '참기름', '통깨', '연두']"
7026625,"['우리밀가루', '생수', '돌미나리', '부추', '생들깨', '표고버섯', '된장', '고춧가루', '고추장', '식용유', '들기름', '청고추', '홍고추', '양조간장', '식초', '생수', '설탕']"
7026624,"['우리밀 밀가루', '감자전분', '소금', '오일', '물', '돼지고기 등심', '양파', '마늘', '대파 흰대', '부추', '계란 전란', '세발나물', '고춧가루', '오일', '엑스트라버진 올리브오일', '식초', '디종 머스타드', '꿀', '소금', '설탕', '진간장', '굴소스', '소주', '참기름', '감자전분', '고춧가루', '소금 (조절)', '흑후추 (조절)']"
7026623,"['국내산 밀가루', '비트', '단호박', '물', '소금', '돼지고기 다짐육', '두부', '신김치', '당면', '숙주나물', '쪽파', '달걀', '참기름', '간장', '고춧가루', '소금', '후추', '새싹채소', '단호박']"
7026622,"['돼지고기 통 등심', '우리밀 튀김가루', '빵가루', '계란 작은거 기준', '맛소금 살짝', '후추 살짝', '식용유 적당히 (돼지고기가 잠길 정도)', '우리밀 밀가루', '땅콩버터', '무염버터', '케찹', '황설탕', '진간장', '굴소스', '식초', '물', '우유', '타임 럽드', '후추', '크림스프 가루', '소고기다시다']"
7026621,"['감자', '당근', '양파 작은것', '삶은 계란', '식초', '마요네즈', '후추 톡톡']"
7026620,"['상추', '부추 조금', '양파', '당근', '간장', '고춧가루', '매실청', '참기름', '깨소금', '다진 마늘', '식초', '통깨 (마무리)']"
7026619,"['김', '양조간장', '설탕', '참기름', '깨소금', '잔파 조금 (대파)']"
7026618,"['백오이', '천일염', '물']"
7026617,"['오이', '참치캔', '김밥김', '현미밥', '백미밥', '소금 약간']"
7026615,"['돼지고기', '진간장', '맛술', '굴소스', '우동사리', '다진마늘', '달걀노른자', '후추', '간 깨', '파', '쪽파', '김']"
7026614,"['전복', '청주', '물', '간장', '사과', '양파', '생강', '청주', '통후추', '대파', '마늘', '다시마', '매실청']"
7026613,"['소고기', '대파', '마늘', '소금 (약간)', '홍고추', '표고버섯', '깻잎', '물', '구운김', '우리밀 밀가루', '식용유', '고운 고춧가루', '간장', '굴소스', '설탕', '참기름', '후추 약간', '깨소금']"
7026612,"['돼지고기', '당근', '알밤', '통마늘', '송고버섯', '가래떡', '집된장', '대파', '통후추', '술', '간장', '매실액', '생강청', '배즙', '물']"
7026611,"['영양부추', '오이', '소금', '간장', '참치액', '간 마늘', '식초', '설탕', '검정 깨']"
7026610,"['옥돔', '전분가루', '식용유']"
7026609,"['자숙문어 다리', '토마토', '씨없는 청포도', '양파', '다진마늘', '올리브오일', '애플사이다비니거', '레몬즙', '생강청', '소금', '후추', '매실액']"
7026608,"['우리밀 국산 밀가루', '자색고구마가루 조금', '단호박가루 조금', '쑥가루 조금', '쇠고기', '간장', '양파즙', '설탕', '마늘', '후추 조금', '참기름 조금', '표고버섯', '숙주', '소금 조금', '참기름 조금', '달걀', '당근', '소금 조금', '후추 조금', '호박', '소금 조금', '후추 조금', '겨자', '설탕', '식초', '물', '마늘', '간장', '잣가루', '소금 조금', '참기름 조금']"
7026607,"['참소라', '미나리', '오이', '양파', '간마늘', '고추장', '식초', '매실청', '올리고당', '고춧가루', '깨']"
7026606,"['사골곰탕', '떡국떡', '김가루 넉넉히', '대파 조금 ', '소금 약간만', '계란']"
7026605,"['베이컨', '양파', '우유', '생크림', '후추 조금', '소금 약간', '다진마늘']"
7026604,"['냉동 절단 꽃게', '물', '식초', '양조간장', '고춧가루', '설탕', '식초', '다진마늘', '다진생강', '다진대파']"
7026603,"['사각어묵', '고춧가루', '간장', '설탕', '통깨', '대파 넉넉히', '당근', '양파']"
7026602,"['샌드위치용 식빵', '삶은 달걀', '마요네즈', '홀그레인', '꿀', '소금', '후추', '파슬리가루']"
7026601,"['오이', '김밥김', '밥', '식초', '설탕', '물', '소금']"
7026600,"['무', '봄동 조금', '사과', '천일염', '스테비아', '고추가루', '새우젓', '액젓', '찹쌀풀', '대파', '다진마늘']"
7026599,"['마요네즈', '꿀', '고추냉이', '소금', '식초', '청양고추']"
7026598,"['맛살', '양파', '식용유', '참기름', '통깨', '고춧가루', '고추장', '진간장', '굴소스', '다진마늘', '물']"
7026597,"['열무', '쪽파', '양파', '사과', '황태채소 육수', '소금', '고추가루', '다진마늘', '찹쌀풀', '멸치액젓', '새우젓', '뉴슈가', '통깨']"
7026596,"['밀가루', '건새우', '물', '식용유 약간', '소금 약간', '설탕 약간', '밀가루', '물', '계피가루 약간', '생강가루 약간', '소금 약간', '설탕 약간', '식용유 약간', '시럽 (흑설탕 : 물 =']"
7026595,"['닭', '감자', '당근 小', '양파 小', '홍고추', '콜라', '물', '간장', '굴 소스', '다진 마늘', '흑설탕', '생강가루 약간', '후춧가루 약간']"
7026594,"['생오리고기', '양파', '당근', '대파', '마늘', '진간장', '고추장', '멸치 액젓', '설탕', '고춧가루', '다진 마늘', '맛술', '참기름', '후춧가루 약간', '생강가루 약간']"
7026593,"['생 갓', '소금', '멸치액젓', '다진 마늘', '올리고당', '고운 고춧가루', '진간장', '매실액', '참기름', '가쓰오부씨 조금']"
7026592,"['짜파게티', '너구리', '계란', '삼겹살']"
7026591,"['닭 가슴살', '무', '대파', '통후추', '계란', '오이', '소금', '통깨', '진간장', '식초', '마늘', '와사비']"
7026589,"['용가리 치킨', '샐러드채소', '홀그레인머스타드', '또띠아']"
7026588,"['손질해서', '손질해서', '손질해서', '건새우', '식용유', '간장', '청주', '올리고당', '참기름', '통깨', '고추장', '고추가루', '액젓', '소금', '참기름', '통깨', '식용유', '설탕', '간장 T', '올리고당', '참기름', '통깨']"
7026587,"['우리밀 (중력분밀가루)', '김치', '부침가루', '튀김가루']"
7026586,"['불린쌀', '올리브', '토마토', '비엔나소시지', '양파', '올리브유', '생수']"
7026582,"['꽈리고추', '멸치', '고추가루', '진간장', '쌀엿', '다진마늘', '들기름', '깨']"
7026580,"['깍두기', '대파', '밥', '고추장', '깍두기 국물', '원당', '들기름', '깨']"
7026579,"['청어알젓갈', '밥', '계란프라이', '오이 조금', '참기름 조금', '깨 조금']"
7026578,"['낙지젓갈', '면', '양상추 넉넉히', '조미김', '참기름 조금', '깨 조금', '고추장', '매실청', '연겨자 조금', '메이플시럽', '식초', '간장']"
7026577,"['수박껍질', '대파 흰부분 조금', '소금', '고추가루', '고추장', '다진마늘', '2배사과식초', '올리고당', '설탕', '참기름 조금', '통깨 조금']"
7026576,"['참치캔', '양파', '당근 슬라이스', '대파', '풋고추', '계란', '부침가루', '소금', '후춧가루 약간', '참기름', '식용유 넉넉히', '케찹 취향껏']"
7026575,"['밥', '대파', '계란', '맛술', '식용유', '냉동새우 중사이즈', '후춧가루 약간', '소금', '간장', '참기름']"
7026573,"['다진고기', '양파', '호박', '가지', '감자', '방울토마토', '토마토소스', '모짜렐라치즈 개별포장', '소금 약간', '후추 약간', '맛술', '다진마늘']"
7026572,"['콩나물', '중멸치', '식용유', '진간장', '맛술', '간마늘', '고춧가루', '설탕', '참기름', '들기름', '통깨']"
7026571,"['크로와상생지', '계란 물 적당량', '무염버터', '설탕', '흑설탕', '소금 적당량', '계란', '바닐라오일 적당량', '박력분', '베이킹파우더', '초코칩']"
7026570,"['대패삼겹살', '소금', '후추', '숙주', '양파', '당근 조금', '대파잎', '다진마늘', '굴소스', '간장', '후추', '통깨', '참기름']"
7026569,"['스팸', '두부', '감자', '양파', '애호박', '대파', '청양고추', '식용유', '고추기름', '다진 마늘', '진간장', '설탕', '물', '멸치액젓']"
7026568,"['달걀', '소금', '물', '세발나물 약간']"
7026567,"['마늘쫑', '다시마', '다시마 우린 물', '진간장', '설탕', '식초', '소주']"
7026566,"['새우', '소금', '후추', '큐민', '파프리카 파우더', '마늘 파우더', '식용유', '홀그레인 머스타드', '마요네즈', '레몬즙', '설탕', '또띠아', '샐러드 믹스', '아보카도', '방울토마토', '마요네즈']"
7026565,"['당면', '양파', '어묵', '피망', '빨강파프리카', '팽이버섯', '세발나물', '간장', '매실액', '생강청', '참기름']"
7026564,"['무', '굵은 소금', '고춧가루', '액젓', '매실액', '생강청']"
7026563,"['마늘쫑', '마늘', '청양고추 조금', '홍고추 조금', '대파 조금 (흰부분)', '참치액젓', '참기름', '깨소금', '소금 조금']"
7026562,"['삼겹살', '통후추', '양파', '월계수잎', '통마늘', '대파', '된장', '새우젓']"
7026561,"['스팸', '양배추', '쪽파', '양파', '계란', '깻잎', '간장', '맛술', '참치액', '설탕', '참기름', '마요네즈', '물', '후추 톡톡']"
7026559,"['육회용 소고기', '토마토', '양배추 썰어서', '아기 상추', '파인애플 썰은것', '머루발사믹', '식초', '마늘 다짐']"
7026558,"['삶은 감자', '양배추', '게맛살', '캔 옥수수', '오이', '당근', '양파 작은 것', '소금', '설탕', '타르타르 소스', '마요네즈']"
7026557,"['염장 미역줄기', '양파', '식용유', '다진 마늘', '매실액', '통깨', '참기름', '소금 약간 (간이 부족할 경우만)']"
7026556,"['쑥', '당근', '튀김가루', '밀가루', '물', '참치액젓', '식용유 넉넉히']"
7026555,"['알타리 무', '쪽파', '찹쌀풀', '액젓', '새우젓', '설탕', '간마늘', '간생강', '양파', '사과', '소금', '고춧가루']"
7026554,"['식빵', '양배추', '계란', '대파', '소금', '버터', '마요네즈', '허니갈릭치킨소스', '슬라이스치즈', '루꼴라', '올리브']"
7026553,"['신김치', '우삼겹', '청양고추', '대파', '부침가루', '튀김가루', '물']"
7026552,"['무', '천일염', '물', '물', '식초', '설탕', '소금', '고춧가루']"
7026551,"['전복 키트', '쌀', '물', '계란', '김밥용김', '소금', '식용유', '참기름', '통깨']"
7026550,"['식빵', '감자', '오이', '양배추', '맛살', '마요네즈', '소금', '후추', '양상추', '딸기잼']"
7026549,"['김치', '튀김가루', '물', '베이컨']"
7026548,"['통삼겹살', '통마늘', '대파', '인스턴트커피', '된장', '통후추']"
7026547,"['냉동 고등어', '카레가루 솔솔솔', '식용유 조금씩 (포도씨유)', '쌀뜨물 넉넉하게']"
7026546,"['돼지고기', '우리밀 빵가루', '계란', '양파', '마늘', '간장', '허브솔트 약간', '바질가루 약간', '베이컨', '양파', '설탕', '홀그레인머스터드', '케찹', '방울토마토', '식용유', '소금 약간', '후추 약간', '케찹', '마요네즈', '가지', '호박', '우리밀 빵가루', '파마산치즈', '파슬리 약간', '소금 약간', '후추 약간']"
7026545,"['숙주나물', '오이', '당근', '물', '맛술', '간마늘', '액젓', '맛소금', '깨소금', '참기름', '통깨']"
7026544,"['새송이버섯', '빨간 파프리카', '노란 파프리카', '다진마늘', '진간장', '올리고당', '소금', '소금', '올리브오일', '물', '후추 톡톡톡', '통깨 솔솔솔']"
7026543,"['김밥용김', '밥', '깻잎', '마늘쫑멸치볶음', '단무지', '마요네즈', '참기름']"
7026542,"['백오이', '소금', '설탕', '3배 식초', '다진마늘', '통깨', '백오이', '소금', '설탕', '식초', '다진마늘', '통깨']"
7026541,"['팬케익믹스', '밀가루', '소금', '베이킹파우더', '설탕', '생크림', '우유', '계란', '계란', '설탕', '생크림', '설탕']"
7026538,"['연두부', '샐러드야채', '유자청', '올리브오일', '양조간장', '다진마늘', '레몬즙', '깨소금']"
7026537,"['베이글', '플레인 크림치즈', '쪽파', '베이컨', '레몬즙', '꿀 약간']"
7026536,"['우리밀 밀가루', '찹쌀 가루', '설탕', '물', '크림치즈', '양파', '올리고당', '소금', '파슬리가루', '식용유', '새싹나물', '파슬리가루']"
7026535,"['오이', '당근', '마른 홍고추', '물', '강황가루', '식초', '스테비아', '설탕', '통후추', '소금']"
7026532,"['상추', '멸치액젓', '고춧가루', '다진마늘', '꿀', '매실청', '식초', '간 깨', '참기름']"
7026531,"['단호박', '빵가루', '물', '건대추']"
7026530,"['상추', '양파', '당근 약간', '진간장', '식초', '매실청', '참기름', '멸치액젓', '설탕', '고춧가루', '다진마늘', '통깨 약간']"
7026529,"['두부', '올리브오일 넉넉히', '만능땡초장 적당히']"
7026528,"['식빵', '치즈', '달걀', '당근', '양배추', '대파', '베이컨', '버터', '케찹', '꿀', '소금 조금']"
7026527,"['가지', '전분가루', '대파', '고추가루', '간장', '굴소스', '마늘', '들기름', '통깨']"
7026526,"['오이', '청양고추', '간마늘', '스테비아 설탕', '식초', '소금', '참치액', '통깨']"
7026525,"['묵은지', '돼지고기', '맛술', '다진생강', '후추 약간', '쌀뜨물', '양파', '대파', '다진마늘', '두부', '설탕']"
7026524,"['양송이 버섯', '생크림', '우유', '버터 조금', '소세지', '베이컨', '슬라이스치즈', '마늘 (슬라이스)', '다진마늘', '양파', '치킨스톡', '후추 조금', '굵은소금', '파슬리 조금', '바질 조금', '페퍼론치노']"
7026523,"['두부', '돼지고기 다짐육', '대파', '양파', '마늘', '설탕', '맛소금', '다시다', '고춧가루', '후추']"
7026522,"['말차파우더', '뜨거운 물', '얼음 적당량', '우유', '에스프레소']"
7026521,"['송화버섯', '당근 약간', '대파', '들기름', '간장', '매실액']"
7026520,"['자른미역', '대파', '오이고추', '당근 약간', '빨강파프리카', '액젓', '매실액', '식초', '생강청', '깨', '다진마늘']"
7026519,"['오징어', '무', '양파', '대파', '홍고추', '다진 마늘', '고추장', '고춧가루', '국간장', '까나리액젓', '동전 육수', '물']"
7026518,"['무뼈닭발', '고추장', '고춧가루', '간장', '술', '매실액', '생강청', '다진마늘', '후추', '참기름 톡톡']"
7026517,"['컵누들', '닭가슴살', '양파 약간', '양배추 약간', '모짜렐라치즈']"
7026516,"['콩나물', '두부', '대파', '고춧가루', '설탕', '진간장', '액젓', '다진 마늘', '코인 육수', '물']"
7026515,"['메추리알', '소고기다짐육', '물', '진간장', '맛술', '설탕', '올리고당', '분말 육수', '통깨 약간']"
7026514,"['알배추', '두부', '간장', '설탕', '다진마늘', '고춧가루', '참기름 약간']"
7026513,"['생 홍합', '칼국수면', '물', '양파', '호박', '당근', '통마늘', '청양고추', '대파', '국간장', '참치액젓', '맛술', '소금', '후추 조금']"
7026512,"['우리밀', '오이', '미역 조금', '작은 양파', '파프리카 조금', '식초', '설탕', '소금', '생수', '통깨', '참기름', '고춧가루']"
7026511,"['미니새송이버섯', '통마늘', '식용유', '진간장', '올리고당', '참기름', '통깨', '후추 조금']"
7026510,"['스팸', '두부', '양파', '대파', '청양고추', '물', '고추장', '고춧가루', '진간장', '맛술', '후춧가루']"
7026509,"['닭다리살', '고형카레', '물', '우유', '감자', '양파', '당근', '식용유', '후추 조금']"
7026508,"['두릅', '차돌박이', '간장', '설탕', '맛술', '다진마늘', '참기름', '후추 톡톡', '굴소스', '물']"
7026507,"['삼겹살', '밥', '마늘', '소금', '후추 조금', '대파', '굴소스', '깨소금', '참기름']"
7026506,"['애호박', '계란', '소금', '부침가루', '소금 솔솔솔 (밑간)', '식용유 넉넉하게 (카놀라유)', '진간장', '물', '식초']"
7026505,"['팩 순대', '사골육수', '물', '돼지고기다짐육', '느타리버섯', '깻잎', '양파', '대파', '중국당면', '식용유 조금', '고춧가루', '고추장', '된장', '맛술', '국간장', '다진마늘', '들깨가루', '후추 넉넉히']"
7026504,"['도가니', '스지', '대파', '간장', '식초', '겨자', '물', '다진마늘', '대파']"
7026503,"['닭가슴살', '계란', '밥', '간장', '소금']"
7026502,"['소고기 구이용', '사과', '양파', '간장', '설탕', '매실청', '생강가루', '참기름', '다진 마늘']"
7026501,"['연유', '코코아파우더 ']"
7026500,"['감자', '대파', '물', '버터', '생크림', '우유', '체다치즈', '파마산치즈']"
7026499,"['양파', '자숙 조개', '버터', '후춧가루', '시판용 닭볶음탕 소스']"
7026498,"['감자', '부침가루', '청양고추', '물', '소금']"
7026497,"['콩나물', '대파', '다진 마늘', '참치액', '참기름', '고춧가루', '통깨 솔솔솔', '물']"
7026496,"['오이', '양파', '소금', '고춧가루', '고추장', '식초', '설탕', '매실액', '다진 마늘', '다진 파', '참기름', '통깨']"
7026495,"['계란', '대파', '베이컨', '마요네즈', '소금', '설탕', '후추']"
7026491,"['상추', '오이', '크래미', '치즈', '단무지', '마요네즈', '후추 조금', '식초', '설탕', '소금 적당히', '밥', '참기름', '소금', '통깨']"
7026490,"['오이고추', '쌈장', '된장', '참기름', '조청', '통깨', '캐슈넛']"
7026489,"['양념꽃게장 몸통', '꽃게', '양념', '된장양념', '대파', '양파', '곰취', '물', '된장', '멸치액젓', '고춧가루', '청양고추 다대기', '천연조미료 가루', '다진마늘', '썬파', '소주', '매실액']"
7026488,"['두부', '우삼겹', '양파', '청양고추', '대파', '다진 마늘', '참기름', '멸치육수', '재래식 된장']"
7026487,"['딸기', '우유', '요거트', '꿀', '얼음']"
7026486,"['감자', '생크림', '우동면', '액상 커리', '당근', '양파', '양송이', '버터', '소금', '파슬리가루 ']"
7026485,['통마늘']
7026484,"['새우', '베이컨', '아스파라거스', '빨간 파프리카 조금', '올리브유']"
7026483,"['식빵', '삶은 계란', '삶은 감자', '양배추', '당근', '크래미 적당량', '딸기쨈 적당량', '마요네즈', '설탕', '후추 적당량', '마요네즈', '케첩', '후추 적당량', '소금']"
7026482,"['통삼겹', '식용유', '통마늘', '굵은소금 약간']"
7026481,"['가지', '어린잎 채소', '새싹채소', '다진 파프리카', '올리브', '견과류', '발사믹식초']"
7026480,"['새우', '대파 조금', '마늘', '청양고추', '당근 조금', '원당', '진간장', '후춧가루 톡톡톡']"
7026479,"['칼국수면', '사골곰탕', '물', '다진마늘', '소금', '계란', '김가루', '대파', '후춧가루', '식용유', '소금']"
7026478,"['멸치', '김치 조금', '양파 작은거', '새송이버섯 작은거', '호박', '청양고추', '대파', '두부', '청국장', '된장', '간마늘', '쌀뜨물', '마늘', '된장', '청국장']"
7026477,"['밥', '새우', '양파', '당근', '파프리카', '달걀', '식용유', '소금 약간', '후춧가루 약간']"
7026476,"['부추', '검은깨', '마요네즈', '꿀']"
7026475,"['김밥용김', '진간장', '황태채소 육수', '올리고당', '설탕', '양조식초', '볶은 깨 갈아준것']"
7026474,"['생닭', '양파', '통마늘', '대파 넉넉히', '쪽파 넉넉히', '강황가루 약간만', '소금 약간만']"
7026473,"['국수', '김치', '설탕', '마늘', '간장', '참기름']"
7026472,"['새송이버섯', '대파', '양파', '무', '숙주', '고사리', '당면', '들기름', '고운고춧가루', '어간장', '참치액', '맛술', '마늘', '물', '다시마', '후추', '식용유', '소금 약간']"
7026471,"['상추', '쌀뜨물', '동전육수', '된장', '홍초', '청양초', '소금 약간']"
7026470,"['공기밥', '참기름', '소금 약간만', '참치캔', '마요네즈', '후춧가루 약간만', '감태 가루 넉넉히', '구운 감태']"
7026469,"['청양고추', '양파', '다진 마늘', '올리브오일 적당히', '물', '참치액', '간장', '참기름', '빨간 파프리카', '깨 넉넉히']"
7026468,"['한우 사골곰탕', '미역', '양파', '참치액']"
7026467,"['통 로메인', '후추 적당량', '올리브오일 적당량', '통조림햄', '블랙올리브']"
7026466,"['열무', '단배추', '양파', '배', '천일염', '보리밥', '생수', '붉은 고추', '새우젓', '멸치액젓', '죽염', '청양고추']"
7026465,"['우리밀 밀가루', '양파', '대파', '큰 당근', '표고버섯', '바지락', '감자', '칵테일새우', '소금', '참치액젓', '다진마늘', '후추 약간']"
7026464,"['식은 밥', '콩나물', '신 김치', '대파', '물', '코인 육수', '간 마늘', '액젓']"
7026463,"['두부', '대파줄기', '다진돼지고기', '식용유', '국간장', '참치액', '참기름', '다진마늘', '고춧가루', '후추', '통깨', '양념장']"
7026461,"['밥', '백다다기 오이', '김', '명란젓무침 (쌈장 땡초된장으로 대체 가능)', '소금', '설탕', '식초']"
7026460,"['알감자', '버터', '소금', '설탕', '파슬리가루 조금']"
7026459,"['삶은 시래기', '갈치', '대파', '양파', '청양고추', '멸치육수', '고추장', '고춧가루', '다진마늘', '맛술', '간장', '설탕', '후추', '편생강']"
7026458,"['냉이', '칵테일새우', '부침가루', '물', '양파', '간장', '사과식초', '설탕', '물 약간']"
7026457,"['무', '대파', '양파', '찬밥', '다진마늘', '고춧가루', '참치액', '새우젓', '요구르트', '다진 생강', '매실액', '소금']"
7026456,"['삼겹살', '양파', '미나리', '조선간장', '굴소스', '다진마늘', '설탕', '맛술', '올리고당', '매실청', '생강가루 약간', '후추 약간', '물']"
7026455,"['우리밀', '보리쌀', '쌀', '양파', '부추', '고추장']"
7026454,"['청경채', '당근', '홍고추', '진간장', '물', '멸치', '사과', '양파', '생강', '마늘', '물엿']"
7026453,"['푸실리면', '올리브유', '알룰로스', '설탕', '검은깨', '소금']"
7026452,"['오이', '소금', '양파', '대파', '고추장', '고춧가루', '간장', '설탕', '올리고당', '식초', '매실청', '다진 마늘', '참기름', '통깨']"
7026451,"['식용유', '달걀', '간장', '밥', '들기름', '통깨']"
7026450,"['박력분', '시나몬파우더', '마스코바도', '소금 약간', '견과류', '무염버터', '계란', '흑설탕', '바닐라오일 약간', '카놀라유', '박력분', '시나몬파우더', '베이킹파우더', '견과류', '당근', '마스카포네치즈', '슈가파우더', '생크림', '레몬즙']"
7026449,"['감자', '물', '설탕', '소금']"
7026448,"['닭 정육', '굵은소금', '후추 약간', '포도씨유', '묵은지 작은', '감자', '양파', '당근', '대파', '청양고추', '고추장', '고춧가루', '진간장', '다진마늘', '물엿', '맛술', '참기름', '양파당']"
7026447,"['묵은지 김치', '밀가루', '물', '양파']"
7026446,"['김치', '김치국물', '돼지고기 앞다리살', '양파', '대파', '두부', '다진마늘', '새우젓', '진간장', '고춧가루', '굵은소금', '식초', '식용유', '물']"
7026445,"['소면', '열무김치', '고추장', '설탕', '참기름', '매실액', '통깨']"
7026444,"['건미역', '소고기', '참기름', '다진마늘', '간장', '멸치액젓', '소금', '물']"
7026443,"['오이', '굵은 소금', '홍고추', '소금', '멸치액젓', '마요네즈', '식초', '스테비아', '마늘', '대파 조금']"
7026442,"['박력분', '설탕', '소금', '베이킹파우더', '차가운버터', '초코칩', '우유', '계란']"
7026441,"['달걀 흰자', '바닐라익스트랙', '설탕', '코코넛가루']"
7026440,"['새송이버섯', '홍고추', '청양고추', '대파', '액젓', '들깨가루', '참기름', '가루 육수', '통깨 약간']"
7026439,"['소고기다짐육', '밥', '대파', '당근', '애호박', '굴소스', '참기름', '깨소금', '식용유', '진간장', '설탕', '다진마늘', '맛술', '후추 조금']"
7026438,"['냉동 대패삼겹살', '대파', '소금 약간', '후추 약간', '진간장', '콜라', '소주', '쌍화탕', '설탕', '후추']"
7026437,"['딸기', '바나나', '꿀', '우유', '식초']"
7026436,"['신김치', '스팸', '물', '김치국물', '고춧가루', '국간장', '대파', '후추 조금', '식용유']"
7026435,"['열무', '양파', '쪽파', '청양고추', '홍고추', '제피가루', '굵은소금', '물', '찹쌀가루', '물', '마늘', '양파', '건조 생강', '새우젓갈', '갈아만든배', '홍고추', '설탕', '멸치액젓', '고춧가루']"
7026434,"['계란', '크래미', '가는소금', '후추 조금', '식용유 넉넉히']"
7026433,"['신김치', '콩나물', '멸치육수', '대파', '두부', '청양고추', '고춧가루', '다진마늘', '국간장', '멸치액젓', '참기름', '굵은소금', '후추 조금']"
7026432,"['깻잎순', '굵은소금', '국간장', '참기름', '통깨', '식용유', '다진마늘', '들깨가루']"
7026431,"['밥', '파', '계란', '굴소스', '소금 조금', '버터']"
7026430,"['순두부', '물', '참치', '양파', '대파', '달걀', '다진 마늘', '고춧가루', '진간장', '액젓']"
7026429,"['매운 라면', '소불고기', '대파 약간', '물', '통깨 약간']"
7026428,"['당근', '계란', '설탕', '포도씨유', '설탕', '박력분', '소금', '베이킹파우더', '견과류']"
7026427,"['옥수수콘', '양배추', '파프리카', '양파', '식초', '설탕', '마요네즈', '소금']"
7026426,"['닭 볶음탕용', '신 김치', '고구마', '대파', '양파', '물', '통깨 약간', '고춧가루', '진간장', '설탕', '쌈장']"
7026425,"['김치 국그릇 가득', '양파 작은거', '대파 조금', '두부', '고추참치', '물', '국간장']"
7026424,"['말린 애호박', '대파', '들기름', '고춧가루', '고추장', '간장', '설탕 반 큰술', '다진 마늘', '물']"
7026423,"['도라지', '오이', '양파', '통깨 약간', '고춧가루', '고추장', '다진 마늘', '간장', '설탕', '식초', '깨소금', '굵은소금', '설탕']"
7026422,"['껍질 깐 더덕', '고추장', '진간장', '설탕', '꿀', '맛술', '다진 마늘', '참기름', '잣가루 약간 (생략가능)']"
7026421,"['애호박', '부침가루', '계란', '맛소금 적당히']"
7026420,"['가지', '쪽파', '홍고추', '전분가루', '식용유', '돼지고기다짐육', '진간장', '맛술', '설탕', '참기름', '다진마늘']"
7026419,"['달래', '간장', '매실액', '고추가루', '참기름', '설탕', '참치액', '통깨']"
7026418,"['모듬 곱창', '숙주', '꼬마 새송이버섯', '쪽파', '오이고추', '식용유']"
7026417,"['통밀식빵', '땅콩버터', '사과', '바나나']"
7026416,"['곰취', '된장', '멸치액젓', '고춧가루', '청양고추 다대기', '천연조미료 가루', '다진마늘', '썬파', '소주', '매실액']"
7026415,"['브리오슈 식빵', '계란', '설탕', '우유', '계피가루', '버터', '바닐라아이스크림', '계란노른자', '전분', '설탕']"
7026414,"['미나리', '양파', '당근 조금', '청양고추', '홍고추', '대파', '다진마늘', '고추가루', '참치액젓', '참기름', '설탕', '소금 조금', '깨소금']"
7026413,"['양고기 토마호크 ', '감자', '양파', '파', '올리브유', '소금', '후추', '쯔란']"
7026412,"['소고기 부채살', '홍파프리카', '노란 파프리카', '피망', '그린빈', '아스파라거스', '다진마늘', '캐찹', '굴소스', '참치액젓', '설탕', '미림', '버터']"
7026411,"['마늘쫑', '빨간고추', '대파 흰부분', '고추장', '고추가루', '미림', '간장', '올리고당', '설탕', '참기름', '깨소금']"
7026410,"['쌀', '콩나물', '달래양념장']"
7026409,"['오이', '부추', '쪽파', '양파', '찬밥', '새우젓', '멸치다시마육수', '멸치액젓', '고춧가루', '매실청', '다진마늘', '물', '굵은소금']"
7026408,"['닭', '양파', '감자', '대파', '청양고추', '물', '통깨 솔솔솔', '고추장', '고춧가루', '진간장', '설탕', '다진 마늘', '후추 톡톡톡', '물', '소주']"
7026407,"['돼지고기등심 ', '밀가루 (또는 감자전분)', '빵가루', '계란', '우유', '우유', '크림스프', '물', '미원', '소고기다시다 적당량', '설탕', '맛소금']"
7026406,"['소고기 구이용', '무', '대파', '물', '참기름', '다진마늘', '고춧가루', '참치액', '까나리액젓', '맛술', '후춧가루 약간']"
7026405,"['또띠아', '버터', '다진마늘', '냉동새우', '후랑크소세지', '토마토', '소금', '모짜렐라치즈 듬뿍', '꿀 취향껏']"
7026404,"['레드와인', '사과', '귤', '조각 파인애플', '적 포도알', '레몬', '토닉워터 취향껏', '황설탕 취향껏']"
7026403,"['밥', '연근', '고구마', '다시마국물', '맛술', '간장', '올리고당', '전분물']"
7026402,"['어묵', '대파', '양파', '간장', '물엿 (또는 설탕)']"
7026401,"['팽이버섯', '계란', '대파']"
7026400,"['마늘쫑', '간장', '식초', '설탕', '물']"
7026399,"['오겹살', '양파', '대파', '통마늘', '된장']"
7026398,['애호박']
7026397,"['양파장아찌', '고춧가루', '설탕', '참기름', '깨']"
7026396,"['후랑크소세지', '대파', '계란', '단무지', '부추', '버터', '간장 (또는 소금)']"
7026395,"['연겨자', '간장', '식초', '설탕']"
7026394,"['양파', '애호박', '청양고추', '말린 표고버섯', '대파', '다진마늘', '다시다', '우렁 삶은 것', '물', '된장', '고추장']"
7026393,"['우리밀가루', '감자', '마', '병아리콩', '잣', '양송이', '수박', '오이', '소금', '들기름', '물', '올리브오일']"
7026392,"['주꾸미', '카사바 푸실리', '청경채', '숙주나물', '마늘', '페퍼론치노', '아보카도 오일', '굴 농축액', '건파슬리', '소금', '물']"
7026391,"['떡볶이떡', '떡국떡', '버섯', '양파', '대파', '닭안심살', '우유 적당량', '모짜렐라치즈 적당량', '고추가루', '고추장', '원당']"
7026390,"['당근', '단호박', '브로콜리', '물', '아보카도오일', '소금 ']"
7026389,"['다진 오리고기', '김', '고추장', '다진 마늘', '아보카도오일', '물', '깻잎', '묵은 김치', '채 썬 당근', '잡곡밥', '구운 김', '참기름 몇 방울']"
7026388,"['멸치', '대파', '육수', '김치', '돼지고기', '참치캔', '꽈리고추', '고추가루', '된장', '설탕', '식초']"
7026387,"['애호박', '당근 (약간)', '양파', '홍고추', '식용유', '다진 마늘', '새우젓', '참기름', '물', '통깨', '맛술']"
7026386,"['두부', '참치', '대파', '청양고추', '당근', '계란', '부침가루', '소금', '후추', '다진마늘 듬뿍', '간장', '물', '매실청', '올리고당', '식초', '참깨']"
7026385,"['양배추', '사과', '계란', '쌀가루', '알룰로스', '소금', '후추']"
7026384,"['양배추채', '계란', '청양고추', '굴소스', '진간장', '물', '참기름']"
7026383,"['사골곰탕', '떡국떡', '계란노른자', '대파 약간만', '소금 약간만']"
7026382,"['캔 참치', '양파', '대파', '청양고추', '상추', '밥', '된장', '미소된장', '고추장', '고춧가루', '마늘', '설탕', '액젓', '물', '참기름', '통깨']"
7026379,"['우리밀 통밀가루', '애호박', '당근', '달걀', '거피 들깨가루', '통 들깨', '김가루', '양조간장', '들기름', '소금 약간', '식용유 약간', '물']"
7026378,"['통밀 식빵', '계란', '야채', '닭가슴살', '치즈', '마요네즈']"
7026377,"['호밀빵', '체다치즈', '모짜렐라 치즈 넉넉히']"
7026376,"['닭볶음탕용', '감자', '양파', '당근', '파', '청양고추', '간장', '고춧가루', '맛술', '매실청', '올리고당', '다진마늘', '다진생강', '고추장', '후추 약간', '설탕']"
7026375,"['식빵', '알새우', '두부', '다진생강', '감자전분', '소금 (조절)', '마요네즈', '스리라차', '설탕', '레몬쥬스', '파슬리 가루']"
7026374,"['팽이버섯', '새송이버섯', '당근', '쪽파', '식용유', '부침가루', '계란', '물']"
7026373,"['양배추', '바나나', '우유', '꿀 약간']"
7026372,"['삼겹살 (구운)', '밥', '쪽파', '신김치', '들기름', '굴소스', '간장', '설탕', '후추']"
7026371,"['소면', '동치미 육수', '얼음 약간', '닭 가슴살', '월계수잎', '통후추', '맛술', '오이', '양파', '빨강 파프리카', '노랑 파프리카', '양배추 약간', '토마토 약간', '동치미육수', '설탕', '식초', '연겨자 약간', '소금']"
7026370,"['양상추', '대저토마토', '삶은 계란', '다진 양파', '아보카도오일', '간장', '식초', '설탕', '다진 마늘']"
7026369,"['상추', '고춧가루', '진간장', '설탕', '식초', '참기름', '통깨']"
7026368,"['닭다리살', '편마늘', '대파', '허브솔트', '전분가루', '물', '식용유', '간장', '설탕', '올리고당', '굴소스']"
7026367,"['시금치', '국간장', '참치액', '다진마늘', '참기름', '통깨', '소금 약간 (부족한 간)', '굵은소금', '식초']"
7026366,"['마카로니', '소세지', '당근', '마요네즈', '황설탕', '머스타드소스', '후추', '물', '소금']"
7026365,"['중력분', '백설탕', '버터', '물', '우유', '버터', '소금', '중력분', '계란', '커드파우더', '물', '바닐라익스트랙', '동물성 휘핑크림', '식물성 휘핑크림']"
7026364,"['삼겹살', '오징어', '양파', '당근', '쪽파', '깻잎', '고춧가루', '다진마늘', '고추장', '설탕', '간장', '후추']"
7026363,"['통닭', '오일스프레이', '허브솔트', '다진 마늘', '다진 생강', '간장', '올리고당', '설탕', '굴소스']"
7026362,"['전란', '황설탕', '포도씨유', '박력분', '아몬드 가루', '소금', '베이킹파우더', '베이킹소다', '시나몬 파우더', '당근', '피칸 소량', '크림치즈', '버터', '설탕', '연유', '생크림', '아몬드가루', '슈가파우더', '흰자', '색소 소량']"
7026361,"['연어필렛', '양파', '쪽파', '와사비', '간장', '물', '설탕', '식초']"
7026360,"['꽃상추', '청상추', '양파', '대파', '청양고추', '마늘', '진간장', '멸치액젓', '매실액', '고춧가루', '참기름', '깨소금', '통깨']"
7026359,"['햄', '맛살', '단무지 (김밥)', '쪽파', '계란']"
7026358,"['감자', '양파', '삼겹살', '대파', '물', '고추장', '고춧가루', '다진마늘', '참치액젓', '국간장', '설탕']"
7026357,"['토마토', '바질', '자일로스 설탕', '올리고당', '레몬주스']"
7026356,"['새싹삼', '우유', '꿀']"
7026355,"['스파게티', '오일', '청양고추', '통마늘', '다진마늘', '베이컨', '쪽파', '면수', '파마산치주가루', '소금']"
7026354,"['코다리', '시래기', '양파', '대파', '청양고추', '홍고추', '코인육수', '물', '진간장', '참치액', '고춧가루', '다진 마늘', '설탕', '통깨', '된장', '생강가루 약간']"
7026353,"['버터', '슈거파우더', '소금', '바닐라익스트랙', '전란', '박력분', '코코아파우더', '전분', '버터', '슈거파우더', '소금', '바닐라익스트랙', '전란', '박력분', '전분']"
7026352,"['양념된 돼지곱창', '양파', '대파', '마늘', '다진생강', '기름', '상추']"
7026351,"['계란', '대파', '굴소스', '후추', '참기름', '밥', '기름']"
7026349,"['당근', '부침가루', '소금']"
7026348,"['케일', '당근', '사과', '아몬드슬라이스', '당근', '올리브유', '소금', '화이트발사믹식초']"
7026347,"['무염버터', '설탕', '소금 약간', '노른자', '바닐라오일 약간', '박력분', '황치즈파우더', '베이킹파우더', '베이킹소다', '마카다미아', '화이트초콜릿']"
7026346,"['생바지락', '불린미역', '청양고추', '마늘', '국간장', '참치액', '소금']"
7026344,"['돼지고기', '방울토마토', '당근', '통마늘', '양파', '분말카레', '물']"
7026343,"['가열용 버터', '버터', '설탕', '소금', '계란 노른자', '바닐라익스트랙', '박력분', '아몬드파우더']"
7026342,"['노른자', '생크림', '우유', '설탕', '바닐라익스트랙', '버터', '설탕', '차가운 물', '박력분', '소금']"
7026341,"['버터', '달걀 흰자', '꿀', '설탕', '아몬드가루', '박력분', '코코넛가루', '파인애플', '통조림 국물', '설탕', '레몬즙', '코코넛가루 소량']"
7026340,"['달걀 흰자', '설탕', '아몬드가루', '분당', '박력분', '버터', '슈가파우더', '바닐라익스트랙 소량', '연유', '크림치즈', '무염버터', '슈가파우더', '코코아파우더 소량']"
7026339,"['부추', '까나리액젓', '새우젓', '생강청', '매실액', '다진마늘', '고춧가루', '찹쌀풀']"
7026338,"['모듬 어묵', '양파', '들기름', '저염간장', '매실액', '생강청']"
7026337,"['세발나물', '집된장', '고추장', '소금', '깨', '참기름']"
7026336,"['돼지 목살', '소금', '후추', '밀가루', '계란', '빵가루', '양파', '쪽파', '양송이', '식용유', '다진마늘', '굴소스', '밥', '소금', '계란', '소금', '돈까스소스']"
7026335,"['아몬드파우더', '슈가파우더', '흰자', '설탕', '식용색소 소량', '화이트초콜렛', '버터', '슈가파우더', '생크림', '연유', '바닐라에센스']"
7026334,"['숏 파스타면', '올리브유', '방울토마토', '아보카도', '샐러드 야채', '참치', '레몬즙', '콘샐러드', '소금', '파마산치즈']"
7026333,"['퀴노아', '닭안심', '바질', '샐러드야채', '오이', '치아씨드', '해바라기씨', '아몬드', '건크랜베리', '햄프씨드', '잣', '건무화과', '건구기자', '파마산치즈', '레몬즙', '발사믹식초', '올리브오일', '세미드라이드토마토']"
7026332,"['배추', '쪽파', '양파', '사과', '굵은 소금', '고추가루', '멸치액젓', '새우젓', '다진마늘', '뉴슈가', '찹쌀풀국', '통깨']"
7026331,['두릅']
7026330,"['진짬뽕', '체다 치즈', '새우', '우유', '물', '마늘', '양송이 버섯', '양파', '식용유', '청양고추 (선택재료)']"
7026329,"['닭', '감자', '대파', '양파', '청양고추', '물', '간장', '고춧가루', '설탕', '다진마늘', '쌈장', '소금']"
7026328,"['양파', '발사믹식초', '닭가슴살 (or 닭안심살)', '샐러드야채 ', '방울토마토', '파프리카', '치즈']"
7026327,"['마늘', '꿀']"
7026326,"['깻잎', '양파', '대파', '청양고추', '당근 약간', '간장', '고춧가루', '다진마늘', '깨', '참기름']"
7026325,"['냉이', '생콩가루', '대파', '청양고추', '된장', '다진마늘', '고추장']"
7026324,"['마늘쫑', '밀가루', '대파', '간장', '고춧가루', '다진마늘', '설탕', '깨', '참기름']"
7026323,"['계란', '스팸']"
7026322,"['양배추', '양파', '당근', '소금', '후추', '계란', '버터', '체다치즈 (모짜렐라치즈)', '칠리소스']"
7026321,"['오이', '양파', '홍고추', '국간장', '고춧가루', '맛소금', '매실청', '식초', '참기름', '통깨']"
7026320,"['곶감', '그릭요거트', '하루견과', '꿀 약간']"
7026319,"['식빵', '계란', '우유', '버터', '설탕', '소금', '시나몬가루 톡톡톡 (옵션)', '슈가파우더 톡톡톡', '방울토마토']"
7026318,"['깻잎', '대파', '양파', '진간장', '멸치액젓', '참기름', '설탕', '고춧가루', '다진마늘']"
7026317,"['치킨텐더', '양파', '밥', '버터', '식용유', '진간장', '올리고당']"
7026316,"['한돈 앞다리살 불고기감', '양파', '대파', '다진마늘', '다진생강', '소주', '매실액', '후추', '고추장', '된장', '설탕', '고춧가루', '멸치액젓', '콩나물 (데친)', '밥']"
7026315,"['마늘쫑', '잔멸치', '마늘', '간장', '요리당', '통깨']"
7026314,"['계란', '우유', '소금', '쪽파', '비타민', '방울토마토', '쉬레드에멘탈치즈']"
7026313,"['팽이버섯', '크래미', '미니파프리카', '쪽파', '달걀', '부침가루', '소금 약간', '후추 약간', '참치액']"
7026312,"['쪽갈비', '간장', '맛술', '생강술', '설탕', '꿀', '사과즙', '배즙', '양파', '마늘', '후춧가루']"
7026311,"['라이스페이퍼', '스파게티소스', '양파', '파프리카', '햄', '콘옥수수', '피자치즈', '식용유']"
7026310,"['강력분', '박력분', '설탕', '소금', '얼그레이티백', '베이킹파우더', '무염버터', '우유', '플레인요거트', '오렌지필', '계란']"
7026309,"['반건조 무화과', '물', '포도주', '설탕', '물', '생크림', '버터', '달걀', '달걀', '설탕', '박력분', '아몬드가루', '베이킹파우더', '럼주 약간 (술)']"
7026308,"['우삼겹', '마늘종', '쪽파', '팽이버섯', '꽈리고추', '청양고추', '간장', '설탕', '식초', '마늘', '후춧가루 톡톡톡']"
7026307,['계란']
7026306,"['버터', '계란', '황설탕', '물엿', '박력분', '아몬드파우더', '코코아파우더', '베이킹파우더', '소금', '커버춰', '커버춰', '생크림', '버터']"
7026305,"['마늘종', '물', '굵은소금', '생강술']"
7026304,"['당면', '우삼겹', '맛술', '냉동 새우', '어묵', '배추잎', '청경채', '숙주', '두부면', '사골곰탕', '마라소스']"
7026303,"['오이피클 (배달)', '대파', '마늘', '국간장', '깨소금', '고춧가루']"
7026302,"['김', '밥', '통오이', '참기름 조금', '깨 조금']"
7026301,"['돼지고기', '양파', '버터', '토마토소스', '우유', '파슬리 취향껏', '송이버섯', '후추 취향껏']"
7026300,"['계란', '양배추', '가쓰오부시', '양파', '혼다시', '물', '부침가루', '마요네즈', '데리야끼 (혹은 돈가쓰소스 또는 오모노야끼소스)']"
7026299,"['배추김치', '토마토', '양파', '다시팩', '고춧가루', '식용유', '들기름', '국간장', '설탕']"
7026298,"['딸기', '바나나', '우유', '꿀', '스피아민트']"
7026297,"['애호박', '마늘', '대파', '진간장', '고춧가루', '알룰로스', '깨소금', '참기름']"
7026296,"['또띠아', '바나나', '땅콩버터', '계란', '소금', '전분']"
7026295,"['소고기 (많이 넣을수록 맛있음)', '양파', '미역', '물', '들기름 (참기름)', '국간장', '소고기다시다 (적당히)', '멸치액젓 (조금)']"
7026294,"['돌미나리', '튀김가루', '물', '포도씨유', '간장', '식초']"
7026293,"['머위대', '양파', '대파', '물', '다진마늘', '집간장', '소금', '들깨가루', '들기름', '검은깨 약간', '통깨 약간']"
7026292,"['물', '식초', '냉동 절단꽃게', '양조간장', '고춧가루', '설탕', '식초', '다진마늘', '다진생강', '깨 약간', '대파']"
7026291,"['식빵', '버터', '올리브유', '통후추 약간', '페페론치노 약간', '크림치즈', '꿀', '레몬즙', '오이', '소금', '설탕', '식초']"
7026290,"['완숙 토마토', '꿀', '소금', '물']"
7026289,"['사각어묵', '팽이버섯', '통깨 약간', '고춧가루', '고추장', '간장', '설탕', '물', '쪽파 약간']"
7026288,"['크래미', '팽이버섯', '달걀', '깻잎', '굴 소스', '두반장', '스리라차 칠리소스', '식용유', '표고버섯 분말']"
7026287,"['등뼈', '월계수잎', '청양고추', '통마늘', '대파', '만두 조금', '떡 조금', '당면 조금', '부추 조금', '감자 조금', '소갈비양념', '양파청', '다진마늘', '맛술', '후추 톡톡', '베트남 고추가루']"
7026286,"['동물성 휘핑크림', '흑임자파우더', '설탕', '얼음 적당량', '우유', '에스프레소', '흑임자파우더 약간 (생략가능)']"
7026285,"['미역줄기', '당근', '양파', '초장', '맛술', '알룰로스', '다진 마늘', '통깨', '참기름']"
7026284,"['돼지고기 앞다리살', '얼갈이', '감자', '양파', '대파', '사골육수', '된장', '고추장', '고추가루', '다진마늘', '들깨가루', '참치액', '맛술', '들기름']"
7026283,"['콩나물', '당근', '다진파', '다진마늘', '고추가루', '집 국간장', '참치액', '통깨', '참기름']"
7026282,"['현미밥', '참치캔', '로메인', '파프리카', '오이', '초고추장']"
7026281,"['밥', '닭가슴살', '애호박', '파프리카', '후추 조금', '케첩', '굴소스']"
7026280,"['모시조개', '막걸리', '버터', '파스타면', '페페론치노']"
7026279,"['두부', '후추 조금', '다짐육', '간장', '다진마늘', '올리고당', '미림']"
7026278,"['김밥김', '오이', '밥', '단촛물', '참기름 약간', '된장 (땡초된장 선택재료)', '설탕', '식초', '소금', '땡초', '쌈장', '통깨 약간']"
7026277,"['표고버섯', '슬라이스 햄', '양파', '대파', '다진 마늘', '굴소스', '참기름', '참깨']"
7026276,"['떡갈비', '김치 넉넉히', '간장', '설탕', '식초', '깨소금']"
7026275,"['메밀국수', '보리 들기름', '메밀소바장국 소스', '깻잎', '오이', '김자반', '토마토']"
7026274,"['우리밀', '비트가루 약간만', '황태채', '대파 넉넉히', '참기름', '소금 약간만', '국간장']"
7026273,"['어묵', '오이', '당근', '맛살', '달걀', '단무지', '우엉조림', '상추', '밥', '김밥용김', '참기름 조금', '깨 조금', '고춧가루', '간장', '굴소스', '올리고당']"
7026272,"['비엔나 소세지', '넙적당면', '베이컨', '떡볶이떡', '생크림', '우유', '떡볶이시판 소스', '고추장', '고춧가루', '후추', '카레가루']"
7026271,"['돼지고기 앞다리살', '양배추', '대파', '양파', '고추장', '고춧가루', '설탕', '올리고당', '맛술', '간장', '다진마늘', '편생강', '후추', '통깨', '식초']"
7026270,"['표고버섯', '양파', '대파', '다진 마늘', '레드페퍼 (약간)', '식용유', '통깨', '밥', '진간장', '올리고당', '맛술', '후춧가루', '참기름']"
7026269,"['오이', '굵은소금 약간', '고춧가루', '설탕', '식초', '부추', '액젓', '양파', '다진마늘']"
7026268,"['초당옥수수', '양파', '버터', '우유 (재료가 잠길 정도)', '생크림', '소금 약간', '후추 약간', '파슬리 약간']"
7026267,"['감자', '소금', '설탕', '후추 약간', '통깨 약간', '파', '햄', '식용류 약간']"
7026266,"['밀떡', '무', '대파 조금', '설탕', '고춧가루', '간장', '고추장', '다진마늘', '식용유']"
7026265,"['소면', '계란', '오이', '깻잎', '통깨', '고추장', '고춧가루', '진간장', '배음료', '설탕', '매실청', '식초', '다진 마늘', '참기름 약간']"
7026264,"['참치캔', '양파', '청양고추', '대파', '된장', '고추장', '물', '고춧가루', '다진마늘', '설탕', '참기름']"
7026263,"['소면', '애호박', '당근', '국간장', '소금', '유부 소량 (생략가능)', '물', '무', '대파', '다시마', '국물용 멸치', '통마늘', '통후추', '무말랭이 소량 (생략가능)', '고추씨', '다진 청양고추', '다진파', '깨', '참기름', '고춧가루', '간장', '국간장']"
7026262,"['달걀', '쪽파 약간', '물', '코인 육수', '진간장', '물엿', '고추장', '통깨 약간']"
7026261,"['감자', '모짜렐라 치즈', '그라나파다노치즈 약간', '소금', '후추 약간']"
7026259,"['부추', '우리밀 부침가루', '청양고추', '건새우', '계란', '식용유', '미나리', '초고추장 먹을만큼', '마늘', '참기름']"
7026258,"['대파', '까나리액젓', '집간장', '다진마늘', '들깨가루', '육수', '멸치', '명태 (머리)', '다시마']"
7026257,"['돌나물', '고춧가루', '진간장', '매실엑기스', '참기름', '통깨 조금', '식초']"
7026256,"['두부', '대파', '양파', '얼린 청양고추', '고춧가루', '진간장', '다진 마늘', '새우가루', '원당', '물', '식용유']"
7026255,"['고기만두', '파인애플', '오이', '당근', '전분가루', '케찹', '간장', '식초', '설탕']"
7026254,"['닭날개', '간장', '미림', '매실액', '설탕', '다진마늘', '굴소스', '후춧가루', '로즈마리']"
7026253,"['우리밀', '생수', '설탕', '소금', '콩고물']"
7026252,"['그레인보우소고기', '자숙 대두', '블랙올리브', '병아리콩', '올리브오일', '통후추', '양송이버섯', '그린빈', '완두콩', '새우', '세발나물', '올리브오일', '다진마늘', '마늘허브소금', '통후추', '두부 가라아케', '빨간 파프리카', '주황 파프리카', '노란 파프리카', '하얀 파프리카', '검은 파프리카']"
7026251,"['명란', '마요네즈', '진간장', '물', '맛술', '올리고당', '밥', '참기름', '통깨']"
7026250,"['순살가자미', '튀김가루', '물', '피망 조금', '양파 조금', '식용유', '후추 조금', '소금 조금', '물', '간장', '식초', '설탕', '물', '전분']"
7026249,['쌀']
7026248,"['다다기오이', '소금', '다시마', '쌀가루', '무', '배', '부추', '적양파', '김치풀', '고춧가루', '참치액', '새우젓', '다진 마늘', '다진 생강', '설탕']"
7026247,"['저염 명란젓', '오이', '버터', '마요네즈 취향껏']"
7026246,"['메밀면', '대파', '김가루', '설탕', '쯔유', '들기름']"
7026245,"['마늘쫑', '멸치', '마늘', '식용유', '진간장', '굴소스', '맛술', '올리고당', '물', '설탕', '참기름', '통깨 넉넉히']"
7026244,"['닭가슴살 프랑크', '오이', '묵은지', '슬라이스 치즈', '김밥김', '잡곡밥', '소금', '깨소금 (약간)', '참기름', '식초', '알룰로스', '소금', '매실청', '들기름']"
7026243,"['단호박', '버터', '설탕', '크림치즈', '분당', '버터', '설탕', '소금', '계란', '우유', '박력분', '베이킹파우더', '찐단호박']"
7026242,"['버터', '다크초콜릿', '황설탕', '계란', '코코아가루', '중력분', '초콜릿 청크', '바닐라익스트랙', '커피']"
7026241,"['깍두기', '우삼겹', '깍두기 국물', '대파', '밥', '계란', '진간장', '굴소스', '설탕', '참기름']"
7026240,"['버터', '황설탕', '설탕', '물엿', '계란', '바닐라익스트랙', '박력분', '중력분', '베이킹소다', '베이킹파우더', '소금', '초코칩', '초코청크', '호두']"
7026239,"['밥', '소금', '참기름', '깨소금', '샌드위치햄', '꼬마김밥용 김', '양파', '애호박', '당근', '소세지', '소금', '식용유']"
7026238,"['치아바타', '계란후라이', '후랑크소세지', '루꼴라', '파르미지아노레지아노 치즈 취향껏', '후춧가루 약간', '올리브오일', '토마토', '양송이버섯', '소금', '후춧가루 약간']"
7026237,"['대패삼겹살', '부추']"
7026236,"['냉동망고', '망고주스']"
7026235,"['부추', '부침가루', '소금']"
7026234,"['바지락', '멸치 육수', '소금 약간', '후추 약간', '다진 마늘', '청양고추', '홍고추', '쑥갓', '대파']"
7026233,"['쑥', '소금', '설탕', '찹쌀가루']"
7026232,"['서리태', '호두', '아몬드', '국수', '소금 약간 (또는 설탕)', '오이 취향껏', '달걀 지단 취향껏', '수박 취향껏']"
7026231,"['포도씨유', '설탕', '계란', '홍삼 스틱', '박력분', '베이킹 파우더', '소금 약간', '초코칩']"
7026230,"['공기밥', '비트 넉넉히', '소금 약간만', '구운감태', '검은깨 약간만', '참기름']"
7026229,"['수박껍질', '고춧가루', '고추장', '꿀', '통깨', '쪽파 넉넉히', '참기름']"
7026228,"['밥', '다진 소고기', '다진 양파', '다진 버섯', '다진 시금치', '치즈', '분유']"
7026227,"['고구마', '치즈', '쌀가루', '분유', '계란노른자']"
7026226,"['시금치', '베이컨', '양파', '대파', '다진마늘', '맛소금', '참기름', '참깨']"
7026225,"['두부 부침용', '배추김치', '굵은소금', '들기름', '통깨 약간', '범일진간장', '설탕', '참치액', '식초']"
7026224,"['삼겹살', '양파', '대파 흰부분', '깻잎', '소금', '진간장', '올리고당', '맛술', '다진마늘', '설탕', '후추 톡톡', '물']"
7026223,"['조기', '무', '양파', '청양고추', '대파 약간', '코인해물 육수', '고춧가루', '다진마늘', '간장', '맛술', '매실청', '생강가루 약간', '후추가루 약간', '참기름']"
7026222,"['양배추', '참치', '밥', '대파', '계랸', '올리브유', '식초', '굴소스', '진간장', '참기름', '후추 톡톡톡', '통깨']"
7026221,"['돼지갈비', '대파', '양파', '소금', '설탕', '식초', '진간장', '참치액', '고춧가루', '다진마늘', '케첩', '후춧가루', '물', '청양고추']"
7026220,"['참치', '유러피안 모듬샐러드', '리코타치즈', '올리브 (블랙 통올리브)', '양파', '올리브유', '발사믹글레이즈', '소금', '후추']"
7026219,"['돼지고기', '물 약', '굵은 소금', '대파 흰부분', '고추', '고추가루', '설탕', '다진마늘', '식초', '국간장', '깨소금', '참기름']"
7026218,"['닭다리살', '전분가루', '식용유 적당량', '견과류', '떡볶이 떢', '소금 조금', '후추 조금', '케첩', '고추장', '간장', '설탕', '올리고당', '물', '맛술', '다진 마늘']"
7026217,"['베이컨', '진간장', '굴소스', '올리고당', '후추 조금']"
7026216,"['에스프레소', '헤이즐넛시럽', '따뜻한우유', '밀크폼 적당량', '시나몬 파우더 약간']"
7026215,"['청포묵', '숙주', '당근', '조미김 조금', '소금', '맛소금', '다진마늘', '참기름', '통깨']"
7026214,"['가지', '돼지고기 다짐육', '양파', '청양고추', '홍고추', '대파', '당근 약간', '마늘', '식용유', '소금', '설탕', '진간장', '굴 소스', '올리고당', '참기름', '후춧가루 약간 ']"
7026213,"['우리밀', '생수', '대파', '당면', '소금', '식용유', '생수', '진간장', '생수', '식초', '고춧가루', '대파']"
7026212,"['콩나물', '당면', '부추', '양파', '당근', '식용유', '참기름', '통깨', '진간장', '굴 소스', '흑설탕', '맛술', '다진 마늘', '소금']"
7026211,"['우리밀', '대파', '당면', '생수', '생수', '소금', '진간장', '생수', '식초', '고추가루']"
7026210,"['순두부', '계란', '청양고추', '대파', '물', '코인육수', '참치액', '다진 마늘', '참기름']"
7026209,"['밥', '새우', '양파', '가지', '들깨가루', '간장', '식용유']"
7026208,"['동태', '곤이와 이리', '무', '콩나물', '대파', '양파', '두부', '쑥갓 (선택)', '멸치육수', '된장', '다진마늘', '간장', '액젓', '참치액', '맛술', '후추', '고춧가루']"
7026207,"['돼지고기 앞다리살 ', '소금', '김치', '물', '김치국물', '대파', '통마늘', '설탕', '간장', '멸치액젓', '다진마늘']"
7026206,"['감자', '설탕', '물엿', '진간장', '고춧가루', '고추장', '다진마늘', '대파', '청양고추', '참기름']"
7026205,"['오이', '부추', '양파', '대파', '굵은소금 약간', '물', '굵은소금', '다진마늘', '새우젓', '액젓', '설탕', '고춧가루']"
7026204,"['즉석밥', '게맛살', '대파', '고춧가루', '굴소스', '케첩', '식용유', '달걀']"
7026203,"['참소라', '초고추장']"
7026202,"['계란', '식초', '소금', '올리고당', '간장']"
7026201,"['가지', '버터', '소금', '다진파', '진간장', '참치액', '다진마늘', '설탕', '통깨']"
7026200,"['카레가루', '양파', '당근', '새송이버섯', '감자', '돼지고기', '후추 약간']"
7026199,"['양배추', '청양고추', '식초', '매실엑기스', '원당', '다진 마늘', '고추장', '대파 초록 부분 조금', '통깨 조금', '까나리액젓 취향껏 ']"
7026198,"['메추리알', '곤약', '새송이버섯', '양파', '다시마', '물', '간장', '설탕', '미림', '올리고당']"
7026197,"['당근', '달걀', '아몬드', '버터', '올리고당', '크림치즈', '녹인 버터', '레몬즙', '설탕']"
7026196,"['팽이버섯', '라이스페이퍼', '전분가루', '진간장', '맛술', '설탕', '물', '통깨 약간']"
7026195,"['소고기 불고깃감', '진간장', '다진 마늘', '설탕', '올리고당', '미림', '참기름', '통깨', '후추', '사과', '양파', '키위']"
7026194,"['오징어', '양배추', '양파', '대파', '청양고추', '홍고추', '식용유', '고추장', '고춧가루', '진간장', '후추 약간 ', '맛술', '다진마늘', '설탕', '통깨', '건조 생강']"
7026193,"['식빵', '감자', '달걀', '양상추', '마요네즈', '소금', '올리고당', '홀그레인머스타드 (또는 머스터드소스)']"
7026192,"['진미채', '마요네즈', '간장', '꿀', '미림', '다진마늘', '깨']"
7026191,"['카레', '양파', '감자', '당근 조금', '애호박 조금', '물', '우동면']"
7026190,"['참나물', '소금', '다진마늘', '멸치액젓', '참기름', '통깨']"
7026189,"['해물안성탕면', '떡국떡 원하는만큼', '통 오징어 찜', '새우', '썬파', '콩나물 냉국', '새우 껍질', '계란', '물']"
7026188,"['왕 고들빼기 잎', '물 잠길정도 (절임용)', '굵은소금', '고춧가루', '다진마늘', '설탕', '액젓', '굵은소금']"
7026187,"['상추', '무', '양파', '건 대추', '생수', '물', '소금', '식초', '물', '찹쌀가루', '사과', '양파', '홍고추', '마늘', '생강', '까나리 액젓', '새우젓', '소금', '설탕', '물', '찹쌀풀']"
7026186,"['로즈마리', '양배추', '소금', '자일로스 설탕', '식초', '사이다', '라임즙']"
7026184,"['양배추', '케일', '물', '설탕', '굵은소금', '식초']"
7026183,"['쫄면', '숙주', '계란', '채소', '김', '참기름', '고추장', '고춧가루', '식초', '설탕', '마늘', '통깨']"
7026182,"['꽃게', '대파', '양파', '통마늘', '생강', '통후추', '황기', '멸치다시마 육수', '물', '간장', '소주', '매실청', '레몬', '양파', '통마늘', '청양고추', '홍고추']"
7026181,"['두부면', '오이', '고추장', '진간장', '다진마늘', '설탕', '식초', '들기름', '물']"
7026180,"['가지', '대파', '청량고추', '국간장', '진간장', '다진마늘', '깨']"
7026179,"['배', '대추', '생강', '계피', '꿀']"
7026178,"['닭가슴살', '베이글', '토마토', '오이', '소스']"
7026177,"['닭 가슴살', '두부', '표고버섯', '부추 다진거', '당근 다진거', '다진 양파& 파', '다진 마늘', '다진 묵은 김치', '계란', '소금', '후추 약간', '진간장', '오트밀가루 ', '고구마 전분', '양조간장', '식초', '고춧가루 ']"
7026176,"['삼겹살', '마늘', '파채', '고추장', '맛술', '설탕', '고춧가루', '굴소스', '후추 조금']"
7026175,"['방울토마토', '청경채', '비트 찐거', '검은콩', '표고버섯', '브로콜리', '통곡물밥', '익힌 닭 가슴살', '양조간장', '사과식초', '아보카도 오일', '레몬즙', '통깨 가루']"
7026174,"['애호박', '쪽파', '맛 간장', '설탕', '참기름', '통깨 조금']"
7026173,"['숙주나물', '묵은 김치', '김치국물', '다진 쪽파', '표고버섯', '계란', '현미 떡국', '멸치 다시마 육수']"
7026172,"['팥', '수수', '물 (팥삶을 물)', '시나몬가루 ', '소금 약간', '아보카도 오일', '견과류', '호두 (선택사항 추가가능)', '잣 (추가가능)']"
7026171,"['돼지고기 앞다리살', '맥주', '양파', '대파', '통마늘', '월계수잎', '된장']"
7026170,"['당근', '샐러리', '단호박', '토마토', '치커리 조금', '청겨자 조금', '표고버섯', '병아리콩 조금', '홀그레인 머스타드', '발사믹 식초', '올리브오일', '들깨']"
7026169,"['훈제오리고기', '숙주', '간장', '올리고당', '다진마늘', '물', '청양고추']"
7026168,"['새송이버섯', '다진마늘', '청양고추', '간장', '올리고당', '현미밥', '깻잎']"
7026167,"['현미밥', '양파', '부추', '고춧가루', '간장', '다진마늘', '설탕', '통깨', '들기름']"
7026166,"['대패삼겹살', '숙주', '팽이버섯', '대파', '편마늘 조금', '마라샹궈소스', '진간장', '올리고당', '통깨 조금']"
7026165,"['삶은달걀', '통마늘', '꽈리고추', '청양고추', '다시마 (자른)', '물', '진간장', '황설탕', '물엿']"
7026164,"['동물성 휘핑크림', '땅콩버터', '얼음 적당량', '우유', '에스프레소', '견과류 약간 (생략가능)']"
7026163,"['계란', '백명란젓', '물', '식용유']"
7026162,"['참조기', '삶은 고사리', '무', '청양고추', '대파', '진간장', '고추가루', '다진마늘', '올리고당', '설탕 조금', '생강술', '후추가루 조금']"
7026159,"['소고기', '양파', '대파', '말린표고', '간장', '맛술', '설탕', '물']"
7026158,"['쪽파', '새우', '당근 조금', '양파 조금', '튀김가루', '밀가루', '참기름']"
7026157,"['청오이', '토마토', '시판 보리음료', '얼음 약간', '쪽파 약간', '통깨 약간']"
7026156,"['도토리가루', '튀김가루', '감자전분가루', '참치액젓', '물', '당근채 약간', '부추 약간', '부침용 기름 약간']"
7026155,"['돼지고기 앞다리살', '신김치', '대파', '양파', '청양고추', '다진마늘', '설탕', '된장']"
7026154,"['마늘종', '무말랭이', '양조간장', '양조식초', '설탕', '올리고당', '물']"
7026153,"['빵', '삶은달걀', '비엔나소세지', '맛살', '마요네즈', '케찹', '후추 조금', '파슬리가루 조금 (생략가능)']"
7026152,['굴비 (냉동)']
7026151,"['애호박', '양파', '올리브 오일 적당히', '새우젓', '깨 조금']"
7026150,"['묵은지', '두부', '들기름', '설탕', '진간장', '참치액', '식초', '통깨']"
7026149,"['건조 곤드레', '감자', '쌀', '진간장', '국간장', '요리당', '마늘', '검은 통깨', '대파', '참기름']"
7026148,"['미주구리 회', '마트 초고추장', '매실청', '참기름', '통깨', '당근', '무 (당근 크기와 비슷하게)', '상추']"
7026147,"['당근', '홀그레인 머스터드', '올리브오일', '레몬즙', '알룰로스', '소금']"
7026146,"['오이', '참외', '래디시', '그릭요거트', '올리브유', '레몬즙', '딜', '소금', '후추']"
7026145,"['쑥갓', '물', '굵은소금', '다진마늘', '참기름', '맛소금', '볶은통깨']"
7026144,"['김장김치', '간장돌게장', '간장게장국물', '김칫국물', '다진마늘', '썬 파', '물']"
7026143,"['계란', '물', '다진마늘', '다진생강', '소주', '간장', '설탕', '참치액젓']"
7026142,"['양배추', '사과', '발사믹식초', '올리브유', '꿀', '소금', '후춧가루']"
7026141,"['느타리 버섯', '양파', '당근 조금', '대파 조금', '청고추', '굴 소스', '다진 마늘', '소금 (간 보고)', '후춧가루 톡톡톡', '통깨', '참기름']"
7026140,"['부추', '양파', '고추가루', '진간장', '참치 액', '스테비아 설탕', '다진 마늘', '식초', '참기름', '통깨']"
7026139,"['딸기', '레몬', '올리브유', '소금 조금', '후추 조금', '꿀', '모짜렐라치즈', '상추', '바나나', '어린잎채소', '치커리 약간 (선택 또는 푸른채소)']"
7026138,"['소고기', '콩나물', '참치액젓', '마늘', '참기름', '김', '당근', '소금', '계란', '식용유 조금', '소금 조금', '후추 조금', '참기름 넉넉히', '통깨 조금', '진간장', '맛술', '후추', '참기름']"
7026137,"['생 닭', '맛술', '알배기 배추', '마늘', '대파', '양파', '부추', '양파', '고춧가루', '진간장', '멸치액젓', '식초', '물', '다진마늘', '설탕', '참소스', '남은 야채 ', '양파', '고춧가루', '식초', '참기름', '다진마늘', '진간장', '멸치액젓', '설탕', '통깨']"
7026136,"['머쉬마루버섯', '양파', '당근', '청양고추', '죽염', '식용유', '참기름', '통깨']"
7026135,"['미나리', '대파 조금 (흰부분)', '소금', '볶은 깨가루', '다진마늘', '가는 소금', '참기름']"
7026134,"['레몬', '블루베리', '물']"
7026133,"['통깨', '두부', '밀가루']"
7026132,"['달래', '간장', '물', '고춧가루', '다진마늘', '미림', '들기름', '통깨']"
7026131,"['사각 어묵', '식용유', '참기름', '통깨', '물', '고추장', '고춧가루', '간장', '설탕', '물']"
7026130,"['돼지고기 민찌', '순두부', '대파', '마늘', '생강', '청양고추', '물', '계란', '양파', '국간장', '까나리액젓', '미원', '고춧가루', '술', '소금 (조절)', '후추 (조절)']"
7026129,"['삶은 머위대', '굵은소금', '양파', '대파', '간 마늘', '국간장', '액젓', '맛술', '다시마 우린 물', '들깨가루', '들기름', '통깨']"
7026128,"['팽이버섯', '청양고추', '홍고추', '계란', '부침가루', '식용유 적당량', '새우젓', '맛술']"
7026127,"['콩나물무침', '당근', '호박', '느타리버섯 넉넉히', '다진 단무지 넉넉히', '깻잎 적당히', '밥', '계란', '고추장', '설탕', '참기름', '참깨']"
7026126,"['양배추 가득', '호두식빵', '계란', '올리브 오일 적당히', '소금 조금', '후추 조금', '우유 조금', '치즈', '딸기쨈']"
7026125,"['샤인머스켓', '초콜릿']"
7026124,"['쌀국수', '소고기 양지살', '양파', '숙주', '청양고추', '홍고추', '진간장', '참치액젓', '미림', '소금 약간 ']"
7026123,"['마늘쫑', '식초', '굵은 소금']"
7026122,"['마늘쫑', '멸치', '굵은 소금', '진간장', '참치액', '고춧가루', '맛술', '설탕', '올리고당', '간마늘', '들기름', '통깨', '생수']"
7026121,"['포기 상추', '당근', '양파', '매실청', '식초', '다진 마늘', '맛소금', '소금 약간', '참기름', '통깨']"
7026120,"['두릅', '바지락살', '쌀', '찹쌀', '참기름', '맛술', '소금 약간', '다진 쪽파', '진간장', '국간장', '맛술', '고춧가루', '다진 마늘', '참기름 약간', '통깨 약간']"
7026119,"['소면', '표고버섯', '양파', '김치 (약간)', '애호박 (약간)', '계란', '청양고추', '대파', '물', '다진 마늘', '참치액', '코인육수']"
7026118,"['머위', '쌈장', '굵은소금 약간', '취나물', '멸치액젓', '참기름', '깨소금 약간', '돌나물', '초고추장', '통깨 약간', '계란', '동전육수', '육수', '멸치액젓', '부추', '마늘', '후추 약간']"
7026117,"['돼지고기 수육', '양파', '대파', '파프리카', '숙주', '초간장 약간 (간장:맛술:참기름:깨소금']"
7026115,"['비름나물', '다진 파 조금', '고추장', '된장', '고춧가루', '매실액', '설탕', '참기름', '깨 조금']"
7026114,"['돼지 안심', '양평 부추', '우리밀 튀김가루', '마늘가루', '양파가루', '파프리카가루', '소금', '후추', '오디', '우리밀 중력분', '가염버터', '우스타소스', '케찹', '설탕', '스리라차', '굴소스', '느타리버섯', '양파', '양배추', '방울토마토', '케찹 마요네즈']"
7026113,"['인스턴트커피', '연유', '뜨거운 물', '시나몬파우더 적당량', '얼음 적당량', '우유']"
7026112,"['대구살', '생강술', '소금 약간', '팽이버섯', '달걀', '식용유', '간장', '밥']"
7026111,"['돼지고기', '김치', '청양고추', '대파', '밥', '모짜렐라치즈 적당량', '슬라이스 치즈', '원당', '진간장', '통깨']"
7026110,"['소고기다짐육', '양파', '당근', '양배추', '팽이버섯', '식용유 약간', '진간장', '올리고당', '소금 약간 (부족한 간 맞추기)', '진간장', '맛술', '다진마늘', '후추 약간']"
7026109,"['당면', '사각어묵', '양파', '당근', '부추 약간', '느타리버섯', '소금 약간', '참기름 약간', '통깨 약간', '진간장', '물엿']"
7026108,"['닭고기', '물', '감자', '당근', '대파', '양파', '페퍼론치노 (생략)', '참기름 약간', '소주', '물', '진간장', '맛술', '설탕', '물엿', '다진마늘', '생강가루 약간', '대파', '후춧가루 약간', '통깨 약간', '노두유 약간 (또는 캐러멜소스 생략가능)']"
7026107,"['가지', '양파', '청량고추', '마늘', '올리브 적당량', '모짜렐라치즈 적당량', '밥', '파 조금', '원당', '진간장', '통깨 적당량']"
7026106,"['비엔나소시지', '통마늘', '당근', '양파', '파프리카', '호박 한토막', '새송이버섯', '식용유', '후추 약간', '통깨', '진간장', '굴 소스', '케첩', '설탕', '다진생강']"
7026105,"['생닭 (11호 샀어요)', '소금', '다진마늘', '올리브유', '후추 약간', '로즈마리']"
7026104,"['찰순대', '사골곰탕', '부추 넉넉히', '소금 약간', '후춧가루 약간', '새우젓 약간']"
7026103,"['등갈비폭립 (또는 남은 보쌈)', '양파', '마늘', '올리브오일', '후춧가루', '바베큐소스 (양념치킨소스 또는 돈가스 소스)', '청양고추']"
7026102,"['계란', '소금', '식초']"
7026101,"['다다기오이', '부추', '양파', '굵은소금', '생수', '굵은소금 종이컵2/1', '고춧가루', '멸치액젓', '설탕', '통깨', '다진마늘']"
7026100,"['고등어', '열기', '가자미', '튀김가루', '식용유 넉넉히']"
7026099,"['파스타면', '물', '소금', '토마토', '양파', '파프리카', '양송이버섯', '마늘', '올리브유', '후랑크소세지', '새우', '토마토파스타소스', '면수', '루꼴라', '파르미지아노 레지아노 치즈 약간', '후춧가루 약간']"
7026098,"['재첩', '부추', '양파', '당근', '빨강 파프리카', '청양고추', '물', '굵은소금', '고추장', '고춧가루', '식초', '매실청', '멸치액젓', '다진마늘', '황설탕', '올리고당', '깨소금 약간', '후추 약간']"
7026097,"['식빵', '달걀', '소금', '원당', '우유']"
7026095,"['돌나물', '양파', '다진 대파', '다진 마늘', '된장', '매실청', '선인장허니파우더', '까나리액젓', '참기름', '통깨']"
7026094,"['상추', '간장', '식초', '참기름', '올리고당', '홍고추']"
7026093,"['핫도그번', '버터', '설탕', '다진마늘', '마요네즈']"
7026092,"['빨강 파프리카', '주황 파프리카', '노랑 파프리카', '양상추', '계란', '올리브오일', '식초', '간장', '꿀', '다진마늘', '발사믹글레이즈']"
7026091,"['소면', '애호박 약간', '당근 약간', '풋고추', '간장', '설탕', '식초', '통깨', '다진 마늘 약간', '참기름']"
7026090,"['김치', '작은 오징어', '부침가루', '튀김가루', '물']"
7026089,"['베이컨', '감자', '양파', '당근 약간', '풋고추', '마늘', '식용유', '소금', '소금 약간', '후춧가루 약간']"
7026088,"['치아바타', '닭가슴살', '치커리', '마요네즈', '대파', '소금', '후추', '진간장', '굴소스', '맛술', '설탕', '물엿', '다진마늘', '청양고추']"
7026087,"['콩나물', '해물코인 육수', '조개멸치코인 육수', '멸치액젓', '레드페퍼홀', '청양고추', '다진마늘', '썬파', '물']"
7026086,"['어묵', '상추 약간', '구운 김밥김', '물', '간장', '황설탕', '물엿', '맛술', '식초', '후추 약간', '식용유', '밥', '참기름', '깨소금 약간', '소금 약간', '슬라이스 체다치즈', '하얀 소시지']"
7026085,"['머위대', '홍고추', '들기름', '다진마늘', '국간장', '물', '들깨가루']"
7026084,"['우동사리', '샐러드 믹스', '방울토마토', '새우', '땅콩', '맛술', '소금 약간', '후추 약간', '간장', '설탕', '식초', '레몬즙', '굴소스', '참기름', '다진마늘', '고추냉이']"
7026083,"['총각김치', '물', '된장', '다진마늘', '동전육수', '들기름', '매실청', '깨소금']"
7026082,"['생 닭다리', '소금', '설탕', '후추', '훈제 파프리카파우더', '바베큐소스', '스리라차', '꿀']"
7026081,"['고춧가루', '식용유', '대파흰부분', '마늘', '생강']"
7026080,"['양파', '식초', '설탕', '소금']"
7026079,"['백오이', '양파', '부추', '물', '소금', '설탕', '마늘', '설탕', '고춧가루', '매실청', '새우젓', '까나리액젓', '통깨']"
7026078,"['양지 국거리', '마른미역', '참기름', '국간장', '소금 약간만']"
7026077,"['무', '소금', '댸파', '고추가루', '다진마늘', '2배사과식초', '설탕', '통깨', '소금']"
7026076,"['배추김치 넉넉히', '떡국떡', '소시지', '햄', '라면사리', '양파', '대파 약간', '사골육수']"
7026075,"['우유', '레몬즙', '식초', '소금']"
7026074,"['참두릅', '국간장', '까나리액젓', '참기름', '참깨', '물', '식초', '물', '굵은소금']"
7026073,"['참두릅', '차돌박이', '소금', '후추 약간', '참기름']"
7026072,"['애호박', '찹쌀가루', '밀가루', '꽃소금 약간', '물']"
7026071,"['밥', '닭고기', '아욱', '연두부', '청주', '후춧가루 약간', '간장', '소금 약간', '전분물']"
7026070,"['무', '가자미', '국간장', '멸치액젓', '청주', '다진마늘', '고춧가루', '후추', '매실청', '참기름', '다시마멸치육수', '대파', '청양고추']"
7026069,"['양배추', '사과', '통깨', '올리브오일', '유자청', '참기름', '다진마늘', '소금 조금', '레몬즙']"
7026068,"['우동 면', '물 (우동 끓일 용)', '마늘', '올리브오일 적당량', '명란', '버터', '대파 적당량 (또는 쪽파 고명용)', '김 적당량 (고명용)']"
7026067,"['차돌박이', '푹 묵은 알타리김치', '김치국물', '고추장', '고춧가루', '쇠고기다시다', '후추', '대파', '통깨']"
7026066,"['소고기다짐육', '돼지고기 다짐육', '양파', '버터', '식용유', '소금', '후추 톡톡톡', '빵가루', '우스타소스', '케찹', '계란', '볶은 양파 ', '설탕', '케찹', '간장', '버터', '물', '식용유', '물']"
7026065,"['유부초밥', '비엔나소세지', '진간장', '설탕']"
7026064,"['무염버터', '설탕', '박력분', '무염버터', '소금 약간', '박력분', '계란', '박력분', '노른자', '설탕', '옥수수전분', '바닐라오일 약간', '우유', '바닐라빈', '동물성 휘핑크림', '설탕', '체리']"
7026062,"['알배추', '소고기 슬라이스', '팽이버섯', '소금 조금', '후추 조금', '간장', '물', '참깨', '참기름', '식초', '고춧가루', '다진마늘', '다진 청양고추']"
7026061,"['강력분', '중력분', '이스트', '소금', '설탕', '버터', '우유', '계란', '포도씨유 (또는 해바라기유)', '노른자', '전분', '우유', '바닐라익스트렉 (약간)', '생크림', '설탕', '딸기잼 (원하는 만큼)', '슈가파우더 (생략가능)', '설탕']"
7026060,"['꼬막', '대파', '소주', '식초', '굵은소금', '진간장', '국간장', '맛술', '참기름', '통깨', '고춧가루', '다진대파', '설탕']"
7026059,"['멸치', '통마늘', '청양고추', '올리브유 약간', '범일고추장', '맛간장', '다진마늘', '미림', '고춧가루', '올리고당', '통깨']"
7026058,"['파스타면', '베이컨', '마늘', '아보카도유', '소금', '후추']"
7026057,"['느타리버섯', '물', '간장', '마요네즈', '들깨가루', '들기름']"
7026056,"['두부', '양배추', '버섯', '양파', '토마토소스', '치즈']"
7026055,"['오리훈제', '즉석밥', '부추 (생략가능)', '편마늘 (취향것 많이)', '대파 (취향것 많이)', '데리야끼소스', '굴소스', '쇠고기다시다', '소금', '참기름', '통깨']"
7026054,"['계란', '유부초밥', '마요네즈', '소금 조금', '설탕']"
7026053,"['비엔나 소세지', '양파', '빨간 파프리카', '노란 파프리카', '굴소스', '케첩', '물', '올리고당', '올리브오일', '쪽파 약간 (고명용)', '통깨 솔솔솔', '물']"
7026052,"['콩나물', '크래미', '대파', '굵은소금', '가는소금', '다진마늘', '깨소금', '참기름', '후추 조금']"
7026051,"['멸치육수', '돼지고기 다짐육', '감자', '애호박', '양파', '두부', '대파', '식용유', '고춧가루', '고추장', '다진마늘', '참치액젓', '후추 조금']"
7026050,"['오이', '양파', '쪽파 or 대파', '다진 마늘', '고추장', '고춧가루', '진간장', '설탕', '매실청', '참기름', '소금', '통깨 넉넉하게']"
7026049,"['스팸', '양파', '계란', '소금', '후추 조금', '진간장', '설탕', '맛술', '마요네즈 넉넉히', '식용유 조금']"
7026048,"['배추', '파', '마늘', '청양고추', '번데기 통조림', '고춧가루', '국간장 소량', '액젓 소량']"
7026047,"['김밥김', '단무지', '식용유 넉넉히', '사각어묵', '진간장', '다진마늘', '굴소스', '올리고당', '깨소금', '참기름', '밥', '소금', '깨소금', '참기름']"
7026046,"['닭발국물 ', '콩나물 (또는 숙주나물)', '참기름', '통깨', '라면']"
7026045,"['명엽채', '간장', '맛술', '올리고당', '마요네즈', '다진 마늘', '슬라이스 아몬드', '식용유', '참기름 적당량', '통깨 약간']"
7026044,"['오이', '양파', '양배추 적당히', '방울토마토', '삶은계란', '그릭요거트', '스테비아', '올리브유', '소금', '레몬즙', '통후추 적당히']"
7026043,"['소금', '다진마늘', '파스타면', '올리브', '방울토마토', '브리치즈', '바질', '후추']"
7026042,"['당근', '고구마', '애호박', '감자', '양파', '토마토', '방울토마토', '돼지목살', '카레가루']"
7026041,"['소고기 홍두깨살', '메추리알', '꽈리고추', '물', '진간장', '설탕', '맛술']"
7026040,"['닭날개', '후추', '소금', '레몬즙', '양조간장', '스리라차', '꿀', '버터']"
7026039,"['양배추', '계란', '소금 약간 (계란', '후춧가루 약간', '당근', '김밥김', '단무지 (또는 청양고추 장아찌)']"
7026038,"['수박', '레몬즙', '소금', '꿀 약간', '로즈마리 약간']"
7026037,"['당면', '당근', '부추 작은거', '후추 약간', '통깨 약간', '간장', '양파', '소고기', '설탕', '참기름 약간', '표고버섯', '어묵']"
7026036,"['콜라비', '당근', '물', '설탕', '식초', '소금', '피클링스파이스', '월계수잎']"
7026035,"['갈치', '무 약간', '대파', '양파', '청양고추', '홍고추', '국간장', '된장', '고추장', '고춧가루', '맛술', '설탕', '올리고당', '다진마늘', '후추 약간']"
7026034,"['브로콜리', '땅콩버터', '간장', '다진마늘', '레몬즙', '꿀']"
7026033,"['쑥', '민물새우', '소금', '밀가루', '탄산수', '물 농도에맞게', '콩기름']"
7026032,"['꽈리고추', '한우사태', '파잎', '양파', '통마늘', '통후추', '간장']"
7026031,"['차돌박이', '쌀', '다진당근 ', '간장', '설탕', '맛술', '통깨', '다진마늘', '쪽파']"
7026030,"['샌드위치빵', '크림치즈', '꿀', '레몬즙', '오이', '통조림햄']"
7026029,"['강력분', '우유', '계란', '이스트', '설탕', '버터', '소금', '식용유 적당량']"
7026028,"['멸치', '고추장', '원당', '매실액기스', '참기름', '다진 마늘', '통깨 조금']"
7026027,"['라이스페이퍼 먹을만큼', '물 (뜨거운 물 라이스페이퍼 불릴 용)', '당근', '오이', '양파', '파인애플 적당량', '깻잎', '소고기 적당량 (돼지고기 닭고기 등으로 대체 가능)', '물 (양파 잠길 정도)', '설탕', '식초', '칠리소스 적당량 ( 또는 땅콩소스 생략가능)']"
7026026,"['볶음 멸치', '공기밥', '계란', '식용유', '케찹']"
7026025,"['버터', '슈가파우더', '달걀', '달걀노른자', '바닐라익스트랙', '박력분', '옥수수전분', '베이킹파우더', '소금', '생크림', '크림치즈', '꿀', '딸기잼 취향껏', '슈가파우더 취향껏']"
7026024,"['마가리타믹스', '뜨거운 물', '차가운 물', '얼음 적당량', '라임 적당량 (또는 레몬은 기호에 따라)']"
7026023,"['냉동새우', '비엔나소세지', '양파', '통깨', '식용유', '간장', '올리고당', '참기름', '케찹', '물']"
7026022,"['밥', '참치', '계란', '소금 적당량', '후추 적당량', '고추장', '올리고당', '참기름', '마요네즈', '식용유 적당량', '파슬리가루 적당량 (생략가능)']"
7026021,"['식빵', '마요네즈', '올리고당', '계란', '파슬리가루 적당량']"
7026020,"['식빵', '스팸', '슬라이스치즈', '딸기잼 적당량']"
7026019,"['스팸', '슬라이스치즈', '김밥김', '밥', '상추', '배추김치 적당량', '참치 적당량', '소금 적당량', '참기름']"
7026018,"['식빵', '블루베리잼 적당량', '크림치즈 적당량']"
7026016,"['오징어실채', '올리브유', '진간장', '마요네즈', '맛술', '올리고당', '참기름', '통깨']"
7026013,"['오이', '크래미', '계란', '밥', '참기름', '통깨', '식초', '설탕', '마요네즈', '소금 적당히', '후추 적당히']"
7026012,"['마늘쫑', '물', '간장', '설탕', '식초']"
7026011,"['깻잎', '물', '간장', '소주', '설탕', '식초']"
7026010,"['닭안심', '미역', '참기름', '다진마늘', '국간장', '참치액', '소금', '후추', '물']"
7026009,"['배추김치', '쪽파김치', '열무김치', '돼지고기', '양파', '청양고추', '대파 조금', '다진마늘', '참치액젓', '소금 (마무리 간)']"
7026008,"['달걀', '비엔나소시지', '방울토마토', '대파', '당근', '애호박', '양파', '깻잎', '생 토마토케첩', '올리브유', '치킨육수', '다진마늘', '페페론치노', '모짤렐라치즈', '굴소스', '소금 약간', '후추 약간']"
7026007,"['달걀', '생 감태', '미니 파프리카', '맛술', '소금', '식용유 약간']"
7026006,"['익은 김치', '멸치 다시마육수', '대파', '감자', '애호박', '홍고추', '고춧가루', '국간장', '참치액', '다진마늘', '밀가루', '물', '식용유', '소금']"
7026005,"['오이', '양파', '당근', '부추', '고춧가루', '다진마늘', '새우젓', '까나리액젓', '생강청', '매실액', '설탕', '깨 조금', '천일염', '물']"
7026004,"['양파', '마늘', '양송이 버섯', '느타리 버섯', '페페론치노', '방울토마토', '올리브오일', '버터', '생크림', '우유', '버섯 페스토', '페투치니', '후춧가루']"
7026003,"['새우젓', '대파', '다진 마늘', '양파', '청양고추', '맛술', '설탕', '고춧가루', '통깨', '참기름 약간']"
7026002,"['두부', '콩나물', '밥', '간장', '다진마늘', '깨', '들기름']"
7026001,"['시금치', '명란젓', '청양고추', '건표고버섯', '황태채소 육수', '된장 크게', '다진마늘', '생강술', '후추가루']"
7026000,"['황태머리', '건보리새우', '다시멸치', '무', '양파', '알 마늘', '대파', '생강술', '월계수잎']"
7025999,"['마늘쫑', '간장', '설탕', '참기름']"
7025998,"['콩나물', '밥', '당근 약간', '상추', '계란', '다진 대파', '간장', '고춧가루', '다진 마늘', '참기름', '설탕', '통깨', '물', '굵은소금']"
7025997,"['돼지갈비', '무', '당근', '양파', '토마토', '떡', '물', '월계수잎', '통후추', '청주', '물', '간장', '청주', '다진마늘', '설탕', '올리고당', '매실액', '들기름', '생강가루', '깨', '후추', '대파']"
7025996,"['콩나물', '물', '시판용 육수', '파', '다진마늘', '홍고추', '소금']"
7025995,"['밥', '다진 소고기', '표고버섯', '콩나물', '식용유', '간장', '설탕', '매실청', '생강술']"
7025994,"['고춧잎', '간장', '마늘', '들기름', '설탕', '통깨']"
7025993,"['찰현미', '건가지']"
7025992,"['톳', '두부', '청양고추', '홍고추', '대파 흰부분 조금', '된장', '다진마늘', '참치액젓', '깨소금', '참기름']"
7025991,"['짜파게티', '너구리', '양파']"
7025990,"['닭 다리살', '청양고추', '마늘', '소금', '후추 조금', '우유', '전분가루', '물', '설탕', '진간장', '맛술', '올리고당', '간 마늘']"
7025989,"['밥', '콩나물', '대파', '올리고당', '간장', '고춧가루']"
7025988,"['돼지고기 목삼겹', '묵은지', '대파', '양파', '홍고추', '청양고추', '다진 마늘', '물', '진간장', '고춧가루', '새우젓', '설탕', '된장']"
7025987,"['떡', '양파', '대파', '마늘', '어묵', '식용유 적당량', '고추장', '물', '고춧가루', '설탕', '올리고당', '간장', '후추 적당량']"
7025986,"['당근', '그라나파다노치즈', '아보카도오일']"
7025985,"['레몬', '뜨거운 물']"
7025984,"['파스타면', '마늘', '올리브오일', '페페론치노', '물 (면 삶을 용)', '소금 적당량', '레몬', '치킨스톡 적당량 (생략가능)', '레몬제스트 적당량 (생략가능)', '파마산치즈 적당량 (생략가능)', '파슬리 적당량 (생략가능)']"
7025983,"['설탕', '물', '베이킹소다', '얼음 적당량', '우유', '달고나 적당량', '에스프레소']"
7025982,"['오이', '대파', '고춧가루', '다진 마늘', '액젓', '설탕', '매실진액', '천일염']"
7025981,"['스팸', '밥', '건야채 ', '참기름', '소금', '통깨', '김']"
7025980,"['국수', '김치', '상추', '삶은 계란', '진간장', '고추장', '고춧가루', '올리고당', '참기름', '통깨 넉넉하게']"
7025979,"['돼지고기 샤브용', '팽이버섯', '청경채', '배추', '당근', '소스 (곁들임)']"
7025978,"['라면', '마요네즈', '계란']"
7025977,"['사각 어묵', '깻잎', '계란', '소금', '후추 조금', '부침가루', '모짜렐라치즈', '식용유 넉넉히']"
7025976,"['팽이버섯', '식용유', '통깨 (약간)', '두반장', '진간장', '굴소스', '다진 마늘', '물']"
7025975,"['멸치육수', '계란', '두부', '양파', '대파', '가는소금', '국간장', '참치액젓', '다진마늘', '굵은소금', '후추 조금']"
7025974,"['딸기', '식초', '설탕', '레몬즙']"
7025973,"['신김치', '콩나물', '찬밥', '멸치육수', '김치국물', '들기름', '연두', '대파', '깨소금', '후추 조금']"
7025971,"['시금치', '소금', '간마늘', '파 약간', '통깨', '참기름 약간']"
7025970,"['참외', '어린 새싹채소 조금', '블루베리', '빨강 파프리카 조금', '오이고추 조금', '올리브오일', '시판 발사믹드레싱']"
7025969,"['양배추', '당근', '양파', '캔 옥수수', '소금', '설탕', '식초', '설탕', '소금', '식초', '마요네즈', '그릭 요거트', '홀그레인 머스터드소스']"
7025968,"['크래미', '달걀', '깻잎', '대파', '맛술', '참치액젓', '매운 굴소스', '식용유', '통깨 약간']"
7025967,"['가자미', '무', '대파', '해물육수', '물', '양념장', '고춧가루', '된장', '다진마늘', '다진생강', '쪽파', '꽃게맛간장', '멸치액젓', '매실액', '설탕', '볶음깨', '후추', '소주']"
7025966,"['순두부', '물', '대파', '양파', '청양고추', '연두', '참치액', '계란', '깨 조금']"
7025965,"['건고춧잎', '무말랭이', '쪽파 약간', '고춧가루', '다진 마늘', '매실액', '진간장', '설탕', '물엿', '통깨', '물', '물', '소금']"
7025964,"['양파', '대파', '참치캔', '다진 마늘', '라면스프']"
7025963,"['달래', '홍고추', '쪽파', '간장', '참기름', '통깨', '원당']"
7025962,"['집된장', '고춧가루', '고추장', '매실액 자작하게']"
7025961,"['고구마순', '양파', '소금', '다진마늘', '간장', '참기름', '들깨가루']"
7025960,"['스팸', '표고버섯', '캔옥수수', '계란', '전분가루', '식용유']"
7025959,"['밥', '슬라이스치즈', '계란', '불닭소스', '물', '참기름', '다진양파', '피자치즈']"
7025952,"['중력분', '통밀가루', '비정제 원당 A', '소금', '레몬즙', '소다', '계피가루', '바닐라익스트랙', '오트밀크', '오트크림', '비정제 원당 B', '계피가루', '아가베시럽']"
7025951,"['건미역', '국간장', '참기름', '콩가루', '참치액', '소금 약간']"
7025950,"['연두부', '감자전분 ', '쪽파', '무', '진간장', '물', '요리당', '마늘']"
7025949,"['오이', '크래미', '고운 소금', '알룰로스', '레드페퍼', '통깨', '식초', '굵은소금']"
7025948,"['돼지고기', '맛술 약간', '후추 약간', '묵은지', '양파', '대파', '청양초', '홍초', '동전육수', '육수']"
7025947,"['뽕잎 나물', '멸치액젓', '참기름', '깨소금 약간', '두릅', '된장', '참기름', '깨소금 약간', '장록 나물', '고추장', '고춧가루', '감식초', '참기름', '깨소금 약간']"
7025946,"['현미밥', '소고기', '양파', '토마토', '상추', '양송이버섯', '루꼴라', '슬라이스치즈', '슈레드치즈', '올리브유', '다진 마늘', '저당 케첩', '굴소스', '알룰로스', '카레가루', '고춧가루', '후추 (약간)', '물', '레몬즙', '소금', '후추 (약간)', '파슬리가루']"
7025945,"['우동면', '3분카레', '계란', '우유', '소금', '식용유', '후춧가루']"
7025944,"['조미 유부', '크래미', '밥', '오이', '사과식초', '황설탕', '소금', '마요네즈', '고추냉이', '허니머스타드', '소금 약간', '후추 약간']"
7025943,"['애호박', '국산 밀가루 조금', '계란']"
7025942,"['스팸', '감자 작은 것', '대파', '청양고추', '물', '통깨 약간', '진간장', '고춧가루', '고운 고춧가루', '설탕', '된장', '다진마늘']"
7025941,"['보리새우', '부추', '달걀', '두반장', '매운 굴소스', '부침가루', '물', '식용유']"
7025940,"['우둔살', '팽이버섯', '새송이버섯', '당근', '양파', '쪽파 조금', '식용유 약간', '통깨 약간', '고춧가루', '매운 굴 소스', '카레 가루 반 큰술', '다진 마늘', '올리고당', '맛술', '설탕', '간장']"
7025939,"['갈비탕', '칼국수', '양파', '애호박', '당근', '올리브 오일 적당히']"
7025938,"['꽈리고추', '밀가루', '파', '다진마늘', '진간장', '고춧가루', '참치액', '매실액', '깨소금', '참기름']"
7025937,"['도라지', '고춧가루', '고추장', '국간장', '식초', '매실청', '설탕', '다진 마늘', '참기름', '통깨']"
7025936,"['시금치', '국간장', '맛소금', '참기름', '깨소금']"
7025935,"['밥', '보리새우', '파프리카', '치킨스톡', '후춧가루 약간']"
7025934,"['팥앙금', '설탕', '젤라틴', '밤']"
7025933,"['감자', '안초비', '튀김가루', '올리브유', '루꼴라', '파마산치즈가루', '후추', '올리브유']"
7025932,"['식빵', '계란', '슬라이스햄', '체다치즈', '양상추 조금', '허니머스타드', '마요네즈', '후추 조금', '식용유 조금']"
7025931,"['쌀', '명란', '통마늘', '표고버섯', '팽이버섯', '쪽파', '다시마', '물', '계란 노른자', '범일 진간장', '참치 액젓', '굴 소스', '올리고당', '무염버터']"
7025930,"['콩나물', '다진마늘', '대파 넉넉히', '국간장', '소금 약간만']"
7025929,"['깻잎', '양파', '쪽파', '홍고추', '청양고추', '다진마늘', '물', '고춧가루', '간장', '멸치액젓', '매실청', '깨']"
7025928,"['얼음 적당량', '우유', '헤이즐넛시럽', '에스프레소']"
7025927,"['마늘쫑', '고추장', '간장', '고춧가루', '다진마늘', '매실청', '올리고당', '설탕', '참깨', '참기름']"
7025926,"['밥', '묵은김치', '쌈장', '상추', '깻잎', '단무지', '우엉', '설탕', '참기름', '들기름', '깨 조금']"
7025925,"['오이', '토마토', '참깨', '간장', '올리브유', '설탕']"
7025924,"['딸기', '설탕', '식초']"
7025923,"['깻잎순', '들기름', '진간장', '멸치 액젓', '매실액', '물', '들깨가루', '다진 마늘', '통깨 약간']"
7025922,"['불린 메주콩', '물', '간장', '설탕', '맛술', '올리고당 약간', '통깨 약간']"
7025921,"['두부', '양파', '애호박', '버섯', '소금 조금', '후추 조금', '전분', '계란', '올리브 오일 넉넉히', '케찹 적당히']"
7025920,"['귀리 (압착)', '아몬드우유', '그릭요거트', '메이플시럽', '치아씨드', '그래놀라', '과일 취향껏']"
7025919,"['김치 넉넉히', '올리브오일 적당히', '참기름', '고추참치', '밥', '깨 넉넉히']"
7025918,"['쥐포채', '식용유', '고추장', '간장', '고춧가루', '물', '마요네즈', '올리고당']"
7025917,"['새송이 버섯', '식용유', '간장', '굴소스', '올리고당', '청고추', '홍고추', '참기름']"
7025916,"['롤유부초밥', '밥', '크래미', '마요네즈', '가는소금', '후추 조금']"
7025915,"['크래미', '팽이버섯', '계란', '대파', '가는소금', '깨소금', '후추 넉넉히', '식용유 넉넉히']"
7025914,"['소면', '참기름', '김치 (약간)', '통깨 (약간)', '고추장', '2배식초', '설탕', '진간장', '고춧가루', '다진 마늘']"
7025913,"['신김치', '목살', '두부', '멸치육수', '김치국물', '고춧가루', '국간장', '대파', '후추 넉넉히']"
7025912,"['달걀', '방울토마토', '다진파', '다진마늘', '간장', '식용유', '소금', '후추 조금']"
7025911,"['오징어', '쪽파', '초고추장 (시판용)', '레몬생강청 (또는 유자청 레몬청)']"
7025910,"['닭다리살', '양배추', '식초', '치즈떡', '깻잎', '양파', '대파', '고춧가루', '고추장', '다진마늘', '설탕', '진간장', '맛술', '카레가루', '깨소금', '후추 조금']"
7025909,"['닭가슴살', '양파', '오렌지', '상추', '쑥갓', '삶은계란', '청귤청', '식초', '다진마늘', '소금', '올리브오일']"
7025908,"['고형분 카레', '돼지고기 다짐 육', '물', '코코넛 오일', '올리브 오일', '당근', '양파', '파프리카', '감자', '양송이버섯']"
7025907,"['밀가루', '파', '어묵', '새우 적당히 (냉동새우)', '간장', '고추장', '매실청', '설탕', '멸치액젓', '소금']"
7025906,"['부지깽이', '국간장', '참치 액', '다진 마늘', '들깨 가루', '들기름', '통 들깨']"
7025905,"['잔멸치', '간장', '식용류', '설탕', '통깨 약간', '간마늘']"
7025904,"['닭', '양파', '당근', '감자', '대파', '월계수 잎', '넓적당면', '물', '간장', '게간장', '굴소스', '갈색 설탕', '미림', '물엿', '다진 마늘', '생강']"
7025903,"['묵은지', '들기름', '다진마늘', '다진파', '원당', '참치액 조금', '멸치', '고추가루', '통깨', '들기름', '쪽파 조금']"
7025902,"['흰쌀밥 ', '닭안심 스테이크샐러드 ', '두부조림 ', '달걀말이', '양송이버섯마늘종볶음 ']"
7025901,"['흰쌀밥 ', '치킨 (지코바st 양념)', '구운 두부샐러드 ', '맛살전 ', '양송이버섯마늘종볶음 ']"
7025900,"['오이', '참치캔', '홍고추', '소금', '진간장', '참기름', '설탕', '통깨']"
7025899,"['숙주나물', '풋고추', '부추', '게맛살', '당근채', '다진마늘', '참치액젓', '선인장파우더', '참기름', '통깨', '고운 소금 톡톡']"
7025898,"['돌나물', '사과', '고추장', '고춧가루', '매실청', '2배식초', '선인장 파우더', '다진마늘', '참기름', '검은깨 약간', '통깨 약간']"
7025897,"['닭', '무 조금', '양파 조금 (작은 것)', '다진 마늘 조금', '대파 조금', '후추', '꽃소금', '물 (잠길만큼)']"
7025896,"['돼지등갈비', '묵은지', '홍고추', '양파', '대파', '물', '진간장', '설탕', '맛술 미림', '까나리액젓', '고춧가루', '고추장', '다진 마늘', '다진 생강', '후추 톡톡톡', '물', '소주', '월계수잎']"
7025895,"['계란', '베이컨', '우유', '부추', '쌀가루', '그라나파다노치즈 ']"
7025894,"['공심채', '병아리콩', '자숙 대두', '다진마늘', '썬파', '레드페퍼홀', '느억맘소스']"
7025893,"['맛살', '비엔나', '오이', '마요네즈', '설탕', '깨 조금']"
7025892,"['소고기', '새송이버섯', '대파', '간장', '미림', '다진마늘', '설탕', '참기름', '후추 약간 ', '잣가루 조금']"
7025891,"['밥', '무생채', '대파', '식용유', '참기름', '볶은참깨', '설탕']"
7025890,"['돼지고기 목살 다짐육', '부추', '양파', '다진마늘', '후춧가루 약간', '맛소금', '소고기 다시다', '참기름', '달걀', '찹쌀가루', '감자전분', '옥수수유 넉넉히', '양파', '홍고추', '간장', '식초', '설탕']"
7025889,"['강력분', '중력분', '이스트', '개량제', '소금', '설탕', '분유', '버터', '물', '계란', '중력분', '마가린', '설탕', '계란', '밤 통조림', '슬라이스 아몬드']"
7025888,"['습식 찹쌀가루', '뜨거운 물', '황설탕', '소금', '볶은콩가루', '황설탕', '소금']"
7025887,"['햇감자', '당근 조금', '대파잎 긴것', '건멸치', '건보리새우', '고추씨 (취향껏 넣고 빼세요)', '참치액', '소금 (추가 간)']"
7025886,"['손두부', '계란', '다진 대파', '다진 당근', '어린잎 채소 약간', '소금 약간', '후춧가루 약간', '참기름', '포도씨유']"
7025885,"['족발 살', '오이', '상추', '깻잎', '양파', '당근', '통깨 약간', '식초', '설탕', '매실청', '소금', '진간장', '다진마늘', '레몬즙', '연겨자', '참기름']"
7025884,"['두부', '양파', '멸치', '청양고추', '홍고추', '대파', '고춧가루', '다진 마늘', '진간장', '참치 액젓', '미림', '참기름', '통깨', '물', '요리용 올리고당']"
7025883,['햇반']
7025882,"['백 골뱅이', '버터', '올리브오일', '다진마늘', '소금', '후추 약간', '다진 바질 루꼴라 딜 허브', '바게트', '물', '식초', '소주']"
7025881,"['두부', '양파', '부추 조금', '소금 약간 (밑간 용)', '간장', '고춧가루', '다진 마늘', '설탕', '올리고당', '물']"
7025880,"['쌀 카스테라', '마스카포네치즈', '계란 노른자', '설탕', '계란 흰자', '생크림', '설탕', '바닐라 에센스', '에스프레소커피', '코코아가루 적당량']"
7025879,"['토마토', '양파', '바질 약간', '올리브유', '소금 약간', '설탕', '후춧가루 약간', '냉동 아보카도', '레몬즙', '소금 약간', '후춧가루 약간']"
7025878,"['깻잎순', '대파 흰부분 조금', '소금', '들깨가루', '다진마늘', '맛소금', '참기름', '통깨 조금']"
7025877,"['느타리버섯', '파프리카 빨강 노랑 약간 (생략 가능)', '대파', '식용유', '들깨가루', '진간장', '들기름', '소금']"
7025876,"['쌀밥', '전복초 (전복조림)', '고추장삼겹살구이', '스팸감자조림', '숙주나물', '과일']"
7025875,"['부침가루', '튀김가루', '신김치', '냉동 해물모듬', '양파', '물', '식용유']"
7025874,"['방울토마토', '중간 크기 양파', '세발나물', '발사믹 식초', '레몬', '아보카도오일', '소금', '후추', '건바질']"
7025873,"['양조간장', '까나리 액젓', '다진 파', '다진 마늘', '양파', '고춧가루', '참기름', '사과 식초', '소금', '큰 오징어', '냉동 두부', '무', '현미흑미 김밥', '김']"
7025872,"['두부', '표고버섯', '호박 오가리', '우렁살', '청양고추', '홍고추', '쪽파', '쌀뜨물', '다진 멸치', '다진 멸치', '된장', '고춧가루', '다진 마늘', '참기름']"
7025871,"['시판 닭볶음 소스', '닭고기', '물', '양파', '감자', '다진마늘', '청양고추', '대파']"
7025870,"['냉동 교자 만두', '식용유 넉넉하게 (카놀라유)']"
7025869,"['오이', '양파', '간 마늘', '설탕', '고춧가루', '액젓', '매실청', '식초', '참기름', '깨소금']"
7025868,"['애호박', '양파', '당근', '부침가루', '소금', '올리브유']"
7025867,"['어묵', '양파', '당근', '대파', '진간장', '굴소스', '올리고당', '참기름', '올리브오일', '통깨 솔솔솔']"
7025866,['고구마']
7025865,"['카레가루', '감자', '양파', '당근 조금', '애호박 조금', '물', '라면 면']"
7025864,"['소세지', '밥', '데리야끼 적당히', '치즈']"
7025863,"['채썬 양배추', '계란', '식빵', '식용유 조금 (또는 버터)', '소금', '후추', '케찹', '머스터드 조금', '식초']"
7025862,"['스파게티면', '통마늘', '알새우', '페페론치노', '물', '소금', '치킨스톡 농축액', '파슬리가루 (선택)', '올리브오일 (엑스트라버진)', '올리브오일 (퓨어)']"
7025861,"['옥돔', '식용유 (넉넉히)']"
7025860,"['동물성 휘핑크림', '바닐라시럽', '얼음 적당량', '우유', '에스프레소', '코코아파우더']"
7025859,"['삼겹살', '양파', '대파', '통후추', '부추', '사골육수', '순대', '고춧가루', '다진 마늘', '액젓', '후추', '다진 청양고추']"
7025858,"['무염버터', '설탕', '실온 달걀 흰자', '박력분', '아몬드가루', '녹차가루', '꿀', '마카다미아 (원하는 견과류 재료 준비)']"
7025857,"['박력분', '실온 달걀', '실온 버터', '설탕', '소금', '실온 크림치즈', '설탕', '찬 생크림', '실온 달걀', '옥수수전분', '레몬즙', '찬 생크림', '설탕', '딸기', '살구잼 (생략가능)']"
7025856,"['깻잎', '식초', '청양고추', '홍고추', '마늘', '다시마육수', '진간장', '소주', '식초', '설탕']"
7025855,"['냉동 고등어', '식용유', '후추 톡톡', '레몬즙 약간']"
7025854,"['박력분', '실온 무염버터', '황설탕', '실온 계란', '바닐라익스트랙', '베이킹소다', '소금', '마카다미아', '화이트 초코칩']"
7025853,"['박력분', '찬 노른자', '찬 무염버터', '찬 물', '소금', '설탕', '호두', '설탕', '올리고당', '계피가루', '물', '달걀']"
7025852,"['식빵', '딸기잼', '살구잼', '녹인 버터 약간', '설탕 약간']"
7025851,"['순두부', '양파', '애호박', '버섯', '달걀', '다진마늘', '대파', '바지락', '식용유', '참기름', '고춧가루', '설탕', '굴소스', '참치액', '새우젓', '맛술', '후추', '물']"
7025850,"['식빵', '다진마늘', '설탕', '마요네즈', '파슬리']"
7025849,"['소고기 국거리용', '무우', '물', '들기름', '다진마늘', '국간장', '액젓', '연두', '대파', '후추 조금']"
7025848,"['계란', '밥', '대파', '양파', '소금', '후추 조금', '진간장', '굴소스', '깨소금', '참기름', '식용유 넉넉히']"
7025847,"['계란', '김밥김', '우유', '소금', '후추 조금', '식용유 넉넉히']"
7025846,"['우엉', '식초', '들기름', '간장', '설탕', '미림', '물엿', '물', '다시마']"
7025845,"['돼지 등뼈', '삶은 시래기', '감자', '양파', '대파', '깻잎', '설탕', '월계수잎', '다진마늘', '된장', '고춧가루', '액젓', '참치액', '맛술', '편생강', '들깨가루']"
7025844,"['멸치', '새우', '슬라이스 아몬드', '올리브 오일', '간장', '올리고당', '꿀', '물엿', '통깨']"
7025843,"['송화버섯', '소금', '트러플오일', '후추 적당히', '계란', '버터 조금']"
7025842,"['건미역', '소금', '소고기 양지', '참기름', '국간장', '간마늘', '물', '액젓']"
7025841,"['양파', '물', '설탕', '식초', '간장', '고추']"
7025840,"['바지락', '순두부', '육수', '양파', '표고버섯', '애호박', '대파', '소금', '식용유', '고춧가루', '국간장', '멸치 액젓', '저염 명란젓', '미림', '다진 마늘', '소금']"
7025839,"['냉동만두', '밥', '단무지', '간장', '소금 톡톡', '통깨', '참기름']"
7025838,"['전복', '통마늘', '생강', '대파 흰 부분', '홍고추', '잣 조금', '간장', '설탕', '조청', '맛술', '후추 소량', '물', '전분가루', '물']"
7025837,"['묵은지', '소고기 육회용 우둔살', '밥', '쪽파 (고명용)', '다진 마늘', '홍게 맛장', '들기름', '설탕', '참기름', '소금', '깨소금']"
7025836,"['감말랭이', '물', '흑설탕', '물', '레몬즙']"
7025835,"['사과', '파인애플', '오렌지', '오이', '삼색 푸질리', '참외 작은 것', '하루견과', '마요네즈', '소금', '설탕', '소금', '베이킹소다', '식초']"
7025834,"['참외', '베이킹소다', '식초', '참외 씨거른것 ', '올리브유', '레몬즙', '소금', '꿀']"
7025833,"['콩나물', '대파', '고추가루', '맛소금', '멸치액젓', '국간장', '참기름', '통깨']"
7025832,"['표고버섯', '계란', '식용유', '맛소금']"
7025831,"['계란', '물', '꽃소금 취향껏', '버터', '대파 조금', '당근 조금']"
7025830,"['지리멸치', '통마늘', '식용유', '미림', '올리고당', '간장', '참기름', '깨']"
7025829,"['마늘쫑 데친후', '대파 썬것', '고추장', '고춧가루', '다진마늘', '매실청', '참치액', '알룰로스', '깨 갈은것']"
7025828,"['밥', '계란', '김가루', '신김치', '식용유', '참기름', '다시다', '물', '식초', '통깨']"
7025827,"['무', '당근', '꽃소금 조금', '계란', '밀가루', '식용유 넉넉하게']"
7025826,"['눈개승마 데친 것', '대파 썬 것', '쌈장', '참치 액', '다진 마늘', '매실청', '간깨 ', '통깨', '참기름', '된장', '고추장', '천일염']"
7025825,"['김치', '돼지고기 앞다리살', '원당', '다진 마늘', '대파', '고춧가루', '물 자작하게 ']"
7025824,"['버섯 페스토', '우유', '밀가루', '양송이버섯', '체더치즈', '파슬리가루', '소금', '버터']"
7025823,"['황태', '참기름', '다진 마늘', '대파', '무', '고춧가루', '물', '다시마', '청양고추', '까나리액젓', '계란']"
7025822,"['숏 파스타', '양파', '파프리카', '아스파라거스', '당근', '메추리알', '마늘', '올리브유', '버터', '소금', '후추']"
7025821,"['숙주', '통 유부', '김가루 약간', '소면', '물', '단무지', '물', '무', '양파', '디포리', '중멸치', '설탕', '청양고추', '후추', '부추', '부추', '황설탕', '진간장', '참기름', '통깨', '고춧가루']"
7025820,"['냉동새우', '냉동모둠해물', '모듬 야채', '죽순', '어묵', '크래미', '다진마늘', '썬파', '고춧기름', '화조유', '마라상궈소스', '사골육수', '전분물 농도에맞게', '물', '양송이버섯', '완두콩', '그린빈', '빨간 파프리카', '검정 파프리카', '노란 파프리카', '주황 파프리카', '빨간 파프리카']"
7025819,"['무', '마늘쫑', '소금', '검은깨', '튀김가루', '식용유 조금']"
7025818,"['애호박', '두부', '스팸', '소금 약간', '후추 약간', '전분가루']"
7025817,"['제피 어린잎순', '다진마늘', '액젓', '고춧가루', '설탕', '통깨 적당히']"
7025816,"['아카시아 꽃잎', '계란', '부침가루', '물', '식용유', '식초 약간']"
7025815,"['김', '밥', '당근', '계란', '크래미', '두릅', '엄나무순', '소금', '참기름', '깨소금', '식용유 약간']"
7025814,"['된장', '고추장', '다진마늘', '설탕', '참기름', '깨소금']"
7025813,"['애호박', '소금', '참기름', '깨소금', '소금', '통깨 약간']"
7025812,"['황태채', '물', '고추장', '다진마늘', '진간장', '맛술', '물', '올리고당', '참기름', '깨소금']"
7025811,"['돌미나리', '소금', '식초', '국간장', '참기름', '통깨', '다진 마늘', '맛소금']"
7025810,"['손두부', '우삼겹', '양파', '대파', '청양고추', '물', '포도씨유 약간', '고춧가루', '고추장', '된장', '진간장', '설탕', '다진마늘', '참기름']"
7025809,"['시판 닭가슴살', '밥', '오이', '상추', '김가루', '간장', '식초', '알룰로스', '들기름', '다진 마늘', '통깨']"
7025808,"['감자', '마늘', '로즈메리', '소금 적당량', '후추 적당량', '올리브오일 적당량 (0.5cm정도 깔리게)']"
7025807,"['마스카포네치즈', '강력분', '베이킹파우더', '설탕', '소금', '우유 적당량 (반죽에 바를 용도)', '딸기잼 (다른걸로 대체가능)', '크림치즈 (다른걸로 대체가능)']"
7025806,"['시금치', '토마토', '양파', '통조림햄', '버터 적당량', '모짜렐라치즈 적당량', '계란', '우유', '소금 적당량', '후추 적당량']"
7025805,"['우유', '전복', '표고버섯', '양파', '쌀', '간마늘', '체다 슬라이스 치즈', '올리브유', '버터', '소금', '후추가루', '와인']"
7025804,"['갈치', '부침가루 적당량', '맛소금 적당량', '식용유']"
7025803,"['두부', '참치캔', '계란', '전분가루', '소금', '후추']"
7025802,"['팽이버섯', '스팸', '다진마늘', '식용유', '통깨', '후추', '굴소스']"
7025801,"['육수', '두부', '표고버섯', '대파', '다진마늘', '국간장', '액젓', '들깨가루', '들기름']"
7025800,"['엿기름', '물', '찬밥', '설탕', '올리고당']"
7025799,"['닭다리', '데리야키소스', '아몬드슬라이스 약간', '로즈마리 조금 (생략무방)', '건 바질가루', '파슬리가루', '다진마늘', '올리브유', '꽃소금 약간', '후춧가루 약간']"
7025798,"['애호박', '쪽파', '소금', '진간장', '귤청', '쌀엿', '참기름', '통깨']"
7025797,"['미니 애호박', '새우젓', '새우젓 국물', '소금 약간 (취향에 따라)', '물', '오일', '다진 마늘', '들기름', '청양고추', '홍고추 약간', '참깨 약간']"
7025795,"['파스타', '양파', '통마늘', '올리브 오일 적당히', '왕새우', '토마토 소스', '청양고추', '모짜렐라 치즈 듬뿍', '파슬리 가루 넉넉히']"
7025794,"['돼지고기 다짐육', '대파', '청양고추', '밥', '맛소금', '다진마늘', '맛술', '후추', '설탕', '굴소스', '우스터소스', '진간장']"
7025793,"['문어다리', '미나리', '양파', '빨강파프리카 약간', '초고추장', '고추냉이']"
7025792,"['쑥갓', '고추장', '소금', '깨', '참기름']"
7025791,"['냉동 오징어', '무', '두부', '팽이버섯', '대파', '다진마늘', '코인육수']"
7025790,"['개망초', '고추장', '들기름', '다진 마늘', '매실청']"
7025789,"['세발나물', '두부', '참기름', '소금']"
7025788,"['당근', '양배추', '단호박', '방울토마토', '병아리콩', '초콩', '발사믹식초', '올리브오일', '들깨가루']"
7025787,"['닭고기', '우유', '감자', '대파', '양파', '청양고추', '홍고추', '물', '통깨 약간', '소금', '다진 마늘', '진간장', '고춧가루', '설탕', '쌈장']"
7025786,"['콘옥수수', '튀김가루', '물', '설탕', '식용유']"
7025785,"['얼음 적당량', '투게더맛 우유', '에스프레소', '엑설런트 아이스크림', '코코아파우더 적당량']"
7025784,"['소고기', '스틱 버터', '양파', '다진마늘', '설탕', '고춧가루', '케찹', '우스터', '소금', '후추 조금', '커민가루', '물']"
7025783,"['밥', '닭고기', '표고버섯', '치킨스톡', '참기름', '다진 파', '다진 마늘', '소금 약간', '후춧가루 약간']"
7025782,"['양파', '팽이버섯', '당면', '냉동새우', '식용유', '다진 청양고추', '다진 마늘', '큐민', '설탕', '진간장']"
7025781,"['식빵', '슬라이스 햄', '체다치즈', '계란', '우유', '딸기쨈 적당량', '소금', '식용유']"
7025780,"['콩나물', '오이', '맛소금', '소금', '설탕', '다진 마늘', '통깨', '참기름']"
7025779,['망고']
7025778,"['오이', '고춧가루', '설탕', '식초', '소금', '다진마늘']"
7025777,"['오이', '햄', '단무지', '계란', '맛살', '밥', '마요네즈', '김']"
7025776,"['오트밀', '계란', '물', '간장', '참기름']"
7025775,"['서리태', '물', '식용유', '진간장', '맛술', '설탕', '올리고당', '참기름', '통깨']"
7025774,"['애호박', '들기름', '고춧가루', '참기름', '통깨', '대파 약간', '진간장', '소금 약간']"
7025773,"['묵은지', '참치캔', '고춧가루', '대파 넉넉히', '김치국물', '쌀뜨물']"
7025772,"['사각어묵', '대파', '청양고추', '고춧가루', '고추장', '설탕', '굴소스', '진간장', '물', '물', '후추 톡톡톡', '군만두', '식용유 넉넉하게']"
7025771,"['당근', '레몬즙', '소금', '후추', '꿀', '홀그레인머스터드소스']"
7025770,"['모둠꼬치', '염통꼬치', '데리야끼소스', '후추', '마요네즈', '맛간장', '불닭소스', '위스키', '망고애플', '레몬즙', '제로 탄산수', '얼음']"
7025769,"['양배추', '참치캔', '참치액', '굴소스', '계란', '통깨', '참기름', '후추 ']"
7025768,"['두릅', '튀김가루', '찬 물', '옥수수전분가루', '참치액젓', '소금', '홍고추 약간', '식용유 적당량']"
7025767,"['계란', '물', '설탕', '진간장', '참기름', '통깨']"
7025766,"['시금치', '소금', '간장', '마늘', '검은 통깨']"
7025765,"['애호박', '냉동 오징어', '당근', '부침가루', '찬 물', '참치액', '식용유 넉넉하게 (카놀라유)']"
7025764,"['돼지고기', '가리비관자', '새우', '오징어', '팽이버섯', '부추 적당히', '파김치 적당히', '버터', '고추장', '고춧가루', '간장', '맛술', '설탕', '다진마늘', '참치액', '후추 조금', '소금 기호에따라']"
7025763,"['닭', '냉동 닭가슴살', '냉동 올갱이떡', '뜨거운 물', '다진마늘', '물', '고추장', '간장', '설탕', '후춧가루', '참기름', '고춧가루', '통깨']"
7025762,"['돼지고기 찌개용', '애호박', '양파', '표고버섯', '홍고추', '대파', '고추장', '새우젓', '국간장', '다진 마늘', '고춧가루', '국간장', '후추 약간']"
7025761,"['오이', '감자', '홍고추', '청양고추', '마늘', '멸치액젓', '매실액', '천일염', '생강', '물']"
7025760,"['두부', '들기름', '느타리버섯', '표고버섯', '빨강 파프리카 약간', '노랑 파프리카 약간', '풋고추', '어린잎 채소 적당히', '다진 대파', '진간장', '굴소스', '식용유']"
7025759,"['간장', '멸치액젓', '식초', '다진마늘', '설탕', '갈은 깨', '고춧가루', '참기름']"
7025758,"['닭', '대파', '마늘', '칼국수', '고추장소스 (소금)', '후추']"
7025757,"['감자', '올리브유 약간', '소금 조금', '후춧가루 톡톡']"
7025756,"['멸치다시마육수', '어묵', '무', '대파', '다진마늘', '참치액', '진간장', '후춧가루 약간', '소금 약간']"
7025755,"['돼지고기 다짐육', '식용유', '대파 약간', '맛술', '후춧가루 약간', '다진마늘', '진간장', '참치액', '설탕', '맛술', '공기밥', '만능소보로', '참기름', '깨소금 약간', '김가루 약간']"
7025754,"['황태채', '진간장', '마요네즈', '꿀', '청양고추']"
7025753,"['도토리 면', '삶은 계란', '채썬 오이', '채썬 당근', '채썬 자색 양파', '고추장', '식초', '양파당', '고춧가루', '다진 마늘', '간장', '참기름 약간', '통깨 가루 약간']"
7025752,"['된장', '고추장', '다진 마늘', '찐 단호박', '호두', '된장', '고추장', '다진 마늘', '참기름', '두부', '다진꽈리고추 (쪽파)', '고춧가루']"
7025751,"['말린 팽이버섯', '다진마늘', '청고추', '홍고추', '들기름', '매실청', '물', '조청', '고추가루', '고추장', '양조간장']"
7025750,"['냉동 삼겹살', '통마늘', '부추양파무침 넉넉히', '깨 조금']"
7025749,"['보라 양배추', '올리브오일', '레몬즙', '설탕', '꿀', '소금', '후추 약간', '홀그레인머스타드', '물', '식초']"
7025748,"['소고기', '양파', '애호박', '새송이버섯', '청양고추', '고추장', '된장', '다진 마늘', '된장', '물']"
7025747,"['파스타', '브리치즈', '마늘', '생바질', '방울토마토', '올리브 오일', '파르미지아노 레지아노 치즈 조금', '소금 조금', '후추 조금']"
7025746,"['돼지고기', '대파', '김치', '양파', '소주', '진간장', '고춧가루', '설탕', '다진마늘', '통깨', '식용유', '참기름']"
7025745,"['신김치', '김치 국물', '꽁치 통조림', '물', '홍고추', '다진 대파', '생강술', '어간장', '다진 마늘', '고춧가루']"
7025744,"['박력분', '코코아파우더', '베이킹파우더', '무염버터', '설탕', '소금 약간', '계란', '우유', '초코칩', '계란물 적당량 (또는 우유)', '다크초콜릿', '펄솔트 약간']"
7025743,"['호박', '당근 (채썰고)', '다진마늘', '파 (송송 썬)', '불고기 (볶은거)', '칼국수면', '물만두', '후추', '청양고추 (다짐)', '멸치', '다시마', '무', '양파', '파 (잎)']"
7025742,"['통밀식빵', '베이컨', '치커리', '마요네즈', '땅콩버터']"
7025741,"['채소고기 두부전 반죽 조금', '오이고추', '계란', '부침가루', '소금', '올리브유']"
7025740,"['토마토', '양파', '대파', '당근', '다진 마늘', '고춧가루', '소금', '설탕', '멸치액젓']"
7025739,"['돼지고기 살코기 적당히', '당근', '양파', '통마늘', '표고버섯', '팽이버섯', '카레분말', '물']"
7025738,"['오이', '소금', '진미채', '뜨거운 물 넉넉히', '다진마늘', '간장', '물엿', '참기름', '고추장', '마요네즈', '깨 넉넉히']"
7025737,"['콩나물', '잡채', '돼지고기', '양파', '홍파프리카', '피망', '당근', '대파', '고추가루', '간장', '미림', '다진마늘']"
7025736,"['스파게티', '새우', '가리비관자', '청양고추', '마늘', '홍 파프리카', '파슬리 조금', '올리브오일', '소금', '후추']"
7025735,"['열무김치', '소면', '고추장', '설탕', '간장', '식초', '통깨', '참기름']"
7025734,"['닭', '건미역', '들기름', '양파', '말린 대추', '마늘', '건 생강', '국간장', '참치액', '다진마늘']"
7025733,"['두부 원하는만큼', '계란', '현미밥', '연두 원하는만큼', '양배추', '들기름', '식용유']"
7025732,"['소고기', '감자', '양파', '당근', '브로콜리', '식용유', '통깨 약간', '식초', '물', '설탕', '간장', '맛술']"
7025731,"['캔 옥수수', '파프리카', '양파', '마요네즈', '연유', '레몬즙']"
7025730,"['계란', '대파 (줄기부분)', '밥', '식용유', '굴소스', '참기름', '후춧가루']"
7025729,"['양장피면', '갑오징어', '새우', '오이', '당근', '크래미', '계란', '고추기름', '돼지고기', '배춧잎', '대파', '홍고추', '표고버섯', '죽순채', '채썬 생강', '진간장', '맛술', '굴소스', '후추 약간', '참기름', '연겨자', '간장', '황설탕', '소금 한꼬집', '연겨자', '황설탕', '식초', '간장', '다진마늘', '참기름']"
7025728,"['곰취', '굵은소금', '멸치액젓', '들기름', '다진마늘', '통깨']"
7025727,"['무', '양파', '죽염', '물', '깨 넉넉히']"
7025726,"['방풍나물', '식초', '진간장', '설탕', '식초', '물']"
7025725,"['돌미나리', '우삼겹', '양파', '청양고추', '홍고추', '식초', '밀가루', '물', '참치액젓']"
7025724,"['부추', '양파', '설탕', '고춧가루', '진간장', '다진마늘', '액젓', '통깨', '참기름']"
7025723,"['팽이버섯', '버터', '다진마늘', '액젓', '들깨가루']"
7025722,"['백합 조개', '굵은소금', '다시마', '맛술', '부추', '청양고추', '홍고추', '물']"
7025721,"['양파', '마늘', '소시지', '베이컨', '토마토케찹', '굴소스', '블랙올리브', '식용유', '소금', '파스타면', '파르미지아 노레지아노 치즈 약간']"
7025720,"['우엉 잎', '식초', '밥', '청양고추 (다대기)']"
7025719,"['마늘', '전분', '식용유', '아몬드', '해바라기씨', '맛술', '간장', '생강즙', '올리고당', '페페론치노', '참기름', '통깨']"
7025718,"['카레가루', '우유', '닭봉', '튀김가루', '카레가루', '후추', '진간장', '고추장', '케첩', '설탕', '다진 마늘', '다진 생강', '깨', '튀김가루', '물', '식용유']"
7025717,"['동물성 휘핑크림', '버터스카치 시럽', '얼음 적당량', '우유', '에스프레소', '카라멜소스 적당량']"
7025716,"['열무', '얼갈이', '양파', '쪽파', '청양고추', '밥', '배음료', '양파', '홍초', '고춧가루', '물', '국물양념 생수', '소주', '액젓', '액젓', '매실청', '설탕', '마늘', '생강청', '소금', '뉴슈거']"
7025715,"['백오이', '소금', '들깨가루', '올리브유', '참기름', '통깨 조금', '소금 취향껏']"
7025714,"['치자단무지', '스테비아', '고춧가루', '식초', '쪽파', '깨 넉넉히']"
7025713,"['딸기 듬뿍', '바나나', '요거트']"
7025712,"['식빵', '계란', '설탕', '우유']"
7025711,"['콩나물', '대패삼겹살', '양파', '대파', '깻잎', '통깨 솔솔솔', '고추장', '고춧가루', '진간장', '설탕', '맛술', '다진마늘']"
7025710,"['얼갈이', '소금', '홍고추', '청양고추', '쪽파', '양파', '마늘', '액젓', '새우젓', '밥', '생강', '양파', '사과', '홍고추', '생수', '고추가루', '매실청', '소금']"
7025709,"['계란', '물', '파 조금', '새우젓', '통깨']"
7025708,"['양배추', '베이컨', '적양파', '부침가루', '계란', '가쓰오부시', '마요네즈', '오코노미야키소스']"
7025707,"['달래', '오이', '파 조금', '다진마늘', '고추가루', '식초', '진간장', '설탕', '참기름', '통깨']"
7025706,"['밥', '소고기', '토마토', '고구마']"
7025705,"['우유', '요거트', '꿀 (선택)', '캐슈넛 (선택)']"
7025704,"['돼지고기', '감자', '애호박', '양파', '청양고추', '홍고추', '대파 (20g)', '다진마늘', '고추장', '고춧가루', '국간장', '참기름', '소금', '물']"
7025703,"['오이', '계란', '식용유', '소금', '참치', '조미김', '밥', '진간장', '설탕', '들기름', '통깨']"
7025702,"['크래미 맛살', '대파', '파프리카', '풋고추', '계란', '참기름', '맛술', '소금', '후춧가루 약간', '식용유 넉넉히']"
7025701,"['애호박', '양파', '청양고추', '새우살', '맛술', '식용유', '간마늘', '소금', '참치액', '참기름']"
7025700,"['아보카도', '양파', '방울토마토', '레몬즙', '올리브오일']"
7025699,"['계란', '양파', '청양고추', '팽이버섯 조금', '다진마늘', '고추가루', '후추', '치킨스톡', '당면 조금 (불린)']"
7025698,"['건가지', '두반장', '들기름', '물', '통깨 약간']"
7025697,"['돼지고기', '양파', '당근', '브로콜리', '새송이버섯', '양배추', '두부', '계란', '부침가루', '전분가루', '소금', '후추가루 조금', '생강술', '올리브유']"
7025696,"['부추', '크래미', '당근', '양파', '달걀', '두반장', '간장', '맛술', '식용유']"
7025695,"['베이글', '리코타치즈', '토마토', '버터헤드 레터스', '햄', '마요네즈', '홀그레인머스타드']"
7025694,"['다크커버춰 초콜릿', '생크림', '버터', '코코아파우더']"
7025693,"['닭발', '고추장', '고춧가루', '다진 마늘', '물엿', '설탕', '미림', '간장', '후춧가루', '다시다', '미원', '청양고추', '파', '물 조금', '월계수잎', '통후추']"
7025692,"['아카시아꽃', '식용유 충분히', '밀가루', '전분가루', '물', '굵은소금', '설탕']"
7025691,"['황금향', '설탕']"
7025690,"['고등어', '시래기', '양파', '청양고추', '대파', '들기름', '소주', '고춧가루', '간장', '후춧가루', '참깨', '미림', '고추장', '설탕', '다진생강', '다진마늘']"
7025689,"['닭날개', '로즈메리 약간', '올리브유', '굴 소스', '맛술', '올리고당', '다진 마늘', '카레가루 약간', '후춧가루 약간', '파슬리가루 약간', '우유']"
7025688,"['게맛살', '브로콜리', '양파', '당근', '마늘', '식용유', '진간장', '굴 소스', '참기름', '통깨 약간', '식초']"
7025687,"['스팸', '두부', '공기밥', '식용유', '케찹']"
7025686,"['깐 도라지', '백오이', '소금', '소금', '고추장', '다진마늘', '고추가루', '올리고당', '사과식초', '설탕', '소금 조금', '통깨 조금']"
7025685,"['떡국떡', '식용유 적당량', '견과류', '간장', '참기름', '꿀']"
7025684,"['흰밥', '전복 버터구이', '간장등갈비구이', '감자조림 (스팸감자조림)', '숙주나물']"
7025683,"['중멸치', '마늘', '청양고추', '식용유', '설탕', '고춧가루', '진간장', '매실청', '올리고당', '참기름', '통깨']"
7025682,"['두부', '카이피라', '적채 약간', '방울토마토', '어린 잎 채소', '소금 소량', '간장', '올리브오일', '설탕', '식초', '레몬즙', '다진마늘']"
7025681,"['가지', '쪽파', '밥', '올리브오일 넉넉히', '깨 조금', '물', '간장', '맛술', '올리고당', '매실청', '생강청', '다진마늘', '후춧가루 조금', '굴소스']"
7025680,"['순대', '양배추', '대파', '양파', '깻잎', '들깨가루']"
7025679,"['닭안심살', '가래떡', '양파', '대파', '청양고추', '소금 약간', '후추 약간', '고춧가루', '간장', '다진마늘', '미림', '설탕', '물엿', '후추 약간', '통깨']"
7025678,"['파스타면', '우삼겹', '스파게티소스', '브로콜리', '양파']"
7025677,"['소갈비', '무', '당근', '물', '월계수잎', '청주', '물', '간장', '청주', '다진마늘', '설탕', '올리고당', '들기름', '생강가루', '깨', '후추', '사과', '양파', '대파']"
7025676,"['진미채', '고추기름', '고추장', '간장', '설탕', '마요네즈', '다진마늘', '맛술', '생강', '올리고당']"
7025675,"['어묵', '양파', '고추', '간장', '올리고당', '다진마늘', '맛술']"
7025674,"['얼음 적당량', '우유', '연유', '에스프레소']"
7025672,"['김치', '부침가루', '식용유', '치즈', '계란']"
7025671,"['스팸', '프랑크소세지', '사골곰탕', '물', '베이크드빈스', '신김치', '떡국떡', '팽이버섯', '체다치즈', '사리 면', '대파', '고추장', '고춧가루', '맛술', '액젓', '다진마늘', '후추 조금']"
7025670,"['돼지고기', '깐메추리알', '깐마늘', '미니새송이버섯', '청양고추', '간장', '배즙', '미림', '매실청', '멸치다시마육수']"
7025669,"['브로콜리', '컬리플라워', '마요네즈', '참깨', '설탕']"
7025668,"['오징어', '양파', '당근', '대파', '식용유 넉넉히', '고춧가루', '진간장', '다진마늘', '설탕', '맛술', '고추장', '깨소금', '참기름', '후추 조금']"
7025667,"['감자', '소금', '후추 넉넉히', '올리브유', '파슬리']"
7025666,"['깍두기', '스팸', '밥', '대파', '식용유 넉넉히', '고춧가루', '설탕', '굴소스', '진간장', '마요네즈', '깨소금', '참기름']"
7025665,"['백오이', '부추', '당근', '굵은소금', '굵은소금', '물', '고춧가루', '흑설탕', '매실청', '다진마늘', '멸치액젓']"
7025664,"['도토리묵', '물', '신김치', '오이', '대파', '청양고추', '통깨', '굵은고춧가루', '김가루 조금', '각얼음', '코인육수', '식초', '국간장', '설탕', '간마늘']"
7025663,"['불닭볶음면', '계란', '슬라이스체다치즈', '소세지', '모짜렐라치즈 조금']"
7025662,"['대패삼겹살', '대파', '소금', '후추', '진간장', '굴소스', '소주', '물', '황설탕', '후추 약간']"
7025661,"['사각어묵', '마늘쫑', '소금 약간', '고춧가루', '고추장', '간장', '매실청', '올리고당', '땅콩버터', '깨소금 약간']"
7025660,"['오이', '다진마늘', '파', '고춧가루', '설탕', '통깨 약간']"
7025659,"['김치', '두부', '대파', '간장', '고춧가루', '설탕', '통깨 약간']"
7025658,"['계란', '참치액', '소금', '물', '참기름', '통깨 약간']"
7025657,"['대패목살', '양파', '대파', '마늘', '소주 반컵', '식용유', '고춧가루', '생강가루', '두반장', '들기름', '간장', '설탕', '통깨']"
7025656,"['병아리콩', '소금', '올리브유', '깨', '레몬즙', '다진마늘', '후추 톡톡톡', '고춧가루 톡톡톡', '타임 허브 약간 (생략가능)']"
7025655,"['돼지고기', '신 김치', '대파', '청양고추', '홍고추', '물', '고춧가루', '다진마늘', '새우젓', '간장', '설탕']"
7025654,"['제주 무', '소금', '고추씨', '물', '소금', '소주', '짠지무 ', '식초', '물', '얼음', '청양고추', '고춧가루']"
7025653,"['갈퀴나물', '멸치 액젓', '매실청', '굵은 고춧가루', '다진 마늘', '참기름']"
7025652,"['닭다리살', '나시고랭소스', '밥', '양파', '식용유']"
7025651,"['쌀국수', '팟타이소스', '쪽파', '계란', '새우', '숙주', '견과류', '식용유']"
7025650,"['계란', '밥', '소금', '우유 조금', '쪽파 조금', '아몬드 호두 간 것', '버터', '케찹']"
7025648,"['황태채', '마요네즈', '간장', '청양고추']"
7025647,"['큰 토마토', '계란', '올리브유', '진간장', '소금', '후추 톡톡']"
7025646,"['잔멸치볶음', '김밥용단무지', '김가루', '참기름', '밥', '맛소금', '통깨']"
7025645,"['오이', '통깨', '고추가루', '매실청', '식초', '참기름', '설탕', '다진마늘', '소금']"
7025644,"['오이', '부추', '굵은소금', '고춧가루', '멸치액젓', '다시마물', '멸치액젓', '깨소금', '설탕 약간', '통깨']"
7025643,"['방울토마토', '양파', '루꼴라', '올리브오일', '설탕', '발사믹식초', '다진 마늘', '소금', '물', '소금']"
7025642,"['부추', '찹쌀가루', '물', '고춧가루', '멸치액젓', '새우젓', '매실액', '다진생강']"
7025641,"['동죽', '쑥', '해물육수', '조개멸치 육수', '다진마늘', '어슷썬파', '청양고추', '후추 조금', '새우젓', '물']"
7025640,"['메밀소바면', '쯔유', '물', '무', '와사비', '쪽파', '무순', '김']"
7025639,"['닭', '양파', '홍파프리카', '당근 조금', '마늘', '간장', '고추장', '고추가루', '미림', '다진마늘', '다진생강', '유자청', '후추']"
7025638,"['팽이버섯', '당근', '부추', '양파', '계란', '부침가루', '소금', '후추', '식용유']"
7025637,"['엄나무순', '가죽', '두릅 약간', '굵은소금', '초고추장 약간', '두릅', '부침가루', '물', '계란', '소금', '식용유', '통깨', '초고추장 약간']"
7025636,"['얼갈이배추', '열무', '굵은소금', '멸치액젓', '새우젓', '육수', '동전육수', '붉은 고추', '양파', '사과', '배', '고춧가루', '마늘', '생강가루 약간']"
7025635,"['대패삼겹살', '계란', '부침가루', '소금', '후추', '식용유 약간', '참나물', '양파', '당근', '고춧가루', '참치액젓', '감식초', '마늘', '깨소금', '참기름 약간', '장어', '식용유', '양념장 약간']"
7025634,"['계란', '팽이버섯', '부추', '미니 파프리카', '식용유 약간', '맛술', '소금 약간']"
7025633,"['오이', '부추', '통깨 약간', '소금', '고춧가루', '새우젓', '다진마늘', '매실청', '멸치액젓', '황설탕', '물엿', '후추 약간']"
7025632,"['돼지고기 불고기용', '소면', '상추', '소금 약간', '후추 약간', '참기름 약간', '참깨 약간', '고추장', '진간장', '설탕', '고춧가루', '식초', '다진마늘']"
7025631,"['황태', '감자옹심이', '대파', '당근채', '혼합 다시팩', '생수', '계란', '국간장', '참치 액', '간 마늘', '후추 (톡톡)', '맛술', '참기름']"
7025630,"['계란', '생수', '당근', '대파', '맛소금', '맛술']"
7025629,"['생표고', '양파', '당근', '식용유', '다진 대파', '다진 마늘', '진간장', '굴소스', '설탕', '전분', '물', '통깨 적당량']"
7025628,"['순살치킨', '라면', '사골육수', '달걀', '통깨 약간']"
7025627,"['연두부', '사골육수', '달걀', '맛술', '쪽파 조금', '참치액', '들기름', '물', '통깨 약간']"
7025626,"['닭봉', '전분가루', '식용유 약간', '간장', '굴 소스', '올리고당', '흑설탕', '맛술', '다진 대 파', '다진 마늘', '후추 약간', '생강가루 약간']"
7025625,"['오이', '홍고추', '양파', '굵은 소금 약간', '식초', '설탕', '물', '진간장', '식초']"
7025624,"['중력분', '설탕', '베이킹파우더', '소금', '버터', '계란', '얼그레이티백', '우유', '생크림', '슈거파우더', '오렌지 제스트', '수레국화 꽃잎 약간 (장식용)']"
7025623,"['카레가루', '감자', '양파', '당근 조금', '애호박 조금', '물']"
7025622,"['아보카도', '두부', '쪽파 조금', '깨 넉넉히', '간장', '다진마늘', '매실청', '식초', '참기름', '물']"
7025621,"['새우', '달래', '부침가루', '튀김가루', '물']"
7025620,"['모닝빵', '무염버터', '굵은소금 약간']"
7025619,"['우엉', '청피망', '홍피망', '양파', '쪽파', '표고버섯', '소금', '후추', '식초', '진간장', '굴소스', '설탕', '물', '식용유', '다진마늘', '후추']"
7025618,"['가래떡', '설탕', '버터', '물']"
7025617,"['신 김치', '고추참치', '들기름', '설탕', '물', '식용유', '통깨 약간']"
7025616,"['호박', '양파', '간마늘', '새우젓', '들기름']"
7025615,"['물만두', '스팸', '물', '식용유', '통깨 약간', '고춧가루', '다진마늘', '고추장', '간장', '설탕', '파슬리가루 약간']"
7025614,"['암 꽃게', '물', '된장', '소주']"
7025613,"['롤드 오트', '우유', '플레인 요거트', '소금', '치아씨드', '바닐라 익스트렉트', '알룰로스']"
7025612,"['채 썬 양배추', '채 썬 당근', '사과', '양파', '옥수수알', '두부마요네즈', '애플사이다비네거', '소금', '후추']"
7025611,"['두부', '아보카도 오일', '레몬즙', '화이트 발사믹식초', '메이플시럽', '디종머스터드']"
7025610,"['당면', '얄은 단무지', '깻잎', '치커리', '적양배추', '양파', '당근', '다진마늘', '고춧가루', '참깨', '참기름', '식초', '설탕', '매실액']"
7025609,"['무염버터', '계란흰자', '설탕', '꿀', '바닐라오일 적당량', '아몬드가루', '박력분', '바닐라빈']"
7025608,"['양배추 채썬거 작은', '양파', '대파', '계란', '모짜렐라치즈 ', '베이비 시금치 (또는 케일)', '토마토', '올리브오일', '소금 약간']"
7025607,"['메주콩', '물', '백오이', '잣', '땅콩', '달걀', '소면', '생수 적당히', '소금 적당량']"
7025606,"['양배추', '양파', '방울토마토', '양송이 버섯', '마늘', '소금', '후추', '갈릭파우더', '파프리카파우더 (선택)', '올리브오일', '그라나파다노치즈 (선택)']"
7025605,"['식빵', '계란', '양배추 채썬것 크게', '당근 조금', '파 조금', '소금', '슬라이스치즈', '햄 조금', '케찹 조금']"
7025604,"['마스카포네치즈', '생크림', '설탕', '에스프레소', '레이디핑거쿠키']"
7025603,"['김치', '돼지고기 앞다리살', '대파', '두부', '팽이버섯', '코인육수', '맛술', '고춧가루', '설탕', '다진마늘', '김치국물', '후추 톡톡톡']"
7025602,"['소세지', '식빵', '달걀', '소금', '후추 조금', '빵가루', '파슬리', '오일스프레이']"
7025601,"['계란 흰자', '설탕', '포도씨유', '설탕', '노른자', '바나나', '박력분', '베이킹파우더', '소금', '초코칩', '견과류']"
7025600,"['육수', '소고기', '대파', '무우', '표고버섯', '식용유', '고춧가루', '다진마늘', '맛술', '참치액젓', '굵은소금', '후추 넉넉히']"
7025599,"['통밀가루', '따뜻한 우유', '계란', '설탕', '가는소금', '무염버터', '이스트']"
7025598,"['스팸', '김밥김', '식용유 넉넉히', '계란', '소금', '후추 조금', '밥', '소금', '참기름', '깨소금']"
7025597,"['어묵', '양파', '대파', '간장', '고추장', '고춧가루', '설탕', '통깨 약간', '물', '간마늘', '후추 약간']"
7025596,"['숙주', '간장', '소금', '참기름', '통깨 약간', '파 약간']"
7025594,"['브로콜리', '식초', '소금', '통깨', '마요네즈', '진간장', '올리고당', '땅콩버터']"
7025593,"['제피잎', '진간장', '매실청', '고추장', '고춧가루', '다진마늘', '통깨']"
7025592,"['냉동 핫도그', '양배추', '오이', '당근 조금', '마요네즈', '케첩']"
7025591,"['마늘쫑', '통마늘', '물', '간장', '소주', '설탕', '식초']"
7025590,"['두부', '스팸', '당면', '무', '대파', '청양고추', '감자 (추가가능)', '양파 (추가가능)', '고춧가루', '설탕', '간장', '고추장', '된장', '다진마늘']"
7025589,"['김밥김', '스팸', '달걀', '밥', '소금', '참기름', '설탕']"
7025588,"['밤고구마', '전분가루', '우유', '달걀노른자', '무가당 요거트', '올리고당', '스테비아']"
7025587,"['콩나물', '황태', '물', '다시마', '국물 멸치', '국간장', '새우젓', '까나리액젓', '소금', '대파', '다진마늘', '청양고추', '계란', '후추 약간']"
7025586,"['삶은 시래기', '대파', '멸치육수', '국간장', '참치액', '다진마늘', '들기름', '통깨']"
7025585,['말린 시래기']
7025584,"['돼지등뼈 감자탕용', '감자', '대파', '양파', '느타리버섯 넉넉히', '팽이버섯', '깻잎', '된장', '맛술', '다진마늘', '국간장', '고추장', '설탕', '고춧가루', '후춧가루 적당히']"
7025583,"['귀리잡곡 밥', '오이', '상추', '낫또', '계란', '홍게간장', '참기름']"
7025582,"['두부', '양파', '당근 약간', '대파', '설탕', '다진마늘', '간장', '고춧가루', '참기름', '후추', '물', '통깨']"
7025581,"['갈치', '무', '대파', '양파', '홍고추', '멸치육수', '고추장', '고춧가루', '다진마늘', '맛술', '간장', '설탕', '후추', '편생강']"
7025580,"['상추', '양파', '청홍 고추', '물', '고추장', '불고기 약간', '소고기 불고깃감', '다진 대파 ', '마늘', '생강 약간', '시판 불고기양념']"
7025579,"['소고기 양지', '밀가루', '소금', '참기름', '식용유', '대파', '무', '느타리버섯', '콩나물', '물', '고춧가루', '굵은 소금', '국간장', '참치액', '쌈장', '다진 마늘']"
7025578,"[' 바지락살', '무', '다진 마늘', '호박 얼린 것', '대파', '물', '배추 작은 것', '까나리액젓']"
7025577,"['감자', '양파', '당근', '애호박', '대파', '밥', '소금', '굴소스', '후추']"
7025576,"['새송이버섯 큰 것', '배춧잎', '대파', '진간장', '까나리액젓', '참기름', '볶은 들깨 간 것']"
7025575,"['손질 새우살', '유부 (삼각 유부초밥용)', '후추 약간', '전분가루', '치킨스톡', '마요네즈']"
7025574,"['소고기 불고기용', '쌀떡볶이 떡', '대파', '소금', '다진 마늘', '참기름', '배즙', '물', '진간장', '굴소스', '설탕']"
7025573,"['애호박', '계란', '두부', '소금', '참기름', '진간장', '참치액', '물', '설탕', '통깨 솔솔솔']"
7025572,"['잔멸치', '하루견과', '통깨', '식용유', '참기름', '올리고당', '진간장', '마요네즈', '맛술']"
7025571,"['깻잎', '고추가루', '진간장', '맛술', '통깨', '참기름', '설탕', '다진마늘', '다진파', '채썬당근']"
7025570,"['파스타면', '바지락', '편마늘', '페페론치노', '굵은소금', '청주', '올리브오일', '맛술', '소금', '후추 톡톡']"
7025569,"['오이', '쑥갓', '간장', '설탕', '식초', '두반장', '굴소스', '참기름']"
7025568,"['두부', '계란', '양파', '물', '고추가루', '진간장', '고추장', '설탕', '참기름']"
7025566,"['시금치', '팽이버섯', '계란', '굴소스', '소금', '올리브오일', '후추', '통깨']"
7025565,"['소고기다짐육', '돼지고기다짐육', '대파', '양파', '다진마늘', '다진생강', '소주', '후추', '양조간장', '매실액', '설탕', '빵가루', '스모크가루', '계란', '참기름', '떡갈비', '계란후라이', '베지터블믹스', '두부가라아게', '굴소스', '후추', '산초가루', '노두유', '밥']"
7025564,"['소고기 양지', '무', '다진 마늘', '대파', '동전 육수', '국간장', '까나리액젓', '참기름', '소금', '물']"
7025563,"['올리브유', '발사믹 식초', '화이트 와인', '양파즙', '레몬즙', '소금', '파슬리 가루', '후추']"
7025562,"['차돌박이', '맥주', '청경채', '비타민', '무순', '식물성 오일', '레몬제스트 ', '레몬즙', '다진 양파', '간장', '꿀', '검정깨']"
7025561,"['잔멸치', '꽈리고추', '마늘', '홍고추', '대파 흰부분', '간장', '미림', '설탕', '다진마늘', '생강', '물엿', '깨소금']"
7025560,"['옥수수 통조림', '빨강 파프리카', '노랑 파프리카', '양파', '마요네즈', '설탕', '모짜렐라 치즈 듬뿍', '체다치즈']"
7025559,"['떡볶이떡', '꼬마 사각어묵', '양파', '대파', '식용유', '고추장', '물', '진간장', '황설탕', '올리고당', '굴소스']"
7025558,"['삶은 고사리', '들깨가루', '다진파', '올리브오일', '물', '국간장', '다진마늘', '들기름']"
7025557,"['돼지고기', '양파', '김치 (비지양의', '마늘', '대파 흰대', '콩비지', '청양고추', '설탕', '진간장', '고춧가루', '국간장', '소주', '까나리액젓', '미원', '소금 (조절)', '참기름']"
7025555,"['닭고기', '당면', '대파', '양파', '간마늘', '설탕', '진간장', '굴소스', '미림', '물', '후추 적당량', '페페론치노']"
7025554,"['묵은 김치', '닭 가슴살', '카사바 파스타', '양파', '다진 마늘', '생 깻잎', '양조 간장', '아보카도 오일', '들깨 가루']"
7025553,"['압착 귀리', '물', '해바라기씨', '볶은 검은깨', '생강가루', '베이킹소다', '소금', '아보카도 오일']"
7025552,"['돼지고기삼겹살', '버터', '김치', '대파', '밥', '간장']"
7025551,"['돼지고기 앞다리살', '김치', '양파', '대파', '청양고추', '물', '설탕', '고춧가루', '간 마늘', '생강청', '진간장', '맛술', '된장', '후춧가루 조금']"
7025550,"['부추', '큰 양파', '고춧가루', '멸치액젓', '다진 마늘', '매실청', '다시마 멸치 육수', '통깨', '다시마 멸치 육수']"
7025549,"['아카시아꽃', '식초', '설탕', '진간장', '소주', '식초']"
7025548,"['아카시아꽃', '식초', '튀김가루', '냉수']"
7025547,"['브로콜리', '국간장', '들기름', '들깨가루']"
7025546,"['배추잎', '식용유 적당량', '대파', '청양고추', '부침가루', '찬 물', '참치액', '진간장', '맛술', '다진대파', '고춧가루']"
7025545,"['복숭아아이스티', '블랙커피', '뜨거운 물', '얼음 적당히', '생수']"
7025544,"['돌나물', '고추장', '꿀', '들기름', '식초', '깨']"
7025543,"['오이', '식초', '설탕', '다진마늘', '붉은 고추 약간', '굴소스', '두반장소스', '고추기름', '참기름']"
7025542,"['양배추', '무', '깻잎', '물', '설탕', '양조간장', '월계수잎', '피클링 스파이스', '식초', '소주', '시판 레몬즙', '물', '식초', '물', '식초']"
7025541,"['감자', '모짜렐라치즈', '전분가루', '간장', '맛술', '설탕', '물', '소금', '후추']"
7025540,"['계란', '소금', '맛술', '참치액', '후추', '통깨', '다진 대파', '참기름', '물']"
7025539,"['냉동꽃게', '무', '두부', '팽이버섯', '쑥갓', '양파', '대파', '청양고추', '다진마늘', '고춧가루', '된장', '맛술', '굵은소금', '코인육수', '물']"
7025538,"['곰취나물', '물', '소금', '밥', '돼지고기 다짐육', '양파', '대파', '다진마늘', '설탕', '올리고당', '맛술', '된장', '고추장', '후추', '참기름', '물', '통깨']"
7025537,"['오이', '굵은소금 약간 (세척용)', '소금', '설탕', '식초', '다진마늘', '참기름', '통깨']"
7025536,"['칵테일 새우', '양파', '대파', '마늘', '계란', '밥', '굴소스', '후추']"
7025535,"['얼음 적당량', '우유', '메이플시럽', '에스프레소']"
7025534,"['무염버터', '물', '우유', '소금', '설탕', '박력분', '강력분', '달걀', '달걀노른자', '설탕', '박력분', '우유', '바닐라에센스', '무염버터', '생크림']"
7025533,"['레몬', '베이킹소다', '식초']"
7025532,"['밥', '차돌박이', '양파', '쪽파', '김 약간', '달걀', '계란', '소금 약간', '식초 약간', '물', '다시마', '가쓰오부시', '진간장', '맛술', '설탕', '소금', '후추 약간']"
7025531,"['링귀네', '식용유', '프로슈토', '면수', '치킨스톡', '생크림', '바질페스토', '부라타 치즈', '루꼴라', '그라나파다노', '크러쉬드페퍼 ', '후추']"
7025530,['물미역']
7025529,"['불린 무말랭이', '데친 고춧잎', '조청', '다진마늘', '고춧가루', '고추장', '간장', '참기름', '통깨', '액젓 (기호에 따라 추가)']"
7025528,"['오이', '크래미', '소금', '마요네즈', '홀그레인머스타드', '꿀', '통깨']"
7025527,"['감자', '통조림 햄', '육수', '양파', '고춧가루', '고추장', '진간장', '홍게 간장', '올리고당', '물엿', '다진 마늘', '통깨 소량']"
7025526,"['불고기김밥', '불고기유부초밥', '등갈비', '달걀말이', '샌드위치']"
7025525,"['콩나물', '김치', '물', '다시백', '대파', '다진마늘', '참치액']"
7025524,"['삼겹살', '깻잎', '고추장', '고춧가루', '다진 마늘', '미림', '진간장', '홍게 간장', '설탕', '물엿', '후추 소량']"
7025523,"['등갈비', '신 김치', '멸치 육수', '미림', '김치 국물 약간']"
7025522,"['파스타면', '양송이 버섯', '양파', '마늘', '버터', '생크림 우유', '우유', '면수', '페스토', '루꼴라', '레지아노치즈 적당량', '물', '소금']"
7025521,"['전복', '통마늘', '가염 버터', '소금 소량', '파슬리 약간 (생략가능)']"
7025520,"['도토리묵', '채소육수', '계란', '배추김치 조금 ', '김가루 약간만', '설탕 약간', '후춧가루 약간', '소금 약간', '통깨']"
7025518,"['총각무', '쪽파', '홍고추', '양파', '대파', '배즙', '찬밥', '새우젓', '멸치액젓', '멸치다시마육수', '다진마늘', '매실청', '고춧가루', '소금', '천일염', '물']"
7025517,"['계란', '당근', '애호박', '소금', '계란', '소금', '설탕', '참기름', '참치액']"
7025516,"['갈치', '무', '대파', '양념장', '물', '고춧가루', '된장', '다진마늘', '쪽파', '꽃게맛간장', '멸치액젓', '매실액', '설탕', '볶음깨', '천연조미료 가루', '후추', '소주']"
7025515,"['바나나', '치커리', '견과류', '무가당 요거트', '마요네즈', '레몬즙', '소금', '애플민트']"
7025514,"['바나나', '계란', '설탕', '코코아 파우더', '아몬드 파우더', '시나몬 파우더', '베이킹 파우더', '소금', '커버럭스다크', '크래커', '버터']"
7025513,"['미나리', '멸치액젓', '식초', '설탕', '마요네즈', '라임즙', '들깨가루']"
7025512,"['새우', '맛살', '대파', '피망', '노란 파프리카', '식용유', '다진마늘', '굴소스', '참기름', '볶은참깨', '후춧가루']"
7025511,"['두릅', '소고기', '소고기 불고기용', '간장', '미림', '다진마늘', '설탕', '참기름', '후추 조금', '깨소금 조금']"
7025510,"['고구마', '검은깨', '우유', '전분가루', '올리고당']"
7025509,"['차돌박이', '미나리', '달걀', '튀김가루', '전분', '맛술', '소금', '식용유 약간', '소금', '후추 약간', '간장', '식초', '맛술', '와사비']"
7025508,"['통밀식빵', '달걀', '치킨무', '미니 빨강파프리카', '양파', '파슬리가루 약간', '블루베리잼 약간', '홀그레인머스타드', '마요네즈', '후추', '황설탕', '머스타드', '소금 약간']"
7025507,"['라이스페이퍼', '계란', '채 썬 양배추', '모짜렐라 치즈', '소금', '케찹', '식용유 ']"
7025506,"['쌀', '물', '찰옥수수']"
7025505,"['동태', '무', '양파', '대파', '홍고추 약간', '멸치다시마 육수', '다진마늘', '고춧가루', '고추장', '국간장', '참치액', '맛술']"
7025504,"['마늘종', '건새우', '식용유', '마늘', '간장', '미림', '소금 조금', '물엿', '참기름', '통깨']"
7025503,"['제육볶음 약', '밥', '라이스페이퍼']"
7025502,"['삼겹살', '대파', '통마늘', '청양고추', '간장', '설탕', '굵은 고춧가루', '고운 고춧가루', '참기름', '물', '맛소금 약간', '후춧가루 약간', '깨소금 약간']"
7025501,"['당근라페', '김밥 김', '양배추', '달걀', '소금 약간', '후추 약간']"
7025500,"['당근', '소금', '올리브유', '레몬즙', '꿀', '홀그레인 머스타드', '후추 약간']"
7025499,"['마늘종', '돼지고기 등심', '청양고추', '대파', '진간장', '올리고당', '설탕', '다진마늘', '후추가루 조금', '생강술', '올리브유', '국간장', '굴소스', '올리고당', '참기름 조금', '통깨 조금']"
7025498,"['밥', '롤유부초밥', '남은 나물 적당량']"
7025497,"['시래기나물볶음', '새우', '링귀니면', '마늘', '페페론치노', '멸치액젓', '파르미지아노 레지아노 치즈 약간']"
7025496,"['스파게티면', '우삼겹', '미나리', '마늘', '페페론치노', '치킨스톡', '올리브유', '소금', '후추', '파르미지아노 레지아노치즈 ']"
7025495,"['삶은 곤드레', '다진 파', '다진마늘', '어간장', '들기름', '멸치육수', '들기름', '깨']"
7025494,"['삶은 취나물', '다진파', '다진마늘', '어간장', '들기름', '깨', '소금 약간', '멸치육수', '들깨가루', '들기름', '깨 약간']"
7025493,"['햇감자', '햇양파', '당근 조금', '대파 조금 (초록잎부분)', '올리브유', '가는소금', '참기름', '통깨 조금']"
7025492,"['삶은 부지깽이', '다진파', '다진마늘', '어간장', '들기름', '소금 약간', '멸치육수', '들기름', '깨']"
7025491,"['물가자미', '고운소금', '식용유']"
7025490,"['미역취나물', '대파', '소금', '가는소금', '다진마늘', '갈아준 깨', '참기름']"
7025489,"['호떡믹스', '이스트', '미지근한 물', '설탕', '올리브오일 넉넉히', '아이스크림 넉넉히', '시나몬가루 넉넉히']"
7025488,"['콩나물', '게맛살 조금', '가는소금', '다진마늘', '통깨', '참기름']"
7025487,"['찹쌀', '팥', '검은콩', '잡곡', '물', '소금']"
7025486,"['삶은 시래기', '다진 파', '다진마늘', '어간장', '국간장', '들기름', '멸치육수', '들깨가루', '들기름']"
7025485,['건시래기']
7025484,"['호밀빵', '양송이버섯', '양파', '브리치즈 약간', '무화과', '다진마늘', '발사믹식초', '올리브오일', '소금', '후추']"
7025483,"['등갈비', '양파', '미니파프리카', '감자튀김', '통후추', '월계수잎', '대파', '스테이크 소스', '다진마늘', '굴소스', '케찹', '맛술', '꿀', '후추 약간', '파슬리 약간']"
7025482,"['링귀니면', '마늘', '페페론치노', '올리브오일', '치킨스톡', '파르미지아레지아노 치즈', '소금 약간', '후추 약간']"
7025481,"['닭', '당면', '양파', '대파', '청양고추', '감자', '당근', '설탕', '간장', '굴소스', '춘장', '물', '다진마늘', '올리고당', '소고기 다시다', '후추 톡톡']"
7025480,"['즉석밥', '물', '건표고버섯', '양파', '양배추 약간', '당근 약간', '달걀', '참기름', '카놀라유', '참치액', '소금 약간', '참기름 약간', '깨']"
7025479,"['모닝빵', '계란', '마요네즈', '소금', '파슬리가루']"
7025478,"['다크초콜릿 커버춰', '생크림', '버터', '연유', '카카오파우더']"
7025477,"['닭고기', '쌀', '멸치육수', '미나리', '양송이버섯', '들깨가루', '쯔유', '전분가루', '버터', '맛술', '소금 약간 ', '후추 약간', '진간장', '설탕', '맛술', '생강가루']"
7025476,"['링귀니', '양파', '베이컨', '마늘', '시판 토마토소스', '올리브유 약간', '후추 약간', '이탈리안 허브믹스 파슬리 약간', '모짜렐라치즈']"
7025475,"['냉동 코다리', '양파', '감자', '대파', '고추', '간장', '액젓', '고추가루', '설탕', '맛술', '다진마늘', '참기름']"
7025474,"['미역', '참기름', '다진마늘', '참치액젓', '국간장']"
7025473,"['청로메인', '양파', '당근', '세발나물', '순살치킨 (냉동)', '마요네즈', '허니머스터드', '레몬즙', '꿀']"
7025472,"['파스타면 (듀럼밀)', '미나리', '새우', '편마늘', '다진마늘', '고추', '올리브오일', '소금', '치킨스톡', '후추']"
7025471,"['오이', '양파', '로메인', '당근', '세발나물', '간장', '올리브오일', '꿀', '레몬즙', '다진마늘', '후추가루']"
7025470,"['달래', '청양고추', '간장', '액젓', '고춧가루', '설탕', '참기름']"
7025469,"['갈치', '소금', '맛술', '식용유']"
7025468,"['돼지목살', '양파', '양배추', '소금', '후추', '맛술', '간장', '올리고당', '굴소스']"
7025467,"['소세지', '양파', '고추장', '케챂', '다진마늘', '올리고당', '굴소스']"
7025466,"['닭안심', '그릭요거트', '양파', '레몬즙', '홀그레인머스터드', '소금', '후추 약간', '키위']"
7025465,"['동치미무', '쪽파 조금', '고추가루', '다진마늘', '소금', '설탕', '참기름', '통깨 조금']"
7025464,"['두부', '불린미역', '청양고추', '우리쌀 미소된장', '생강술', '후추가루 조금']"
7025463,"['새우', '순두부찌개양념', '물', '양파', '청양고추', '순두부', '버섯 넉넉히', '쪽파 넉넉히']"
7025462,"['가지', '양파', '샐러리', '다진돼지고기', '모짜렐라치즈', '토마토', '토마토퓨레', '건조 오레가노', '화이트와인', '올리브오일', '소금', '후추']"
7025461,"['소고기사태', '메추리알', '꽈리고추', '곰표 조림볶음 맛간장']"
7025460,"['더덕', '바나나', '호두', '저지방 우유']"
7025459,"['고기만두', '계란', '피망', '밀가루', '소금 약간만']"
7025458,"['소고기 국거리용', '무 넉넉히', '대파 넉넉히', '다진마늘', '국간장', '소금 약간만']"
7025457,"['두부면', '양송이버섯', '표고버섯', '느타리버섯 (등 좋아하는 버섯)', '양파', '마늘', '우유 약간', '올리브오일', '소금', '후추', '바질', '그라나파다노치즈 약간', '썬드라이토마토 (또는 방울 토마토 선택)']"
7025456,"['냉이', '두부', '팽이버섯', '양파', '코인육수', '된장']"
7025455,"['얼음 적당량', '우유', '카라멜시럽', '우유 적당량 (밀크폼)', '카라멜소스 적당량']"
7025454,"['돼지등갈비', '소주', '통후추', '양파', '대파', '묵은지', '고추장', '고춧가루', '진간장', '굴소스', '설탕', '물엿', '매실액', '다진마늘', '다진생강', '후추가루', '물']"
7025453,"['진미채', '도라지', '양파', '대파', '고추장', '설탕', '식초', '고춧가루', '다진마늘', '참깨']"
7025452,"['시금치', '다짐육', '청양고추', '마늘', '깨소금', '간장', '맛술', '스테비아', '피쉬소스']"
7025451,"['배추잎', '새우살', '두부', '부추', '애호박', '표고버섯', '소금', '후추', '청주', '아미노 간장', '레몬즙', '유자청', '홍고추 약간', '후추 약간']"
7025450,"['냉동만두', '견과류', '올리브유', '고추장', '케첩', '올리고당', '굴소스', '진간장', '미림', '다진마늘']"
7025449,"['생 캐슈넛', '물', '소금']"
7025448,"['떡갈비', '계란', '맛살', '우엉조림', '단무지', '김밥용햄', '부추', '김밥용김', '밥', '참기름', '소금', '통깨', '식용유 약간']"
7025447,"['두부', '올리브오일', '아미노 간장', '파프리카파우더', '갈릭파우더', '소금', '건조 파슬리가루 약간']"
7025446,"['계란', '대파', '참치액', '국간장', '코인육수', '물', '후추 톡톡', '소금']"
7025445,"['양파', '애호박', '새송이버섯', '당근', '마늘', '물', '카레 고형']"
7025444,"['김밥 (남은)', '계란', '소금', '식용유']"
7025443,"['고동', '국수', '고추장', '고추가루', '간장', '마늘', '설탕', '올리고당']"
7025442,"['그린올리브', '스팸', '쌀', '물', '치킨스톡', '양파', '소시지', '올리브오일']"
7025440,"['브로콜리', '감자', '양파', '마늘', '우유 (또는 두유)', '페타치즈', '호두', '올리브오일', '소금', '후추']"
7025439,"['감자', '달걀', '양파', '페타치즈 ( 또는 리코타 치즈)', '파슬리 (이탈리안)', '올리브오일', '소금', '후추', '발사믹식초']"
7025438,"['삼겹살', '양파', '대파', '청양고추', '고추장', '고춧가루', '설탕', '맛술', '다진마늘', '간장']"
7025437,"['어묵', '대파', '후추 적당량', '물', '고춧가루', '매운고춧가루', '고추장', '설탕', '진간장', '굴소스', '물']"
7025436,"['콩나물', '깻잎', '들깨가루', '대파', '소금', '참치액', '참기름', '통깨', '다진마늘']"
7025435,"['무', '대파', '소금', '생강', '마늘', '검정 깨', '참기름']"
7025434,"['대파', '콩나물', '홍고추', '소고기 국거리용', '무우', '식용유', '고춧가루', '국간장', '다진마늘', '후추 넉넉하게', '멸치액젓', '미림', '물']"
7025433,"['오가피순', '물', '굵은소금', '된장', '고추장', '고춧가루', '다진마늘', '참기름', '볶은통깨']"
7025432,"['반건조오징어', '대파', '애호박', '양파', '두부', '고추장', '된장', '다진마늘', '조개멸치 육수', '해물육수', '물']"
7025431,"['애호박', '양파', '다진파', '새우젓', '식용유', '물', '다진마늘', '들기름 소량 (또는 참기름)', '깨']"
7025430,"['떡국떡', '만두', '소고기 양지살', '다진마늘', '국간장', '참치액젓', '후추 조금', '양지 육수', '계란지단 조금', '김가루 조금']"
7025429,"['엄나무순', '두릅', '머위', '굵은소금', '초고추장 약간']"
7025428,"['스팸', '계란', '소금', '대파', '식용유']"
7025427,"['애호박', '새송이버섯', '청양고추', '소금', '올리브유', '다진마늘', '가는소금 조금 (맛소금)', '참기름 조금', '통깨 조금']"
7025426,"['두부', '달걀', '표고버섯', '당근', '다진파', '다진마늘', '풋고추', '소금', '참기름', '후춧가루 조금']"
7025425,"['바지락', '맛술', '청양고추', '마늘', '다진 대파', '후춧가루 약간', '소금 약간', '물', '물', '식초']"
7025424,"['고추장', '고춧가루', '진간장', '국간장', '다진마늘', '설탕', '된장', '멸치육수', '무']"
7025423,"['머쉬마루버섯', '양송이버섯', '마늘', '소금', '올리브오일', '올리브오일', '후추 약간', '잣', '월계수잎', '레지아노치즈']"
7025422,"['쑥', '새우살', '무', '파', '건고추', '된장', '쌀뜨물', '소금 약간', '후추 약간', '생강맛술']"
7025421,"['다진고기', '두부', '양파', '야채 ( 원하는 야채 다져서)', '맛술', '파프리카가루 조금 (1/2스푼 안되게)', '참치액젓', '굴소스', '후추 톡톡톡', '참기름 약간', '통깨 톡톡톡']"
7025420,"['순살고등어', '카레가루', '밀가루', '올리브유 약간', '레몬', '로즈마리', '후추가루 톡톡 (생략가능)']"
7025419,"['돼지고기안심', '삶은메추리알', '월계수잎', '진간장', '생강술', '국간장', '올리고당', '설탕 취향껏', '참기름', '통깨 조금']"
7025418,"['가시오이', '오이고추', '소금', '고추가루', '다진마늘', '2배사과식초', '올리고당', '설탕 조금', '소금 조금', '통깨 조금']"
7025417,"['계란', '김밥용 햄', '당근', '우엉 절임', '단무지', '맛살', '시금치', '김']"
7025416,"['마늘', '식초', '메이플 시럽', '간장']"
7025415,"['소고기양지', '소금', '밀가루', '무', '파', '느타리버섯', '콩나물', '고춧가루', '국간장', '참치액', '쌈장', '다진마늘', '소금', '식용유', '참기름', '물']"
7025414,"['고기만두', '토마토소스', '방울토마토', '브로콜리 넉넉히', '파슬리가루 약간만', '모짜렐라치즈 넉넉히']"
7025413,"['계란', '생감 태', '소금 약간만', '분홍소시지']"
7025412,"['오이', '부추', '양파', '굵은소금', '물엿', '고춧가루', '다진 마늘', '간 생강 조금', '멸치액젓', '참치액', '새우젓 국물', '통깨']"
7025411,"['꽈리고추', '사각어묵', '대파 적당히', '양파', '다진마늘', '홍고추', '식용유', '진간장', '물엿', '설탕', '후추 약간', '굴소스', '물', '통깨', '참기름']"
7025410,"['해초샐러드', '닭가슴살', '적색 파프리카', '노랑파프리카', '오이', '양파', '라이스페이퍼', '연겨자', '올리고당', '간장', '식초', '땅콩버터']"
7025409,"['고기만두', '계란', '공기밥', '대파 넉넉히', '굴소스', '통깨', '후춧가루 약간만']"
7025408,"['치즈떡볶이떡', '구멍 떡볶이떡', '어묵', '채소육수', '고추장', '고춧가루', '설탕', '올리고당', '매실액', '쪽파 넉넉히']"
7025407,"['불닭볶음면', '고추참치', '범일 고추장', '마요네즈', '올리고당', '참기름', '조미김 약간', '통깨 약간']"
7025406,"['냉동 닭가슴살', '감자 小', '당근', '양파', '비엔나 소세지', '편마늘 (취향에 맞추어 준비)', '다진마늘', '대파 (취향에 맞추어 준비)', '청양고추 (취향에 맞추어 준비)', '코인육수', '물', '진간장', '고추장', '고춧가루', '올리고당', '참치액', '맛술', '쇠고기다시다']"
7025405,"['얼음 적당량', '투게더맛 우유', '에스프레소']"
7025404,"['잘익은 열무김치 적당히', '오이', '청양고추', '계란', '밥', '고추장', '김치국물', '올리고당', '참기름', '참깨 작은술']"
7025403,"['만두피', '다진 돼지고기', '무', '부추', '두부', '당면', '숙주', '계란', '참기름', '소금', '후추', '다진마늘', '설탕', '홍게 맛간장', '참기름']"
7025402,"['시래기', '소고기 국거리', '양파', '대파', '청양고추', '두부', '쌀뜨물', '된장', '고추장', '다진마늘', '멸치액젓']"
7025401,"['대추', '설탕', '생강 (있으면 소량 넣기)']"
7025400,"['소고기 불고기용', '낙지', '양파', '대파', '참기름', '통깨', '진간장', '멸치액젓', '설탕', '물엿', '다진마늘', '참기름', '후추']"
7025399,"['호박 고구마', '식용유']"
7025398,"['깻잎', '소고기 불고기용', '새송이버섯', '양파', '계란', '부침가루 수북이', '다진마늘', '소금', '후추', '식용유']"
7025397,"['닭다리살', '냉이', '떡국떡', '우동면사리', '양파', '당근', '고추가루', '카레가루', '간장', '매실액', '설탕', '고추장', '다진마늘']"
7025396,"['냉동새우', '가지', '마늘종 조금', '두부', '올리브유', '두반장', '굴소스', '진간장', '올리고당', '감자전분', '물', '참기름 조금', '통깨 조금']"
7025395,"['바나나', '사과', '골드키위', '야쿠르트']"
7025394,"['꼬들 단무지', '통깨 약간', '고춧가루', '대파', '올리고당']"
7025393,"['쪽파', '액젓', '고춧가루', '매실액', '간마늘']"
7025392,"['돼지고기 내장', '대파', '깻잎', '청양고추', '사골육수', '들깨가루', '다진 마늘', '고춧가루', '어간장', '맛술', '들기름', '후춧가루 톡톡']"
7025391,"['소고기 우둔살', '배', '참기름', '다진 마늘', '참치 액', '설탕', '맛소금', '통깨', '후춧가루']"
7025390,"['닭볶음탕용', '소주', '소금 조금', '감자', '당근', '양파', '대파', '닭육수', '양념장 ', '고추장', '된장', '고춧가루', '소주', '썬파', '다진마늘', '매실액', '설탕']"
7025389,"['표고버섯', '느타리버섯', '새송이버섯', '팽이버섯', '잣', '마늘', '올리브유', '소금', '후추', '월계수잎', '트러플오일', '그라나파다노 치즈']"
7025388,"['청경채', '대파 썬 것', '참치액', '다진마늘', '통깨', '참기름', '천일염']"
7025387,"['소고기', '자른 미역', '코인 육수', '국간장', '참치 액', '다진 마늘', '참기름', '물']"
7025386,"['돌나물', '부추', '베이컨', '당근', '부침가루', '참치 액']"
7025385,"['명이나물', '눈개승마', '물', '양조간장', '조선간장', '설탕', '소주', '식초', '매실청']"
7025384,"['다크초콜릿', '버터', '계란', '설탕', '박력분', '코코아가루', '베이킹파우더', '소금', '초코칩']"
7025383,"['두부', '당면', '부추', '계란', '진간장', '참기름', '참치액', '통깨 솔솔솔']"
7025382,"['생새우', '육수', '간장', '맛술', '설탕', '마늘', '홍초', '청양초']"
7025381,"['상추', '육수', '귤', '배', '파뿌리', '채소 (자투리)', '다시마', '멸치', '양파', '당근', '홍초', '굵은소금', '멸치액젓', '밀가루']"
7025380,"['쌀뜨물', '고등어', '무', '대파', '홍초', '청양초', '된장', '간장', '고춧가루', '맛술', '마늘', '쌀조청', '후추 약간', '동전육수']"
7025379,"['쫀드기', '식용유', '라면스프', '설탕', '고추가루', '통깨']"
7025378,['새우']
7025377,"['볶음용 멸치', '청양고추', '꽈리고추', '식용유', '간장', '올리고당', '맛술', '통깨']"
7025376,"['머위', '된장', '고추장', '국간장', '다진마늘']"
7025375,"['밥', '멸치볶음 적당량', '참기름', '맛소금 약간', '간장', '설탕']"
7025374,"['귀리번', '오렌지', '양배추', '치커리', '드레싱 (이탈리안 드레싱)', '마요네즈']"
7025373,"['마늘종', '마른새우', '식용유', '참기름', '깨', '설탕', '미림', '간장', '물', '올리고당', '고춧가루', '고추장']"
7025372,"['돼지갈비', '양파', '당근', '청양고추', '홍고추', '대파', '당면사리', '칼국수면', '간장', '고추장', '고추가루', '미림', '다진마늘', '생강', '설탕', '후추 조금', '소주', '물']"
7025371,"['미역국수', '오이', '채 썬 김치', '고추장', '설탕', '진간장', '식초', '다진마늘', '들기름', '통깨', '물']"
7025370,"['냉면', '육수 (시판)', '대파', '오이', '계란 (삶은)']"
7025369,"['조개', '양파', '대파', '청양고추', '홍고추', '물', '소금', '식초']"
7025368,"['바지락 (먹고싶은만큼)', '코인육수', '칼국수면', '새우', '게다리 (냉동실 있는 해물 사용)', '애호박', '당근', '양파', '대파', '배추', '청경채 (냉장고 자투리 사용)', '국간장', '천일염']"
7025367,"['냉동꽃게', '식초', '청주', '된장', '대파']"
7025366,"['돼지등뼈 약', '통마늘', '통후추', '설탕', '굴소스', '소금', '감자 (취향껏)', '대파', '청양고추', '설탕', '진간장', '굴소스', '액젓', '마늘 (다진거)']"
7025365,"['대파', '양파', '돼지고기 앞다리살', '맥주', '진간장', '굴소스', '통후추', '월계수잎']"
7025364,['초벌 장어']
7025363,"['찬밥', '베이컨', '앙파', '버섯', '버터', '다진마늘', '생크림', '소금 약간', '후추 약간', '피자치즈', '빵가루', '밀가루', '달걀']"
7025362,"['소고기 얇은부채살 ', '밀가루 약', '식용유', '달걀', '맛소금 약간', '후추 약간']"
7025361,"['당근라페', '김밥김', '달걀', '치즈']"
7025360,"['라면스프', '건더기스프', '계란', '대파']"
7025359,"['당근', '꿀', '올리브오일', '레몬즙', '홀그레인 머스터드', '소금', '후추 약간']"
7025358,"['청국장', '된장', '신김치', '소고기 불고기용', '양파', '두부', '대파', '청양고추', '다진마늘', '물']"
7025357,"['넙적당면', '당근', '양파', '쪽파 적당히', '콩나물', '올리브 오일 넉넉히', '다진 마늘', '간장', '고춧가루', '설탕', '고추장', '연두', '물', '참기름 넉넉히', '깨 넉넉히']"
7025356,"['주꾸미', '밀가루', '양파', '대파', '양배추', '식용유', '고추장', '고춧가루', '간장', '맛술', '다진마늘', '올리고당', '설탕', '참기름', '통깨', '생강가루 조금']"
7025355,"['쑥갓', '소금', '두부', '소금', '깨소금', '참기름', '다진마늘', '쪽파', '참치액']"
7025354,"['두릅', '소고기 불고기용', '부침가루', '통깨', '간장', '매실청', '설탕', '물', '후추 톡톡톡', '참기름']"
7025353,"['치킨너겟', '케찹', '머스타드', '치즈']"
7025352,"['강력분', '설탕', '소금', '탈지분유', '이스트', '버터', '물', '오셀카 버터', '펄솔트 적당량', '소금빵', '팥앙금', '발효 버터']"
7025351,"['납작어묵무국', '우동사리', '청양고추', '계란지단 조금', '김가루 조금', '소금 조금']"
7025350,"['스파게티니', '소금', '흰다리새우', '흰다리새우', '다진마늘', '다진양파', '토마토소스', '토마토', '올리브유 (엑스트라버진)', '파슬리가루']"
7025349,"['당귀나물', '국간장', '까나리액젓', '참기름', '참깨', '물', '식초', '물', '소금']"
7025348,"['바나나', '설탕 적당량', '크로와상생지', '딸기', '아이스크림']"
7025347,"['진미채', '마요네즈', '설탕', '고춧가루', '물', '식용유', '올리고당', '고추장', '참기름', '통깨']"
7025346,"['모닝빵', '버터', '소금']"
7025345,"['두부', '대파', '간마늘', '간 돼지고기', '물', '된장', '굴소스', '식용유', '고추장', '고춧가루', '원당', '맛술', '진간장', '전분가루', '물']"
7025344,"['두릅', '간장', '설탕', '진간장', '물', '소주']"
7025343,"['뽕잎순', '소금', '간 마늘', '깨소금', '액젓', '매실청', '들기름', '참기름', '통깨']"
7025342,"['마늘종', '고추가루', '고추장', '다진 마늘', '원당', '매실청', '진간장', '멸치액젓', '식초', '참기름']"
7025341,"['소고기 홍두깨살', '메추리알', '양파', '대파', '표고버섯', '동전육수', '진간장', '원당', '조청', '미림', '후추 톡톡']"
7025340,"['바지락', '다진마늘', '청양고추', '대파', '물', '맛술', '후춧가루 약간']"
7025339,"['짠지', '들기름', '고추가루', '다진마늘', '쪽파', '참치액', '통깨']"
7025338,"['어묵', '올리브오일 넉넉히', '간장', '굴소스', '설탕', '매운소스', '올리고당', '쪽파', '깨 넉넉히']"
7025336,"['중력분', '물', '설탕', '소금', '버터', '달걀', '생크림', '우유', '다크초콜릿', '밀크초콜릿', '슈거파우더 적당량 (데코용)']"
7025335,"['돼지고기 약간 (양념된)', '양파 약간', '피망 약간', '새송이버섯 약간', '밥', '김자반 약간', '간장']"
7025334,"['쌈배추', '액젓', '고춧가루', '다진마늘', '생강청', '배즙']"
7025333,"['통밀식빵', '달걀', '치즈', '로메인', '꽃상추', '짭짤이토마토', '카라향', '오디잼 약간', '홀그레인머스타드 약간']"
7025332,"['풋마늘대', '국간장', '까나리액젓', '참기름', '참깨', '물', '식초', '물', '소금']"
7025331,"['두릅 넉넉히', '멸치다시팩', '물', '튀김가루', '식용유 넉넉히']"
7025330,"['냉동 문어', '주꾸미', '너구리라면', '물']"
7025329,"['명란젓', '애호박', '계란']"
7025328,"['새우', '마늘', '양송이', '하몽', '모짜렐라치즈', '올리브유', '크러쉬드레드페퍼', '파슬리', '후추']"
7025327,"['오렌지', '설탕', '계란 노른자', '버터']"
7025326,"['당근', '소금', '김밥용햄', '어묵', '맛간장', '설탕', '물', '계란', '소금', '크래미', '시금치나물', '단무지 원하는만큼', '청양맵찔이 원하는만큼', '고추장멸치볶음 원하는만큼', '밥', '참기름', '볶음밥가루스프', '김']"
7025325,"['쫄면', '삶은콩나물 취향껏', '양배추 취향껏', '당근 취향껏', '오이 취향껏', '양념장', '설탕', '깨소금', '참기름', '간장', '고추장', '연겨자', '2배식초', '다진마늘', '생강즙', '물엿', '사이다', '깻잎']"
7025324,"['우엉', '물', '식초', '물', '간장', '미림', '설탕', '올리고당']"
7025323,"['녹두', '다진돼지고기', '신김치', '숙주', '대파', '소금', '식용유', '간장', '식초', '고춧가루', '통깨']"
7025322,"['쫄면사리', '콩나물', '오이', '당근', '양배추', '깻잎', '삶은 계란', '고추장', '설탕', '식초', '간장', '다진마늘', '참기름']"
7025321,"['마', '우유', '바나나']"
7025320,"['감자', '치즈 (별도)', '전분', '소금', '후추']"
7025319,"['돼지뒷다리살', '대파흰대 ', '양파', '당근', '청양고추', '양배추', '맛술', '마늘', '굴소스', '참기름', '후추 조금', '고추장', '고춧가루', '간장']"
7025318,"['월동무', '납작 어묵', '건표고버섯', '건멸치', '건보리새우', '고추씨 취향껏', '참치액', '소금 조금']"
7025317,"['무', '소금', '올리고당', '고춧가루', '생강청', '식초', '간장', '매실액', '다진마늘', '깨 넉넉히']"
7025316,"['청국장', '물', '청양고추', '김치 넉넉히 (잘 익은)', '새송이 버섯', '서리태 두부', '대파 흰부분', '연두']"
7025315,"['계란', '통마늘', '양파', '양배추', '베이컨', '가쓰오다시 (계란', '오일 (조절)', '소금', '저당데리야끼 (조절)', '논콜마요네즈 (조절)', '가쓰오부시 (조절)']"
7025314,"['두릅', '된장', '들기름', '간장', '깨', '올리고당', '소금']"
7025313,"['꿀고구마', '튀김가루', '튀김가루', '물', '얼음', '파슬리가루']"
7025312,"['밥', '김치', '스팸', '대파', '식용유', '계란후라이', '통깨 약간', '참치액', '설탕', '참기름']"
7025311,"['오이', '건미역', '양파', '청양고추', '시원한 냉면육수', '차가운 물', '국간장', '식초', '소금 약간', '설탕']"
7025310,"['염장톳', '양파', '고춧가루', '고추장', '된장', '설탕', '식초', '다진마늘', '참기름', '통깨']"
7025309,"['오이', '부추', '당근', '양파', '고춧가루', '까나리액젓', '다진마늘', '조청', '설탕', '물', '통깨 듬뿍', '굵은소금', '물']"
7025308,"['초코소스', '에스프레소', '얼음 적당량', '우유']"
7025307,"['오이', '올리브오일', '후추 약간', '식빵', '차지키소스', '소금']"
7025306,"['알감자', '버터', '소금', '설탕', '식용유']"
7025305,"['애호박', '가지', '대저토마토', '양파', '다진 쇠고기', '체다치즈', '마늘', '올리브오일', '시판 토마토소스', '소금', '소금', '레지아노치즈 취향껏 (또는 파마산치즈)']"
7025304,"['조개젓', '청양고추', '홍고추', '양파', '무', '고춧가루', '다진마늘', '맛술', '올리고당', '참기름', '깨']"
7025303,"['바지락 살', '소금']"
7025302,['검은콩']
7025301,['감자']
7025300,"['오이', '무', '부추', '양파', '배', '대파', '홍고추', '마늘', '생강', '소금', '설탕']"
7025299,"['통곶감 (반건조)', '견과류 취향껏 (호두)', '유자청', '꿀']"
7025298,"['알배추', '멸치육수', '된장', '청양고추', '홍고추', '대파', '다진 마늘', '소금 조금', '국간장']"
7025297,"['생닭', '월계수잎', '통마늘', '대추', '양파', '물', '찹쌀']"
7025296,"['무', '천일염', '뉴슈가', '멸치 액젓', '고춧가루', '양파', '대파', '사과', '홍고추', '생강', '마늘', '새우젓', '식은 밥']"
7025295,"['밥', '상추', '소금', '참기름', '깨소금', '막장 약간', '빨간 미니파프리카', '주황 미니파프리카', '노랑 미니파프리카']"
7025294,"['롱 파스타 면', '닭 안심', '양송이', '샬롯', '스낵당근', '아스파라거스', '마늘', '버터', '올리브유', '크러쉬드레드페퍼', '소금', '후추']"
7025293,"['총각김치 (잘익은)', '김치 (국물)', '멸치', '들기름', '된장', '설탕']"
7025292,"['양파', '대파', '크래미', '굴소스', '올리고당', '후춧가루']"
7025291,"['돌나물', '영양부추', '식초', '고춧가루', '고추장', '매실청', '다진 마늘', '식초', '설탕', '참기름']"
7025290,"['진미채', '마요네즈', '고추장', '진간장', '맛술', '알룰로스', '통깨', '참기름']"
7025289,"['오이지', '대파', '다진마늘', '알룰로스', '통깨', '참기름']"
7025288,"['밥', '깍두기', '스팸', '계란', '대파', '김치', '통깨', '참기름', '볶음용 기름']"
7025287,"['오이', '양파', '대파', '고춧가루', '고추장', '참치액', '다진마늘', '매실청', '식초', '비정제 설탕', '통깨', '참기름', '굵은소금']"
7025286,"['열무김치', '냉면육수', '식초', '설탕', '소면', '삶은계란', '깨', '오이']"
7025285,"['오이고추', '양파', '파프리카', '식초', '쌈장', '참치액', '알룰로스', '통깨', '매실청', '참기름']"
7025284,"['부침개', '김치', '고추장', '고추가루', '다진마늘', '참치액', '간장']"
7025283,"['김밥용김', '마늘쫑', '계란', '당근', '참치캔', '깻잎', '맛살', '단무지', '밥', '참기름', '고운소금', '깨', '식용유', '마요네즈 소량']"
7025282,"['어묵', '김밥용햄', '문어볶음 조금 (남은문어볶음)', '맛간장', '물', '설탕', '통깨']"
7025281,"['밥', '유부', '양파', '홍초', '청양초', '호박', '크래미', '소금', '검은깨', '마늘', '식용유 약간', '양파', '홍초', '청양초', '우거지', '육수', '된장', '소금', '마늘 약간']"
7025280,"['오이', '청양고추', '홍고추', '마늘', '고추가루', '간장', '식초', '설탕', '굴소스', '참기름']"
7025279,"['김치', '참치', '들기름', '고춧가루', '설탕']"
7025278,"['부추', '오징어', '피코크 한팩씩 부침가루', '피코크 한팩씩 튀김가루', '당근', '양파', '물', '식용유', '식초', '소주']"
7025277,"['생딸기', '비정제 원당', '레몬즙']"
7025276,"['다진돼지고기', '두부', '당근', '쪽파', '양파', '표고버섯', '달걀', '빵가루', '밀가루', '국간장', '소금', '참기름', '후추 약간']"
7025275,"['마늘쫑', '건보리새우', '대파', '올리브유', '굴소스', '진간장', '올리고당', '참기름 조금', '통깨 조금']"
7025274,"['햇감자', '삼겹살', '말린 애호박 조금', '건표고버섯 조금', '양파 작은것', '청양고추', '대파 조금', '쌀뜨물', '고추장', '된장', '다진마늘', '고추가루', '국간장', '설탕 취향껏', '생강술', '후추가루 조금']"
7025273,"['아스파라거스', '파프리카', '새우', '올리브유', '다진마늘', '굴소스', '깨']"
7025272,"['묵은지', '냉면육수', '물', '설탕']"
7025271,"['아욱', '다시팩', '물', '된장', '파 약간', '다진마늘', '홍고추', '참치액']"
7025270,"['세발나물', '굵은소금', '다진마늘', '참치액젓', '집간장', '참기름', '깨소금']"
7025269,"['장어', '식용유', '간장', '고추장', '청주', '후추', '매실청', '참기름', '다진 마늘', '대파', '통깨']"
7025268,"['생메밀국수', '상추', '깻잎', '김자반', '비빔장', '참기름', '깨 약간']"
7025267,"['토마토', '소금', '올리브오일 넉넉히', '통마늘 넉넉히', '월계수잎']"
7025265,"['다담 청국장', '생수', '양파', '감자', '두부', '건표고버섯', '청양고추']"
7025264,"['육회', '쪽파', '청양고추', '참기름', '소금']"
7025263,"['진미채', '마요네즈', '다진마늘', '식용유', '참기름', '통깨', '진간장', '고추장', '고춧가루', '물엿', '설탕', '맛술']"
7025262,"['쑥갓', '두부', '대파', '소금', '다진마늘', '설탕 약간', '참기름', '통깨']"
7025261,"['부추', '양파', '고춧가루', '참치액', '진간장', '식초', '설탕', '다진마늘', '참기름', '통깨']"
7025260,"['양배추', '소금', '들기름', '레몬즙', '들깨가루']"
7025259,"['오이', '스끼야끼 간장', '설탕', '식초', '참기름', '참깨 약간', '굵은 천일염']"
7025258,"['당근', '밥', '당근 (당근잎)', '달걀', '참기름', '올리브오일', '맛술', '식초', '김칫국물', '대게백간장', '깨소금', '통깨', '참기름 (또는 들기름선택)']"
7025257,"['쌀', '수수', '다진 당근', '물', '올리브오일']"
7025256,"['돼지곱창', '사골육수', '신 배추김치', '스팸', '소세지', '베이크드빈', '양파', '대파', '마늘', '청양고추', '두부', '냉동만두', '슬라이스치즈', '액젓', '양조간장', '고추가루', '소주', '후추 약간', '물', '소주', '소금', '소금', '후추 약간', '소주']"
7025255,"['쌀', '수수', '당근', '물', '물', '소금', '현미유']"
7025254,"['쌀 흑미', '물', '당근', '현미유', '블랙 솔트']"
7025253,"['메밀면', '부추', '김가루', '돼지고기 다짐육', '소금', '후추', '양파', '다진마늘', '설탕', '굴소스', '미림', '참기름']"
7025252,"['숙주', '당근', '쪽파', '소금', '들깨가루', '깨소금', '통깨']"
7025251,"['콩나물', '참나물', '소금', '고춧가루', '현미식초', '다진마늘', '생강청', '통깨']"
7025250,"['양배추채', '당근채', '소금', '애플사이다비니거', '매실액', '꿀', '생강청', '파슬리가루']"
7025249,"['해파리', '오이', '당근', '달걀', '새우', '건표고버섯', '연겨자', '식초', '설탕', '매실액', '간장', '소금', '다진마늘']"
7025248,"['얼음 적당량', '우유', '에스프레소']"
7025247,"['오이', '굵은소금', '물엿', '쪽파', '양파', '부추', '고춧가루', '다진마늘', '통깨', '새우젓', '참치액', '다진생강']"
7025246,"['식빵', '와일드루꼴라', '달걀', '식용유', '소금', '후추', '햄', '슬라이스치즈', '허니머스터드', '와사비', '토마토케첩', '핫소스']"
7025245,"['동글어묵', '양파', '주황 파프리카', '빨간 파프리카', '고추장', '매실액', '올리고당', '다진마늘', '간장']"
7025244,"['아귀', '콩나물', '무 약간', '미나리 약간', '대파', '다진마늘']"
7025243,"['오트밀', '블루베리', '딸기', '바나나', '치아씨드', '두유']"
7025242,"['감자', '냉동새우', '당근', '애호박', '파프리카', '양파', '옥수수콘', '전분가루', '모짜렐라치즈']"
7025241,"['진간장', '다진마늘', '고추장', '고춧가루', '설탕', '맛술', '참기름', '소금', '후추 약간']"
7025239,"['돼지고기 다짐육', '전분가루', '다진마늘', '맛술', '소금', '설탕', '후추 톡톡']"
7025238,"['불린쌀', '백명란', '참기름', '당근', '파프리카', '깻잎', '간장', '오이고추', '파프리카 (빨강)', '통깨', '참기름']"
7025237,"['닭다리살 정육', '대파', '치즈떡', '우유 고기가 (잠길정도)', '맛술', '고추장', '굴소스', '다시다', '다진마늘', '설탕', '올리고당', '간장', '고춧가루', '케첩', '후추 톡톡']"
7025236,"['배추김치', '대파', '간장', '고춧가루', '설탕', '통깨 약간']"
7025235,"['배추', '고춧가루', '액젓', '설탕', '파', '간마늘', '소금']"
7025234,"['김밥김', '밥', '당근', '쑥갓', '베이컨', '소금 약간', '참기름']"
7025233,"['민물장어', '식용유', '허브솔트 약간 ']"
7025232,"['소고기 불고기용', '대파', '팽이버섯', '당근', '참기름', '깨소금', '진간장', '맛술', '설탕', '다진마늘', '배음료', '양파']"
7025231,"['냉동 닭다리', '허브솔트 약간 ', '카레', '식용유']"
7025230,"['강력분', '박력분', '베이킹파우더', '버터', '설탕', '계란', '우유', '바닐라 에센스 약간', '우유 약간 (스콘위에 바를)']"
7025229,"['중력분', '애호박', '감자', '표고버섯', '들기름', '물', '다시마', '국간장', '물', '홍고추', '청고추', '국간장', '참기름']"
7025228,['땅콩']
7025227,"['치아바타', '적겨자잎', '베이컨', '양파 적당량', '토마토 적당량', '차지키소스', '마요네즈', '바질페스토']"
7025226,"['양배추', '계란', '청양고추', '홍고추', '양파', '굴소스', '후춧가루']"
7025225,"['미나리', '청량고추', '부침가루', '밀가루', '물', '달걀']"
7025224,['떡국떡']
7025223,"['찹쌀', '물', '흑설탕', '꿀', '간장', '참기름', '계피가루', '견과류 취향껏']"
7025222,"['가래떡', '어묵', '대파', '고추장', '설탕', '올리고당', '후추 적당량', '고추가루', '물']"
7025221,"['전복', '버터', '식용유', '간장', '통마늘']"
7025220,"['오이', '명란', '계란', '김', '밥', '소금', '통깨', '참기름']"
7025219,"['상추', '양파', '고춧가루', '다진마늘', '간장', '올리고당', '식초', '참기름', '통깨']"
7025218,"['꽃게', '새우', '이리', '곤이', '된장', '냉동 야채', '청양고추', '민물새우', '두부', '다진마늘', '고춧가루', '해물육수', '물']"
7025217,"['소고기', '양파', '빨간 파프리카 조금', '간장', '미림', '다진마늘', '설탕', '참기름', '후추', '깨소금 조금', '소불고기', '풋마늘대', '양파', '대파', '붉은 파프리카', '굴소스', '깨소금']"
7025216,"['밥', '참치캔', '계란', '소금', '양파', '진간장', '물', '올리고당', '맛술 미림', '마요네즈', '후추', '올리브오일', '파슬리가루 살짝 (옵션)']"
7025215,"['오트밀', '달걀', '물 (오트밀이 자작하게 잠길 정도)', '맛간장', '참기름', '다진 파', '조미김', '통깨 (약간)']"
7025214,"['밥', '구운 김밥김', '달걀', '사각어묵', '오이', '당근', '크래미', '깻잎', '로메인', '식용유 약간', '마요네즈', '머스타드', '연겨자', '꿀', '후추 약간', '소금', '맛술', '소금 약간', '참기름', '깨소금 약간', '소금', '식초', '황설탕', '물', '소금', '식초', '황설탕', '물']"
7025213,"['메추리알', '청양고추', '식용유 약간', '물', '고추장', '고춧가루', '진간장', '황설탕', '맛술', '물엿', '식초', '후추 약간', '깨소금 약간']"
7025212,"['콩물 두유', '에스프레소']"
7025211,"['쑥 손질 후', '당근', '냉동새우', '튀김가루', '찬 물', '참치액', '식용유 넉넉히', '진간장', '물', '식초', '통깨 약간']"
7025210,"['양배추', '당근', '콘 옥수수', '양파', '소금', '마요네즈', '플레인요거트', '레몬즙', '식초', '황설탕', '꿀 약간']"
7025209,"['건미역', '캔꽁치', '청양고추', '참치액', '생강술', '후추가루 조금', '소금 조금']"
7025208,"['생 오리고기', '햇감자', '양파', '알 마늘', '대파', '양파', '배', '고춧가루', '고추장', '진간장', '다진마늘', '간생강', '올리고당', '생강술', '설탕', '후추가루 조금', '소금 취향껏', '설탕 취향껏', '참기름 조금', '통깨 조금']"
7025207,"['밥 (냉동)', '김치', '햄 (냉동)', '다진 야채 (냉동)', '채썬 양배추 ', '간장', '다시마', '비정제 사탕수수 설탕', '고춧가루']"
7025206,['쌈다시마']
7025205,"['묵은지', '돼지고기앞다리살 ', '고춧가루', '간장', '설탕']"
7025204,"['초벌부추', '양파', '당근', '멸치액젓', '참치액젓', '고춧가루', '매실청', '다진 마늘', '다진 생강', '통깨 약간']"
7025203,"['동죽조개', '청양고추', '홍고추', '통마늘', '참치액젓', '맛술', '다시마', '물']"
7025202,"['두릅', '무', '애호박', '양파', '두부', '느타리버섯', '대파', '청양고추', '홍고추', '물', '멸치육수팩', '멸치액젓', '된장', '고추장', '고추가루', '다진 마늘']"
7025201,"['유청', '우유', '소금', '레몬즙']"
7025200,"['팬케익믹스', '녹차가루', '계란', '두유', '버터 넉넉히', '딸기 조금', '블루베리 조금']"
7025199,"['청국장', '된장', '두부', '새송이버섯', '양파', '식용유', '참기름', '다진 마늘', '대파', '소고기 국거리', '다진 김치', '청양고추', '다시마멸치 육수']"
7025198,"['오가피순', '물', '굵은소금', '다진마늘', '맛소금', '참기름', '통깨']"
7025197,"['옥수수 알갱이', '공기밥', '물', '설탕', '맛소금']"
7025196,"['사각어묵', '계란', '당근', '식용유', '아기소금']"
7025195,"['탕수육', '다진 마늘', '다진 홍고추', '다진 청양고추', '다진 양파', '페페론치노', '다진 쪽파 약간', '간장', '굴 소스', '설탕', '식초', '물']"
7025194,"['삶은 병아리콩', '양파', '마늘', '파슬리가루 약간', '올리브유 약간', '그릭요거트', '올리브유', '레몬주스 약간', '카레 가루 약간', '고춧가루 약간']"
7025193,"['소고기 사태', '무', '대파', '통후추', '고춧가루', '다진마늘', '멸치액젓', '물']"
7025192,"['달걀', '소금', '물 큰']"
7025191,"['쪽파', '고춧가루', '멸치액젓', '매실청', '새우젓', '설탕', '물']"
7025190,"['쪽파', '흰다리새우', '고추장', '설탕', '식초']"
7025189,"['새우', '양파', '마늘', '청양고추', '물', '진간장', '설탕', '청주', '맛술']"
7025188,"['참 굴비', '무 적당량', '대파', '양파', '물', '양조간장', '설탕', '다진 마늘', '다진 생강 조금', '맛술', '고추장', '후추 조금']"
7025187,"['무말랭이', '쪽파', '맛간장', '액젓', '고춧가루', '올리고당', '다진 마늘', '통깨']"
7025186,"['고구마', '신김치', '식용유 적당량', '부침가루', '물', '소금', '김치국물']"
7025185,"['더덕', '고추장', '물엿', '고춧가루', '간장', '참기름', '다진마늘', '통깨 조금']"
7025184,"['팽이버섯', '다진 마늘', '맛소금', '파', '참기름', '참깨']"
7025183,"['갈치', '무', '대파', '양파', '청양고추', '물', '고추장', '된장', '진간장', '고춧가루', '맛술', '액젓', '설탕', '물엿', '다진마늘', '다진생강', '참기름', '후추']"
7025182,"['유부초밥', '달걀', '양파', '굴소스', '참기름', '식용유', '식용유']"
7025181,"['무염버터', '설탕', '소금 약간', '계란', '박력분', '베이킹파우더', '인스턴트커피', '우유', '바닐라오일 약간', '마스카포네치즈', '슈가파우더', '동물성 휘핑크림', '데코화이트 적당량', '코코아파우더 적당량']"
7025180,"['조기', '무', '애호박', '양파', '홍고추', '대파', '미나리', '고춧가루', '고추장', '다진 마늘', '국간장', '멸치액젓', '소금']"
7025179,"['롤드 오트', '우유', '소금', '치아씨드', '시나몬 파우더', '카카오파우더', '바나나', '바닐라 익스트렉트', '알룰로스', '바나나', '카카오닙스', '아몬드버터 (또는 아몬드)', '딸기 (선택)']"
7025178,"['삼각 유부', '밥', '연어', '초밥 소스', '초밥 조미볶음', '레몬즙', '고추냉이']"
7025177,"['총각김치', '밥', '스팸', '대파 약간', '간장', '설탕', '굴소스 약간', '고춧가루']"
7025176,"['참외 큰것', '오이', '오렌지', '삶은 계란', '유자청', '매실청']"
7025175,"['돼지고기 앞다리살', '신김치', '김치국물', '두부', '물', '다진마늘', '고춧가루', '설탕', '대파', '후추 조금']"
7025174,"['세발나물', '양파', '고춧가루', '진간장', '매실액', '다진마늘', '식초', '설탕', '참기름', '통깨']"
7025173,"['새송이버섯', '식용유', '진간장', '다진마늘', '올리고당', '참기름', '깨소금']"
7025172,"['냉동 소꼬리', '대파', '양파', '마늘', '소금', '월계수잎', '통후추', '참깨', '참소스', '부추']"
7025171,"['감자', '모짜렐라피자치즈', '식용유 약간', '깻잎시즈닝 약간 (생략가능)']"
7025170,"['눈개승마', '굵은소금', '된장', '다진마늘', '들기름', '고춧가루', '깨소금']"
7025169,"['명란젓', '대파', '청양고추', '참기름', '깨', '고춧가루', '물', '다진마늘']"
7025168,"['소고기', '버섯', '대파', '간장', '올리고당', '설탕', '다진 마늘', '사과']"
7025167,"['소갈비', '통깨 약간', '물', '배', '사과', '키위', '물', '진간장', '설탕', '맛술', '참기름', '다진 마늘', '다진 생강', '후춧가루']"
7025166,"['포카치아빵', '오이', '양배추', '마요네즈', '홀그레인 머스터드', '스테비아', '베이컨', '계란', '버터 조금', '통후추 조금', '파슬리 가루 조금']"
7025165,"['데친 씀바귀', '된장', '고추장', '다진 마늘', '참기름', '들기름', '통깨', '소금', '물 넉넉히 (씀바귀 데칠때)', '소금', '데친 다래순', '대파', '다진 마늘', '소금', '들기름', '깨소금', '물 넉넉히 (다래순나물 데칠때)', '소금']"
7025164,"['낙지', '큰 바지락', '굵은소금', '무', '양파', '알배추', '느타리버섯', '애호박', '대파', '미나리', '쑥갓', '청양고추', '홍고추', '물', '다시멸치', '조각다시마', '다진마늘', '쯔유', '홍게간장', '액젓', '소금 약간', '후추 약간']"
7025163,"['시래기', '간마늘', '들기름', '소금', '통깨 약간', '파 약간', '고춧가루']"
7025162,"['대파', '양꼬치 시즈닝', '참기름']"
7025161,"['소고기', '오트밀', '물']"
7025160,"['계란', '설탕', '무염 버터', '우유', '레몬즙', '레몬제스트', '박력 쌀가루', '베이킹파우더', '레몬커드']"
7025159,"['청국장', '김치', '애호박', '버섯', '두부', '물', '멸치', '들기름', '다진마늘', '고춧가루', '멸치액젓']"
7025158,"['국물떡볶이', '대파', '생수']"
7025157,"['스팸', '묵은지김치', '사골코인 육수', '생수', '양파', '설탕', '떡국떡', '대파', '국간장']"
7025156,"['고추', '물', '천일염', '설탕', '식초', '소주']"
7025155,"['오징어', '버터', '다진마늘', '허브소금', '마요네즈', '회 간장', '생와사비 조금', '마요네즈', '불닭소스']"
7025154,"['연두부', '깻잎', '대파흰부분', '청양고추', '홍고추', '진간장', '매실액', '식초', '고춧가루']"
7025153,"['달래', '청양고추', '홍고추', '대파', '간장', '마늘', '고추가루', '설탕', '참기름', '깨소금']"
7025152,"['소고기', '자른미역', '다진마늘', '참기름', '국간장', '멸치액젓']"
7025151,"['돼지고기 목살', '김치', '감자', '청양고추', '다진마늘', '고추장', '진간장', '설탕', '고춧가루', '치킨파우더']"
7025150,"['콩나물', '청양고추', '대파', '다진마늘', '황태가루', '멸치액젓', '국간장']"
7025149,"['가지', '모짜렐라치즈', '아기치즈', '루꼴라', '노란 파프리카', '빨간 파프리카', '양파', '토마토소스']"
7025148,"['돼지고기 안심', '적양배추', '노란 파프리카', '빨간 파프리카', '간장', '된장', '올리고당', '맛술']"
7025147,"['김치', '참치', '양파', '두부', '대파', '고춧가루', '설탕', '다진 마늘', '소금 (약간)', '코인육수', '식초']"
7025146,"['닭다리', '양파', '무', '마늘', '콩나물', '파']"
7025145,"['연근', '계란', '부추', '새우', '부침가루']"
7025144,"['계란', '소금', '식용유', '밥', '장조림', '버터']"
7025143,"['당면', '채 썬 소고기', '어묵', '표고버섯', '목이버섯', '양파', '미니파프리카', '대파', '소금 약간', '후추 약간', '간장', '맛술', '황설탕', '다진마늘', '참기름', '간장', '황설탕', '흑설탕', '식용유']"
7025142,"['손질된 꽃게', '애호박', '양파', '팽이버섯', '고추장', '된장', '고춧가루', '다진마늘', '국간장', '멸치액젓', '맛술']"
7025141,"['곱창', '소양', '돼지고기 민찌', '전골 양념', '각종 야채 넉넉히', '우동면', '물']"
7025140,"['쌀', '두릅', '다진소고기', '물', '간장', '설탕', '청주', '다진마늘', '참기름', '깨소금', '후춧가루']"
7025139,"['취나물', '마늘', '참치액젓', '참기름', '통깨 적당히']"
7025138,"['깻잎순', '대파 조금 (흰부분만)', '소금', '올리브유', '소금', '올리고당', '참기름', '통깨 조금']"
7025137,"['오징어링', '우리밀 부침가루', '파슬리 가루', '방울토마토', '샐러드용 채소', '식용유', '식물성 오일', '무즙', '레몬즙', '꿀', '간장']"
7025136,"['전복', '불린 쌀', '표고버섯', '은행', '전복 구울 버터', '미림', '대파', '간장', '고춧가루', '미림', '올리고당', '참기름', '통깨']"
7025135,"['망초나물', '국간장', '까나리액젓', '참기름', '참깨 약간', '물', '소금']"
7025134,"['열무', '굵은소금', '양파', '당근', '생강 약간', '홍고추', '쪽파', '다진마늘', '참치액', '새우젓', '천일염', '물', '물', '밀가루']"
7025133,"['레몬', '베이킹소다', '식초']"
7025132,"['식빵', '그릭요거트', '당근 큰거', '올리브오일', '소금', '씨겨자', '식초', '꿀', '소금']"
7025131,"['밥', '참치', '고추장', '참기름', '깨 넉넉히', '스테비아', '조미김']"
7025130,"['돼지고기 카레용', '당근 큰것', '애호박', '분말카레', '물']"
7025129,"['새우살', '양송이버섯', '애호박', '양파', '파프리카', '다진 파', '물', '식용유', '밥', '전분물', '간장', '굴소스']"
7025128,"['오이', '설탕', '간장', '통깨', '물', '참기름', '올리브유', '후추 적당히']"
7025127,"['돼지고기 앞다리살', '대파', '청양고추', '양조간장', '올리고당', '다진마늘', '설탕', '맛술', '매실액', '생강즙', '참기름', '후추 적당량']"
7025126,"['총각무', '굵은 소금', '물', '쪽파', '고춧가루', '다시마물', '황석어젓', '멸치액젓', '찹쌀풀', '매실액', '다진마늘', '생강청', '새우젓', '홍시']"
7025125,"['마늘종', '납작어묵', '대파', '올리브유', '굴소스', '진간장', '올리고당', '참기름 조금', '통깨 조금']"
7025124,"['닭봉', '간장', '맛술', '물', '설탕', '조청']"
7025123,"['무', '천일염', '고춧가루', '다진마늘', '새우젓', '간장', '생강가루', '참기름', '깨 조금']"
7025122,"['돼지고기 뒷다리살', '대파', '청양고추', '양파', '생강술', '올리고당', '다진마늘', '후추 조금', '진간장', '고춧가루', '고추장', '참기름', '참깨 조금']"
7025121,"['양배추 채썬것', '우엉조림', '당근 채썬것', '상추', '참치', '계란', '김밥김', '소금 약간']"
7025120,"['들깨가루', '간장', '꿀', '올리브유', '참기름', '식초']"
7025119,"['갈치', '무 한 조각', '대파', '양파', '물', '양조간장', '설탕', '다진마늘', '다진 생강 조금', '맛술', '고추장', '고춧가루', '후추 조금']"
7025118,"['돼지목살', '허브솔트 조금', '버터', '밀가루 조금', '우스타소스', '굴소스', '케첩', '설탕', '올리고당', '다진마늘']"
7025117,"['보리떡용가루', '계란', '설탕', '우유', '베이킹 파우더', '보리떡용가루', '계란', '설탕', '우유', '베이킹파우더']"
7025116,"['옥수수캔 통조림', '모짜렐라치즈', '설탕', '마요네즈', '파슬리가루 조금']"
7025115,"['우엉채', '간장', '물엿', '물', '참기름', '통깨']"
7025114,"['파래', '무 조금', '당근 조금', '진간장', '국간장', '고춧가루', '식초', '설탕', '매실액', '맛술', '통깨']"
7025113,"['애호박', '당근', '감자전분', '소금']"
7025112,"['찹채 어묵', '고춧가루', '고추장', '다진 마늘', '물엿', '딸기잼']"
7025111,"['공기밥', '분홍소세지', '잔멸치', '김치', '달걀', '쌀가루 적당량', '달걀', '소금', '간장', '올리고당', '참기름', '설탕']"
7025110,"['감자', '양파', '청양고추', '대파', '통조림햄', '간장', '고추장', '된장', '고춧가루', '설탕', '다진마늘', '물']"
7025109,"['돌나물', '무', '당근', '미나리', '물', '밀가루', '소금', '매실액기스']"
7025108,"['건 죽순', '오일', '마늘', '물', '다시마', '멸치', '국간장', '까나리액젓', '들기름', '들깨가루', '청양고추', '홍고추', '물', '소금']"
7025107,"['돌나물', '고추장', '쌈장', '초고추장', '매실액기스', '참기름', '통깨']"
7025106,"['오이', '부추', '다진파', '굵은소금', '고춧가루', '설탕', '매실액', '다진마늘', '까나리액젓', '식초', '깨 조금', '소금']"
7025105,"['알배추', '부추', '굵은소금', '물', '고춧가루', '다진마늘 듬뿍', '멸치액젓', '설탕 듬뿍', '배주스', '통깨']"
7025104,"['비엔나소세지', '캔옥수수', '마요네즈', '돈까스소스', '설탕']"
7025103,"['가래떡', '들기름', '저염간장', '조청']"
7025102,"['모닝빵', '참나물', '돼지고기 앞다리살', '피쉬소스', '다진마늘', '설탕', '스리라차', '후추 약간', '마요네즈', '스리라차소스', '설탕', '피쉬소스 약간', '무', '당근', '식초', '설탕', '소금']"
7025101,"['토마호크', '소금 약간', '올리브오일 약간']"
7025100,"['단호박', '물', '간장', '물엿', '설탕', '아몬드']"
7025099,"['계란', '팽이버섯', '굴소스', '맛소금 약간', '참기름 조금', '참깨 약간']"
7025098,"['애호박', '양파', '코인육수', '물', '새우젓국물', '다진마늘', '들기름']"
7025097,"['통밀쿠키', '버터', '크림치즈', '설탕', '요거트', '생크림', '달걀', '바닐라익스트렉', '옥수수전분', '레몬즙']"
7025096,"['참치', '버터헤드', '리코타치즈', '블랙통 올리브', '양파', '올리브유 적당량', '발사믹글레이즈 적당량', '소금 약간', '후추 약간']"
7025095,"['멸치육수', '미소된장', '다진대파', '팽이버섯', '두부']"
7025094,"['식빵', '상추', '계란', '소금', '후추 조금', '체다치즈', '당근', '가는소금', '홀그레인머스타드', '레몬즙', '올리브유', '꿀', '마요네즈', '홀그레인머스타드']"
7025093,"['순두부', '멸치육수', '바지락', '대파', '양파', '다진마늘', '고춧가루', '국간장', '굴소스', '계란', '후추 조금', '식용유 넉넉히']"
7025092,"['에이스비스킷', '버터', '휘핑크림', '크림치즈', '설탕', '바닐라익스트렉', '과일 적당량']"
7025091,"['생닭', '통마늘', '대파 넉넉히', '쪽파', '양파', '천일염 약간만']"
7025090,"['깻잎', '간장', '참기름', '통깨 약간', '간마늘', '올리고당']"
7025089,"['샐러드용 채소', '달걀', '미니 모짜렐라 치즈', '그라나파다노치즈 약간', '올리브유', '발사믹 소스']"
7025088,"['당근', '오트밀', '비건 밀크', '계란', '견과류', '소금', '시나몬 가루', '베이킹 소다', '식용유 약간 ']"
7025086,"['껍질을 깐 더덕', '쪽파 약간', '고추장', '고춧가루', '다진마늘', '간장', '설탕', '참기름', '깨']"
7025085,"['소라 젓', '청양고추', '대파 흰부분', '고춧가루', '다진마늘', '다진생강', '매실액', '설탕', '깨', '참기름']"
7025084,"['닭 볶음탕용', '감자', '대파', '양파', '물', '고추장', '고춧가루', '진간장', '다진마늘', '설탕', '올리고당', '생강가루 약간', '맛술', '후춧가루 약간']"
7025083,"['소고기 사태', '대파', '양파', '마늘', '청양고추', '알배기 배추', '부추', '팽이버섯', '소금']"
7025082,"['감자', '양파', '대파', '고추', '스팸', '참치', '고춧가루', '고추장', '간장', '다진마늘', '참치액', '맛술', '간장', '설탕', '된장']"
7025081,"['감자 전분', '뜨거운 물', '소금', '밤']"
7025080,"['꼬마 새송이버섯', '청양고추', '육수', '간장', '맛술', '올리고당']"
7025079,"['통오징어', '소주', '오이', '양념장', '고춧가루', '다진마늘', '쪽파', '꽃게맛간장', '멸치액젓', '양조간장', '매실액', '설탕', '현미식초', '볶음깨']"
7025078,"['마늘쫑', '굵은소금', '설탕', '식초', '마늘쫑장아찌', '고춧가루', '고추장', '깨', '다진마늘', '올리고당']"
7025077,"['김', '분홍소시지', '당근', '쪽파', '소금', '참기름', '계란']"
7025076,"['꽈리고추', '감자전분', '밀가루', '진간장', '참치액', '맛술', '요리당', '고춧가루', '참기름', '검정 통깨', '마늘']"
7025075,"['꽃게', '미더덕', '두부', '감자', '호박', '양파', '청양고추', '대파', '된장', '쌈장', '다진마늘', '멸치육수']"
7025074,"['떡볶이떡', '식용유', '파슬리가루', '케첩', '물', '올리고당', '고추장', '다진마늘', '고춧가루', '설탕', '간장']"
7025073,"['양배추', '고춧가루', '다진 마늘', '다진 파', '매실액', '새우젓', '소금', '통깨']"
7025072,"['손질 멍게', '미나리', '청양고추', '식용유 약간', '튀김가루', '찬 물', '새우가루', '소금']"
7025071,"['단무지', '미나리', '고춧가루', '매실청', '참기름', '깨소금']"
7025070,"['쌀', '말린 표고버섯', '물', '당근', '쯔유', '버터', '쯔유', '들기름', '후추 약간']"
7025069,"['소고기 다짐육', '아기치즈(1단계)', '초기 쌀가루']"
7025068,"['방울토마토', '올리브오일 넉넉히', '소금 약간', '타임 외 허브 취향껏']"
7025067,"['간장게장', '청양고추', '양파', '매운 고춧가루', '간장', '매실청', '메이플시럽', '다진마늘', '깨 넉넉히']"
7025066,"['돼지고기 삼겹살', '신김치', '두부', '대파', '양파', '청양고추', '다진 마늘', '고춧가루', '국간장', '참기름', '소금', '물']"
7025065,"['또띠아 대형 사이즈', '옥수수', '버터', '마요네즈', '다진마늘', '체다치즈', '모짜렐라 치즈 듬뿍', '꿀', '파슬리 가루 넉넉히']"
7025063,"['닭가슴살', '감자', '양파', '마늘', '생강', '버터', '아라비아따 소스', '무당 요거트', '고춧가루', '고형카레', '소금 (조절)']"
7025062,"['알배추', '굵은소금', '대파', '다진마늘', '액젓', '참기름', '들깨가루']"
7025061,"['달마 생새우', '볶음밥용분말스프', '참기름', '밥', '간장게장간장', '썬쪽파']"
7025060,"['두부', '식용유 적당량', '대파', '다진마늘', '고추장', '간장', '굴소스', '올리고당', '참기름', '통깨']"
7025059,"['두부', '김치 적당량', '대파', '양파', '소금', '들기름', '참치액', '설탕', '검은깨']"
7025058,"['잡곡밥', '돼지고기 목살', '양파', '당근', '마늘', '소금 약간', '후추 약간', '쪽파', '올리브유', '진간장', '참기름']"
7025057,"['옻순', '물', '굵은소금', '쌀뜨물 끓인것', '고춧가루', '고추장', '올리고당', '설탕', '굵은소금', '액젓', '다진마늘', '미원', '통깨']"
7025056,"['공깃밥', '베이컨', '체더치즈', '파슬리가루 약간', '소금 약간', '참기름']"
7025055,"['소고기', '무', '느타리버섯', '표고버섯', '팽이버섯', '대파', '육수', '고춧가루', '다진마늘', '후추', '액젓', '국간장', '꽃소금', '다시다']"
7025054,"['미니갑오징어', '소금', '식초', '초고추장', '칠리소스', '브로콜리']"
7025053,"['냉동새우', '마늘', '페페론치노', '멸치액젓', '올리브유 넉넉하게', '소금', '통후추 취향껏', '버터', '파슬리 조금']"
7025052,"['두부', '익은 백김치', '미니 파프리카', '양파', '블랙 올리브', '모짜렐라 피자치즈', '식용유 약간', '소금 약간', '고추장', '케첩', '굴소스', '황설탕', '후추 약간']"
7025051,"['돼지 통삼겹살', '마늘', '월계수잎', '통후추', '대파', '양파', '쌈장', '무', '소금', '물엿', '식초', '고춧가루', '멸치액젓', '새우젓', '황설탕']"
7025050,"['해물믹스', '두부', '무', '대파', '청고추', '홍고추', '수제비', '된장', '다진마늘', '고춧가루', '쌀뜨물', '동전육수']"
7025048,"['족발', '대파', '청양고추', '식용유', '깨', '고춧가루', '고추장', '설탕', '간장', '굴소스', '다진마늘', '식용유', '물']"
7025047,"['삼겹살', '대파', '청양고추', '통깨 약간', '범일콩 된장', '맛술', '청주', '설탕']"
7025046,"['동물성 휘핑크림', '설탕', '말차파우더', '뜨거운 물', '얼음 적당량', '우유']"
7025045,"['오징어 작은 거', '무', '양파', '청양고추', '대파', '팽이버섯', '다시 육수', '국간장', '다진 마늘', '멸치 액젓', '맛술', '후추 조금']"
7025044,"['닭다리', '대파', '마늘', '소금', '생강가루', '간장', '굴소스', '설탕', '물엿', '통깨']"
7025043,"['오징어', '미나리', '쪽파', '양파', '청양고추', '고추가루', '고추장', '맛술', '매실즙', '마늘', '설탕', '식초', '통깨 적당히']"
7025042,"['그릭요거트', '달걀', '전분', '설탕', '레몬즙']"
7025041,"['냉이', '두부', '물', '된장', '다진마늘', '멸치액젓']"
7025040,"['신 열무김치', '참치캔', '맛술', '참기름', '다진마늘', '설탕', '고추장', '깨']"
7025039,"['김', '대파', '계란', '크래미', '멸치육수팩', '물', '멸치액젓', '국간장', '다진마늘', '참기름']"
7025038,"['데친 곤드레', '간장', '소금', '다진마늘', '들기름', '깨']"
7025037,"['쌀', '가지', '돼지고기 다짐육', '대파', '진간장', '식용유']"
7025036,['곤드레']
7025035,"['김밥김', '밥', '김밥용단무지', '삼겹살', '상추', '당근', '가는소금 조금', '참기름', '후추 조금', '깨소금', '식용유 조금']"
7025034,"['감자', '당근', '양파', '캔옥수수', '모짜렐라치즈', '계란', '밀가루', '빵가루', '파슬리', '가는소금', '후추 조금 (밑간용)', '식용유 넉넉히']"
7025033,"['깐 바지락', '애호박', '청양고추', '홍고추', '다진마늘', '맛술', '간장', '굴소스', '후춧가루']"
7025032,"['바나나', '계란노른자', '분유']"
7025031,"['두릅', '튀김가루', '튀김가루', '소금', '식용유 적당량', '파슬리가루', '고추장', '식초', '깨', '매실액', '들기름', '다진마늘', '올리고당']"
7025030,"['파프리카', '밥', '계란', '마늘', '청양고추', '맛술', '굴소스', '간장', '소금', '후춧가루', '참기름', '깨']"
7025029,"['알배추', '당근', '다진마늘', '간장', '참기름', '들기름', '맛소금 적당량']"
7025028,"['고구마', '포도씨유 (프라이팬 밑이 잠길 정도만)']"
7025027,"['식빵', '계란', '슬라이스햄', '치즈', '양파', '파프리카', '양배추', '후춧가루 톡톡톡', '소금', '설탕', '케첩']"
7025026,"['고구마', '포도씨유 (프라이팬 밑이 다 잠길정도)', '설탕', '물엿', '포도씨유', '물']"
7025025,"['참치 작은거', '양파', '당근', '애호박', '청양고추', '밀가루', '계란', '물', '소금']"
7025024,"['오이', '대파 흰부분', '고추가루', '참깨 약간', '소금', '꽃게 액젓', '새우젓', '배즙음료', '양파', '마늘', '생강']"
7025023,"['돼지등뼈', '고춧가루', '설탕', '파', '김치', '소금', '된장', '감자', '설탕', '커피']"
7025022,"['오징어', '숙주나물', '떡볶이떡', '돼지고기 다짐육', '표고버섯', '당근', '쑥갓', '두부', '다진마늘', '다진파', '청양고추', '달걀', '밀가루 약간']"
7025021,"['냉동새우', '양파', '대파', '당근', '계란', '버터', '소금']"
7025020,"['양파', '간장', '식초', '설탕', '물']"
7025019,"['양배추', '케찹', '마요네즈', '설탕']"
7025018,"['두릅', '소금', '물 넉넉히', '식초', '참치액', '맛술', '다진 마늘', '참기름', '깨소금']"
7025017,"['무 약간', '삼치', '양파', '국간장', '간장', '고춧가루', '다진마늘', '생강청', '매실액', '술']"
7025016,"['쌀', '물', '전복', '당근', '쪽파', '버터', '참기름', '진간장', '다진 마늘', '쪽파', '참기름', '통깨', '고춧가루']"
7025015,"['절편 약간', '시리얼 약간', '조청']"
7025014,"['가지', '양파', '대파', '청양고추', '간장', '굴소스', '올리고당', '마늘', '고춧가루']"
7025013,"['통삼겹', '통후추 조금 (생략가능)', '월계수잎', '대파', '통마늘', '양파', '된장', '진간장', '미림', '물']"
7025012,"['곱창김', '대파 조금 (대략 흰부분', '코인육수', '다진마늘', '액젓']"
7025011,"['냉동 블루베리', '플레인요거트', '각얼음']"
7025010,"['컵라면', '계란', '돈까스소스', '마요네즈', '가쓰오부시']"
7025009,"['홍 진미채', '마요네즈', '크러쉬드 레드페퍼', '검정깨', '레몬즙']"
7025008,"['닭', '숙주', '느타리버섯', '대파', '다진마늘', '국간장', '고춧가루', '소금']"
7025007,"['삶은죽순', '들기름', '식용유', '국간장', '멸치액젓', '물', '들깨가루', '통깨']"
7025006,"['달래', '부추', '고추가루', '간장', '식초', '설탕', '통깨']"
7025005,"['옥수수면', '국간장', '까나리액젓', '소금', '소금', '대파', '마늘', '청양고추', '애호박', '계란', '당근', '만가닥버섯', '붉은 고추 약간', '물', '다시마', '국물 멸치', '물', '소금']"
7025004,"['양파', '허브솔트 적당히', '올리브유', '하드 치즈 (취향껏)', '파슬리 (취향껏)']"
7025003,"['상추', '홍고추', '대파 흰부분 조금', '다진마늘', '고추가루', '소금', '설탕', '참기름', '깨소금']"
7025002,"['소고기', '알배추', '숙주', '깻잎', '표고버섯', '간장', '물', '식초', '레몬즙', '알룰로스', '연겨자 (취향껏)']"
7025001,"['건조매생이 블럭', '양파', '대파', '다진마늘', '식용유', '밥', '물', '참치액', '참기름', '통깨']"
7025000,"['4배죽 밥', '삶은 콩', '물']"
7024999,"['아보카도', '바나나', '베지밀']"
7024998,"['양배추', '깻잎', '물', '식초', '설탕', '소금', '피클링스파이스', '월계수잎', '통후추', '매실액', '레몬즙']"
7024997,"['양상추', '토마토', '아보카도', '당근', '초콩']"
7024996,"['밥', '당근', '파프리카', '소금', '후추', '애호박', '새우젓', '시금치', '국간장', '새송이버섯', '대파', '간장', '양념장 (어묵매운양념장)', '멸치 견과조림 ', '다진마늘', '참기름', '올리브', '계란프라이 ', '쪽파', '간장', '고춧가루', '매실액', '참기름', '참깨', '고춧가루', '양조간장', '다진마늘', '생강청', '맛술']"
7024995,"['오징어 (냉동)', '초고추장', '채소 취향껏']"
7024994,"['다진양파', '마요네즈', '와사비', '꿀', '레몬주스']"
7024993,"['밥', '당근볶음 ', '버섯볶음 ', '애호박볶음 ', '시금치무침 ', '파프리카볶음 ', '어묵조림 (매운)', '양배추', '쪽파', '간장', '고춧가루', '매실액', '참기름', '참깨']"
7024992,"['소고기 국거리', '무', '다시마물', '숙주', '느타리버섯', '배추우거지', '다진마늘', '국간장', '액젓 (간맞추기)', '고춧가루', '생강술', '식용유', '참기름', '다시마 멸치가루 ']"
7024991,"['물', '콩나물', '오징어', '김치', '김칫국물', '대파', '홍고추', '청양고추', '다진마늘', '고춧가루', '새우젓', '소금', '멸치', '디포리', '무', '대파뿌리', '편생강', '양파껍질', '다시마']"
7024990,"['멸치', '다시마', '물', '소금', '쪽파', '계란', '두부', '후추', '다진마늘']"
7024989,"['두릅', '소금', '고추장', '올리고당', '들기름', '식초', '깨']"
7024988,"['쌀', '곤드레', '쇠고기', '마늘', '참기름 약간', '달래', '간장', '맛술', '참기름', '고춧가루', '깨소금 약간']"
7024987,"['사태', '표고버섯', '양파', '대파', '다진마늘', '통후추', '진간장', '올리고당']"
7024986,"['묵은지', '돼지고기 목살', '미림', '생강청', '새우젓', '들기름', '쌀뜨물', '물', '다진마늘', '묵은지 김칫국물', '양파', '매실청', '송송썬 대파', '청양고추', '내장제거한 멸치', '디포리', '무', '대파뿌리', '편생강', '양파껍질', '다시마']"
7024985,"['가지', '양파', '대파', '다진 마늘', '굴소스', '고춧가루', '올리브오일', '물', '참기름', '소금', '통깨 솔솔솔']"
7024984,"['머위', '소금', '된장', '고추장', '참치액', '다진마늘', '파 약간', '참기름', '깨소금']"
7024983,"['생 취나물', '부침가루', '튀김가루', '양파', '당근', '물', '식용유']"
7024982,"['쌀', '잡곡', '검은콩', '물', '강황가루']"
7024981,"['양배추', '케일', '참치캔', '마요네즈', '청양초', '참기름', '깨소금', '소금', '후추 약간']"
7024980,"['매실장아찌', '쪽파', '다진마늘', '고춧가루', '고추장', '참기름', '통깨 ']"
7024979,"['고구마', '양배추', '하루견과', '마요네즈 (비건)', '홀그레인머스터드', '소금', '후추', '꿀']"
7024978,"['김밥김', '밥', '소금', '참기름', '매실액', '참기름', '와일드루꼴라', '햄', '당근', '소금', '식초', '식용유', '명이나물 장아찌']"
7024977,"['양배추', '당근', '생표고버섯', '현미유', '다진마늘', '소금', '후추', '참기름', '통깨']"
7024976,"['닭다리살', '감자', '당근', '양파', '다진마늘', '버터', '케첩', '카레가루', '물', '소금', '후추', '청주']"
7024975,"['골뱅이', '소면', '오이', '당근', '청양고추', '깻잎', '고추장', '고춧가루', '식초', '간장', '골뱅이국물', '설탕', '간장', '설탕', '참기름']"
7024974,"['두부', '다짐육', '마늘', '양파', '고춧가루', '대파 (취향껏)', '청양고추 (베트남고추로 더 맵게 가능)', '물', '다진마늘', '굴소스', '설탕', '진간장', '맛술', '된장', '전분가루', '물']"
7024973,"['소고기', '건미역', '코인육수', '참기름', '액젓']"
7024972,"['김', '물', '미림', '청주', '양조간장', '설탕', '고추냉이']"
7024971,"['깻잎', '대파', '홍고추', '당근', '양파', '다진마늘', '진간장', '멸치액젓', '설탕', '물', '굵은 고춧가루', '깨']"
7024970,"['생표고버섯', '대파 약간 (잎 부분)', '미니파프리카', '피망 약간', '들기름', '저염 맛간장', '생강청', '후추 약간']"
7024969,"['돼지앞다리살', '무', '양파', '대파', '된장', '술']"
7024968,"['얼음 적당량', '오트 밀크', '바닐라시럽', '에스프레소']"
7024967,"['달래', '부침가루', '계란', '소금', '식용유 적당량', '간장', '식초', '물', '갈은깨', '올리고당']"
7024966,"['엄나무순', '소금', '초고추장 적당량']"
7024965,"['깐메추리알', '표고버섯', '진간장', '올리고당', '설탕', '맛술', '물', '통깨 솔솔솔', '대파', '양파', '생강', '다시마']"
7024964,"['쑥갓', '두부', '굵은 소금', '국간장', '다진마늘', '참기름', '통깨']"
7024963,"['두부', '숙주', '대파', '진간장', '굴소스', '식초', '들기름', '다진마늘', '청양고추']"
7024962,"['김밥김', '밥', '두릅 (두릅나물)', '햄', '단무지', '계란', '크래미', '참기름', '맛소금 약간']"
7024961,"['소고기아롱사태', '당근', '무', '양파', '대파', '파뿌리', '통마늘', '맛술', '통후추', '간장', '배음료', '설탕', '참기름', '다진마늘', '다진파', '통깨', '후추 (취향껏)']"
7024960,"['은 대구살', '히말라야 솔트', '매실 어간장', '배추', '쪽파', '실고추', '마늘']"
7024959,"['레이디핑거쿠키', '에스프레소', '휘핑크림', '흰설탕', '크림치즈', '볶은콩가루', '황설탕', '애플민트']"
7024958,"['라이스페이퍼', '식용유', '물', '냉동 만두', '냉동 동그랑땡', '잡채 (남은잡채 가위로 듬성듬성 잘라서 사용)']"
7024957,"['콩나물', '대파', '소금', '범일 국간장', '소금', '다진마늘', '참기름', '통깨']"
7024956,"['참깨드레싱', '겨자소스', '유자드레싱', '생강청', '대추청', '초장', '초코 시럽', '카라멜시럽', '딸기 시럽', '딸기잼', '블랙베리잼', '고추장 홀스레디쉬', '고추장 아이올리', '매실 어간장', '간장 갈비소스', '간장 치킨소스', '간장 불고기양념', '양념 치킨소스', '깻잎 그린오일']"
7024955,"['연두부', '샐러드채소', '아몬드', '호두', '통깨', '물', '꿀', '간장', '설탕', '식초', '후추 약간']"
7024954,"['밥', '김밥김', '깻잎', '오이', '소금', '마요네즈', '후추 약간']"
7024953,"['김밥용 김', '밥', '오징어', '무', '쪽파', '통깨 약간', '식초', '설탕', '소금', '고춧가루', '고추장', '설탕', '물엿', '다진마늘', '통깨', '참치액', '식초', '참기름']"
7024952,"['콩나물', '고춧가루', '참기름', '통깨', '다진마늘', '대파 넉넉히']"
7024951,"['오징어', '오이', '당근', '양파', '대파', '청양고추', '고추장', '고춧가루', '간장', '설탕', '식초', '다진마늘', '소금', '참기름', '깨']"
7024950,"['A1스테이크소스', '버터', '마늘', '양파', '설탕', '물']"
7024949,"['마른미역', '참기름', '국간장', '천일염 조금 ']"
7024948,"['밀떡', '어묵', '대파', '다진마늘', '설탕', '소금', '물', '고춧가루', '설탕', '간장', '굴소스', '고추장', '식용유', '후춧가루']"
7024947,"['고구마순', '청양고추', '홍고추', '멸치액젓', '간장', '들깨가루']"
7024946,['호박잎']
7024945,"['바지락', '시금치', '봄동', '된장', '국간장', '물', '청양고추', '홍고추', '마늘', '소금 약간', '대파']"
7024944,"['잔멸치', '마늘', '식물성오일', '무즙', '레몬즙', '꿀', '간장']"
7024943,"['감태', '계란', '소금', '후춧가루 톡톡톡', '맛술']"
7024942,"['무', '고춧가루', '액젓', '설탕', '마늘', '식초', '소금', '파']"
7024941,"['간장', '유자청', '물', '가쓰오부시', '레몬', '청주']"
7024940,"['오이', '소금', '식초', '설탕']"
7024939,"['비지', '김치', '대패삼겹살', '양파', '대파', '청양고추', '새우젓', '국간장', '소고기다시다 약간', '고추가루', '물']"
7024938,"['황태', '찹쌀가루', '참기름', '홍고추 약간 (다진)', '다진대파', '다진마늘', '고추장', '고춧가루', '간장', '황설탕', '맛술', '조청', '참기름', '통깨 약간']"
7024937,"['뼈 닭발', '월계수잎', '물', '고춧가루', '고추장', '된장', '다진마늘', '간생강', '진간장', '설탕', '치킨스톡', '매실액', '굴소스', '양파', '후추 넉넉히']"
7024936,"['닭볶음탕용 닭', '감자', '양파', '대파', '다진마늘', '소금', '물', '진간장', '고춧가루', '설탕', '쌈장 듬뿍']"
7024935,"['건미역', '황태', '물', '들기름', '멸치액젓', '국간장', '다진마늘', '연두']"
7024934,"['옻순', '물', '굵은소금', '고추장', '설탕', '식초', '다진마늘', '통깨', '고춧가루']"
7024933,"['브로콜리', '청양고추', '홍고추', '편 썬 마늘', '소금', '진간장', '설탕', '과일식초', '맛술', '물', '소금']"
7024932,"['염장미역줄기', '양파', '당근', '다진마늘', '들기름', '통깨', '식용유 넉넉히']"
7024931,"['땅두릅', '고추장', '간장', '참기름', '식초', '참깨', '올리고당', '삶은계란']"
7024930,"['감자', '물', '설탕', '소금']"
7024929,"['총각무', '닭가슴살', '밥', '올리고당', '고춧가루', '마요네즈', '된장']"
7024928,"['밥', '부추', '당근', '양파', '닭가슴살', '진간장', '굴소스', '올리고당']"
7024927,"['닭다리살', '굴소스', '간장', '설탕', '맛술', '다진마늘', '올리고당', '후추 조금', '당근', '감자', '양파', '청양고추']"
7024926,"['두부', '쪽파', '다진마늘', '간장', '맛술', '설탕', '올리고당', '마요네즈', '고추가루', '매실액']"
7024925,"['두릅', '소금', '물', '초고추장']"
7024924,"['멸치', '사각으로 썬 무', '사각어묵', '대파', '다진마늘', '국간장', '참치액젓']"
7024923,"['된장', '팽이버섯', '불린 미역', '국물용 멸치', '다진마늘', '참치액젓', '물']"
7024922,"['오징어', '대패삼겹살', '대파', '깨', '고춧가루', '다진마늘', '생강', '고추장', '설탕', '간장']"
7024921,"['오이지', '대파', '얼음', '식초', '매실청', '설탕', '고춧가루', '깨', '간장']"
7024920,"['닭', '아라비아따', '통마늘', '양파', '대파', '굴소스', '식용유', '물', '밥']"
7024919,"['중력분', '소금', '무염버터', '물', 'egg', '우유', 'pumpkin puree', 'Eggs', 'Brown sugar', 'corn starch', 'salt', 'pumpkin spice', 'Heavy cream', 'Milk']"
7024918,"['머위잎', '소금', '물']"
7024917,"['참나물', '파', '진간장', '국간장', '다진마늘', '들기름', '소금', '물']"
7024916,"['자반고등어', '쌀뜨물', '갓김치', '원당', '다진마늘', '미림', '간장', '청양고추 (청양홍고추)', '대파', '고추가루', '식초']"
7024915,"['쑥갓', '파', '고춧가루', '다진마늘', '고추장', '간장', '설탕', '참기름', '소금', '물']"
7024914,"['graham crackers', 'melted unsalted butter', 'brown sugar', 'full fat cream cheese', 'white sugar', 'salt', 'vanilla essence', 'Large Eggs', 'Heavy cream', 'sour cream', 'cornstarch', 'lemon juice', 'strawberry margarita', 'Gelatin powder']"
7024913,"['애호박', '당근', '꽃소금', '깻잎', '청양고추', '건새우', '옥수수전분', '오일 넉넉하게']"
7024912,"['돼지고기', '스팸', '소세지', '김치', '팽이버섯', '양파', '파', '감자', '사골곰탕', '우동사리', '떡국떡', '물 (사골곰탕:물 =', '고춧가루', '고추장', '된장', '참치액젓', '후추', '다진마늘']"
7024911,"['카레가루', '물', '무염버터', '돼지고기 등심', '감자', '양파', '당근', '우유', '소금 약간', '후추 약간']"
7024910,"['당면', '쪽파', '부추', '양파', '당근', '청양고추', '표고버섯', '어묵', '스팸', '식용유', '간장', '설탕', '간장', '설탕', '참기름', '설탕', '간장', '깨', '올리고당']"
7024909,"['돌나물', '고추장', '올리고당', '사이다', '레몬즙', '식초', '참깨 약간']"
7024908,"['알배추', '부침가루', '전분가루', '물', '식용유', '청양고추', '간장', '식초']"
7024907,"['소고기 (샤브용)', '배추', '숙주', '청경채', '팽이버섯', '느타리버섯', '어묵', '고추기름', '마라소스', '굴소스', '설탕']"
7024906,"['dungeness crab meat', 'Fresh cooked shrimp', '움트리 해파리겨자소스', '브로콜리새싹', '붉은파프리카', '엔다이브', '방울토마토', '토스트', '실고추', '고흥유자드레싱 ']"
7024905,"['물', '국물용 멸치', '다시마', '무', '대파', '통후추', '통마늘', '다시마 (육수 끓이고 남은거)', '무 (육수 끓이고 남은거)', '멸치 (육수 끓이고 남은거)', '간장', '미림', '올리고당', '고춧가루', '육수', '참기름']"
7024904,"['소갈비살', '조림간장', '맛술', '설탕', '물', '양파', '대파', '마늘', '생강', '물전분', '배추', '레디쉬 채', '당근 채', '고춧가루', '설탕', '참기름', '식초', '통깨가루', '지단', '실고추', '잣']"
7024903,"['구운 닭', '매운 고춧가루', '간장', '설탕', '물']"
7024902,"['오이', '양파', '고춧가루', '소금', '설탕', '간장', '식초', '매실액', '다진마늘', '참기름', '통깨']"
7024901,"['비욘드미트 다짐육', '다진양파', '다진당근', '다진대파', '떡볶이떡', '간장', '설탕', '통깨', '비건 다시다', '갈은 양파', '배주스', '참기름', '물', '물전분']"
7024900,"['두부', '굵은소금', '배추김치', '들기름', '설탕', '진간장', '참치액', '식초', '통깨 약간']"
7024899,"['탈피 연어 필렛', '소금', '설탕', '통후추 약간 ', '딜', '레몬', 'Coriander seed', 'Red beet root', '해파리겨자소스', '고추장홀스레디쉬', '깻잎그린오일', '케이퍼', '쌈무', '레디쉬', '딜', '한련화']"
7024898,"['김치', '콩가루', '참기름', '설탕', '대파', '청양고추', '다진마늘 큰술', '참치액', '국간장', '참치캔', '콩나물', '국간장', '참치캔', '콩나물']"
7024897,"['도토리묵', '쑥갓', '오이', '양념장', '고춧가루', '다진마늘', '쪽파', '꽃게맛 간장', '멸치액젓', '양조간장', '매실액', '설탕', '현미식초', '볶음깨']"
7024896,"['고등어', '고구마 줄거리', '양파', '청양고추', '홍고추', '대파', '고구마줄거리', '된장', '고추가루', '다진마늘', '간장', '고추가루', '다진마늘', '미림', '다진생강', '들기름', '설탕']"
7024895,['계란']
7024894,"['애호박', '계란', '부침가루 조금', '두부', '소금 조금', '올리브 오일 넉넉히']"
7024893,"['된장', '고추장', '고춧가루', '진간장', '국간장', '다진마늘', '설탕', '맛술', '멸치육수', '코다리', '무', '대파', '고추 취향껏']"
7024892,"['두부', '김치', '대패삼겹살', '양파', '대파', '진간장', '고춧가루', '설탕', '깨', '물']"
7024891,"['표고버섯', '양송이 버섯', '느타리 버섯', '팽이 버섯', '잣', '트러플 오일', '트러플 소스', '그라나파다노 치즈']"
7024890,"['진미채', '마요네즈', '고추장', '참기름 약간', '진간장', '맛술', '올리고당', '설탕', '다진마늘', '고춧가루', '식용유']"
7024889,"['서리태', '사차인치', '물', '진간장', '설탕', '물엿', '식용유', '참기름']"
7024888,"['단무지', '김', '청양고추', '밥', '참기름']"
7024887,"['신김치', '우삼겹', '청양고추', '굴소스', '설탕', '김칫국물', '참기름 약간', '후춧가루 약간']"
7024886,"['김치', '숙주', '돼지고기', '부침가루', '계란', '물', '식용유']"
7024885,"['계란', '소금', '물']"
7024884,"['라이스페이퍼', '순대', '오일스프레이', '양념치킨소스']"
7024883,"['고춧가루', '식용유']"
7024882,"['레몬', '설탕', '계란 노른자', '버터']"
7024881,"['박력 쌀가루', '쑥가루', '계란', '설탕', '우유', '바닐라 익스트랙', '소금', '생크림', '베이킹 파우더', '딸기']"
7024880,"['식빵', '비엔나소세지', '모짜렐라치즈']"
7024879,"['검은콩', '물', '통깨', '식용유', '물', '진간장', '국간장', '설탕', '물엿']"
7024878,"[' 오이', '아보카도', '삶은 계란', '레몬즙', '식초', '머스터드소스', '후추 약간', '소금 약간']"
7024877,"['가지', '토마토', '양파', '대파', '깐 생새우', '해물동전 육수', '건바질 가루 약간', '올리브오일', '다진 마늘']"
7024876,"['순 커리 파우더', '강황 가루', '고구마 전분', '해물동전 육수', '무가당 아몬드 밀크', '당근', '양파', '감자', '닭가슴살', '완숙토마토', '다진 오이고추', '올리브오일', '물', '밥']"
7024875,"['배추잎', '무', '소고기 국거리', '파', '양파', '쌀뜨물', '멸치액젓', '들기름']"
7024874,"['계란', '밥', '마아가린', '간장', '소금 조금']"
7024873,"['토마토소스', '스파게티', '마늘', '시금치', '새송이버섯', '간장', '매실청', '물']"
7024872,"['햇 양파', '새송이버섯', '피망', '미니 빨강 파프리카', '미니 노랑 파프리카', '달걀', '코인육수', '물', '소금', '들기름', '포도씨유', '간장']"
7024871,"['깜빠뉴', '리코타치즈 적당량', '견과류 믹스', '꿀']"
7024870,"['겨울초', '액젓', '고춧가루', '깨', '다진마늘', '식초']"
7024869,"['애호박', '가지', '깐 새우살', '계란', '소금 조금', '해바라기유']"
7024868,"['삼겹살', '물', '양배추', '양파', '양조간장', '설탕', '소주', '마늘', '다진 생강', '다시마', '대파', '고명용 쪽파 약간 (또는 부추']"
7024866,"['밥', '김', '깻잎', '김치 적당히', '계란', '스팸', '소금 조금', '참기름 적당히', '올리브 오일 적당히', '스테비아']"
7024865,"['순대', '식용유']"
7024864,"['백김치 국물', '냉면육수', '배추김치', '설탕', '매실액', '참기름', '통깨', '도토리묵']"
7024863,"['밥', '양파', '대파', '양송이버섯', '당근', '파프리카', '비엔나소세지', '식용유', '소금', '후춧가루 약간', '케찹', '진간장', '달걀', '소금', '돈까스소스', '케찹', '올리고당', '후춧가루 약간', '물', '버터']"
7024862,"['달래', '간장', '설탕', '고춧가루', '참기름', '볶은통깨']"
7024861,"['브로콜리', '양파', '감자', '물', '우유', '치즈 적당량', '올리브오일', '소금 약간', '후추 약간', '식초']"
7024860,"['멸치', '꽈리고추', '마늘', '홍고추', '식용유', '참기름 약간', '통깨 약간', '진간장', '올리고당', '맛술', '설탕', '후추 약간']"
7024859,"['씻은 묵은지', '들기름', '설탕', '깻잎', '통깨 솔솔솔']"
7024858,"['계란', '크래미', '대파', '들기름', '슬라이스치즈', '진간장']"
7024857,"['백진미채', '고추장', '고춧가루', '설탕', '마요네즈', '올리고당', '올리브오일', '물', '참기름', '통깨 솔솔솔']"
7024856,"['돼지고기', '두릅', '파', '버섯', '양파', '당근', '진간장', '생강가루', '레몬청', '굴소스', '들기름', '올리브유 약간 (볶음용 기름)', '후추 톡톡톡', '고추장', '간장', '다시마육수', '식초', '레몬청', '들기름']"
7024855,"['소고기 불고기용', '당근 약간 (채 썰은)', '잔파 약간', '간장', '설탕', '사과', '양파', '다진마늘', '후춧가루 약간', '참기름', '통깨']"
7024854,"['쌀', '현미', '양배추']"
7024853,"['콩나물', '대파', '청양고추', '물', '다시마', '국간장', '소금', '미원']"
7024852,"['오이', '양파', '부추', '굵은소금', '물', '굵은 소금', '설탕', '다진마늘', '까나리액젓', '새우젓', '매실청', '설탕', '고춧가루', '통깨']"
7024851,"['납작당면', '물', '떡국떡', '대파', '양파', '어묵', '메이플시럽', '간장', '연두', '굴소스', '케찹', '고춧가루', '고추장', '후추 넉넉히', '물엿']"
7024850,"['콩나물', '부추', '간장', '연두', '메이플시럽', '참기름', '깨 넉넉히']"
7024849,"['무', '황태채', '대파', '코인육수', '다진마늘', '액젓']"
7024848,"['오징어', '양파', '양배추 약간', '대파', '미니파프리카', '피망', '고추장', '고춧가루', '간장', '술', '매실액', '생강청', '참기름']"
7024847,"['애호박', '밀가루', '탄산수', '양파', '달걀', '소금', '치즈']"
7024846,"['청참외', '천일염', '식초', '설탕', '물엿', '소주', '다진파', '다진마늘', '청양고추', '매실', '참치액젓', '고추가루', '참기름', '통깨']"
7024845,"['소고기', '생강즙', '요리술', '소금', '양파', '애호박', '당근', '참기름 조금', '실파 조금', '물', '코인 멸치육수', '국간장', '어간장', '소금', '달걀', '소금', '엑스트라버진 올리브오일 조금']"
7024844,"['애호박', '메밀국수면', '계란', '김가루 듬뿍', '통깨 듬뿍', '새싹', '토마토 (생략가능)', '고추가루', '간장', '올리고당', '설탕', '들기름', '다진마늘', '새우젓']"
7024843,"['엄나무순', '고추장', '꿀', '매실청', '다진마늘', '참기름', '통깨']"
7024842,"['무염버터', '설탕', '흑설탕', '소금 약간', '계란', '바닐라오일 약간', '박력분', '베이킹파우더', '초코칩', '초코칩']"
7024841,"['닭다리', '감자', '당근', '양파', '감자수제비', '양배추', '대파', '고춧가루', '고추장', '간장', '설탕', '다진마늘', '미림', '생강가루 조금', '후추 조금', '물']"
7024840,"['부추', '오징어', '새우', '홍합', '부침가루', '전분', '차가운 물', '액젓']"
7024839,"['육회', '엄나무순 나물', '상추', '계란', '밥', '고추장', '설탕', '다진마늘', '참기름', '후추 톡톡톡']"
7024838,"['어묵', '국간장', '고추장', '고춧가루', '마늘', '올리고당', '설탕', '후추약간', '물', '코인육수']"
7024837,"['염장톳', '찰현미']"
7024836,"['상추', '물', '설탕', '매실청', '양조간장', '마늘', '생강', '청양고추', '피클링스파이스', '월계수잎', '식초', '레몬즙', '소주']"
7024835,['양조식초 (필요에 따라 적당량)']
7024834,"['당근', '올리브오일', '소금', '씨겨자', '식초', '꿀', '소금', '치아바타', '계란', '슬라이스치즈']"
7024833,"['잡곡', '연근', '당근', '단호박', '올리브오일', '코인육수', '들기름', '진간장', '참깨']"
7024831,"['무', '당근 조금', '멸치', '다시마', '된장', '고추장', '대파', '다진마늘']"
7024830,"['머위', '물', '굵은소금', '고추장', '다진마늘', '참기름', '볶은통깨']"
7024829,"['크래미', '단무지', '당근', '계란말이', '애호박', '김밥용김', '계란']"
7024828,"['식빵', '버터', '설탕', '시나몬가루 톡톡톡 (옵션)']"
7024827,"['골뱅이', '황태채', '대파', '당근 조금', '오이', '양파', '청양고추', '홍고추', '다진마늘', '고추가루', '식초', '설탕', '간장', '참치액젓', '참기름', '깨소금']"
7024826,"['떡국떡', '조청']"
7024825,"['병아리콩', '올리브오일', '참깨', '머스터드소스', '레몬즙', '소금 약간', '후추 약간', '소금']"
7024824,"['오징어', '무', '애호박', '양파', '대파', '물', '다진마늘', '국간장', '맛소금', '참치액', '고춧가루', '후춧가루 약간']"
7024823,"['양파', '청양고추', '홍고추', '레몬', '진간장', '매실청', '식초', '물']"
7024822,"['건미역', '생표고버섯', '무', '식용유', '참기름', '물', '멸치육수팩', '국간장', '참치액', '소금 취향껏']"
7024821,"['신김치', '대파', '스팸', '밥', '고춧가루', '굴소스', '마요네즈', '깨소금', '참기름', '식용유']"
7024820,"['식빵', '계란', '계란', '우유', '설탕', '밀가루', '소금', '바닐라시럽', '베이컨', '옥수수콘', '모짜렐라치즈']"
7024819,"['당근', '토마토', '올리브오일', '소금']"
7024818,"['참외', '참외 (참외씨속즙)', '올리브오일', '레몬즙', '소금 취향껏']"
7024817,"['쑥', '쌀가루', '소금', '설탕', '호랑이콩', '대추 약간 (채썬)']"
7024816,"['두부', '돼지고기 조금', '야채 조금 (각종)', '청양고추', '양념장', '물', '당면 조금', '깨 넉넉히']"
7024815,"['데친 삼잎국화', '물', '굵은소금', '된장', '고추장', '다진마늘', '참기름', '볶은통깨']"
7024814,"['등갈비', '양파', '당면', '월계수잎', '물', '진간장', '설탕', '맛술', '고춧가루', '다진생강 조금 (생략가능)', '후추', '통깨', '다진마늘']"
7024813,"['토마토', '다진양파', '올리브오일', '식초', '레몬즙', '소금', '통 후추가루 약간', '바질 약간 (or 파슬리)']"
7024812,"['얼음 적당량', '우유', '헤이즐넛시럽', '에스프레소']"
7024811,"['백오이', '대파 조금 (흰부분만)', '소금', '고추가루', '다진마늘', '사과식초', '설탕', '참기름', '통깨 조금']"
7024810,"['잡곡밥', '우렁', '두부', '양파', '표고버섯', '홍고추', '청양고추', '애호박 약간', '상추', '로메인', '물', '된장', '고춧가루', '다진마늘', '참기름', '코인육수', '후추 약간']"
7024809,"['훈제연어', '아보카도', '크로와상', '오이피클', '로메인상추', '체다치즈', '리코타치즈', '마요네즈', '허니머스타드', '레몬즙', '파슬리가루', '꿀', '후추 톡톡']"
7024808,"['식빵', '기본 소스', '토마토', '양상추', '양배추', '냉동 돈까스', '슬라이스치즈', '시판 돈가스소스', '마요네즈', '올리고당', '마요네즈', '홀그레인', '플레인요거트']"
7024806,"['무', '양파', '사과', '파', '밥', '파프리카', '소금', '스테비아', '새우', '매실액기스', '새우젓 큰', '고춧가루 큰']"
7024805,"['두릅', '계란', '튀김가루']"
7024804,"['무', '소금', '고춧가루', '파 적당히', '다진마늘', '참치액', '매실액', '깨소금']"
7024803,"['뿔소라', '된장', '맛술', '물', '고추장', '쌈장', '와사비', '매실청', '참기름', '참깨', '식초', '다진마늘']"
7024802,"['사각어묵', '대파', '홍고추', '팽이버섯 약간', '멸치육수', '고추장', '고춧가루', '국간장', '참치액', '다진마늘', '후추']"
7024801,"['밥', '양배추', '양파', '청양고추', '참치캔', '고춧가루', '고추장', '간장', '알룰로스', '참기름']"
7024800,"['김밥김', '참치캔', '단무지', '밥', '식초', '설탕', '소금', '설탕', '진간장']"
7024799,"['참두릅', '굵은소금', '고추장', '식초', '설탕']"
7024798,"['겨울초 크게', '두부', '청양고추', '홍고추', '육수코인', '집된장', '들깨가루', '다진마늘']"
7024797,"['두릅', '소고기다짐육', '계란', '부침가루', '청양고추', '소금', '후추 약간 ', '간장', '고춧가루', '식초', '통깨']"
7024796,"['달걀', '세발나물 약간', '소금', '맛술']"
7024795,"['소면', '백김치 약간', '백김치']"
7024794,"['황태채', '간장', '올리고당', '통깨', '후추 약간', '파']"
7024793,"['알배기배추', '고춧가루', '새우젓', '설탕', '다진마늘', '참치액', '쪽파', '통깨 넉넉히']"
7024792,"['엄나무순', '멸치액젓', '소금', '다진마늘', '참기름', '통깨']"
7024791,"['브로콜리', '사과', '아몬드 넉넉히 (슬라이스)', '레몬', '메이플시럽', '마요네즈']"
7024790,"['두부', '양파', '팽이버섯', '청양고추', '대파', '멸치', '다시마', '표고', '물', '새우젖', '간장', '다진마늘', '고춧가루', '들기름']"
7024789,"['돼지고기앞다리살', '양파', '대파 넉넉히', '통마늘', '강황가루 약간만', '된장', '블랙커피', '무 넉넉히']"
7024787,"['가지', '물 (넉넉히)', '대파', '다진마늘', '소금', '참기름', '깨소금']"
7024786,"['피망', '다진마늘', '대파', '된장', '고춧가루', '올리고당', '참기름', '통깨', '피망', '베이컨', '양송이버섯', '양파', '청양고추', '계란', '부침가루']"
7024785,"['딸기', '식초', '설탕', '올리고당', '레몬즙']"
7024784,"['미나리', '두부면', '대파 조금 (흰부분만)', '소금', '맛소금', '다진마늘', '참기름', '통깨 넉넉하게 (갈아준것)']"
7024783,"['양배추', '소금', '식초', '올리브유', '홀그레인머스타드', '설탕', '레몬즙', '후추']"
7024782,"['양파', '마늘', '프랑크소세지', '버터', '우유', '무가당 휘핑크림', '후춧가루', '파마산치즈가루']"
7024781,"['잡채용 소고기', '두릅', '홍고추', '팽이버섯', '양파', '들깨', '찹쌀', '홍게 간장', '소금 (기호에 따라)', '들기름', '간장', '설탕', '다진마늘', '미림', '참기름']"
7024780,"['깻잎', '양파', '간장', '매실액', '올리고당', '다진마늘', '고춧가루', '물']"
7024779,"['마늘쫑', '소고기', '간장', '물', '조청', '통깨', '참기름']"
7024778,"['도토리가루', '물', '소금', '참기름', '고춧가루', '다진마늘', '쪽파', '꽃게맛 간장', '멸치액젓', '양조간장', '매실액', '설탕', '현미식초', '볶음깨']"
7024777,"['감자', '다진마늘', '물', '간장', '설탕', '참기름', '깨 조금']"
7024776,"['애호박', '대파', '청양고추', '진간장', '물', '참기름', '고춧가루', '다진마늘', '설탕', '통깨', '설탕']"
7024775,"['파스타면', '엔초비', '마늘', '마늘쫑', '포도씨오일', '올리브오일', '면수', '굴소스', '페페론치노', '후추 약간', '참나물', '물', '굵은소금']"
7024774,"['숏 파스타', '깻잎', '양파 적당량', '우유', '생크림', '양송이', '소금', '후추', '그라나 파다노치즈 ']"
7024773,"['당면', '사각어묵', '시금치', '버섯', '당근', '양파 약간 (생략 가능)', '소금', '후추', '통깨', '진간장', '맛술', '요리당', '다진마늘']"
7024772,"['계란', '부추', '양파', '통마늘', '멸치다시마육수', '국간장', '멸치액젓', '후춧가루', '소금', '참기름 소량']"
7024771,"['돼지등뼈', '시래기', '양파', '청양고추', '홍고추', '대파', '간장', '된장', '고추가루', '생강', '다진마늘', '설탕', '간장', '겨자', '설탕', '식초']"
7024770,"['떡국떡', '아몬드', '캐슈넛', '물', '흑설탕', '통깨', '소금', '참기름', '시나몬가루']"
7024769,"['쌀', '물', '쑥', '표고버섯', '새우살', '소금', '생강가루', '올리브유 약간', '후추', '맛간장', '다시마육수', '다진 파', '고추', '고춧가루 약간', '들기름']"
7024768,"['닭다리살', '계란', '양파', '대파', '밥', '맛술', '다진마늘', '소금', '후춧가루 약간', '국간장', '알룰로스', '식용유', '물', '국물용 멸치', '다시마']"
7024767,"['스파게티면', '버터', '페스토 크게', '생크림', '면수', '양파', '마늘', '양송이버섯', '표고버섯', '그라나파다노치즈', '소금', '통후추 약간 (5번 갈아서)', '루꼴라 약간', '크러쉬드페퍼 약간']"
7024766,"['또띠아', '느타리버섯', '표고버섯', '양송이버섯', '양파', '버터', '달걀', '다진마늘', '페스토', '모짜렐라치즈 약간', '방울토마토', '바질 약간 (또는 루꼴라)']"
7024765,"['진미채', '마요네즈', '미림', '간장', '쌀조청', '참기름', '통깨', '고춧가루', '고추장', '쌀조청', '참기름', '통깨']"
7024764,"['오이', '양파', '고추장', '고춧가루', '진간장', '다진마늘', '2배식초', '설탕', '깨소금', '참기름']"
7024763,"['새송이버섯', '버터', '다진마늘', '파마산 치즈가루', '설탕', '꽃소금']"
7024762,"['꽃게', '청양고추', '홍고추', '대파', '고춧가루', '맛술', '진간장', '물엿', '통깨', '참기름', '다진마늘']"
7024761,"['양파', '빨강피망', '오이', '토마토', '화이트 발사믹식초', '식초', '간장', '메이플시럽']"
7024760,"['표고버섯', '순살 어묵', '무', '청양고추', '멸치', '건보리 새우', '다진마늘', '참치액', '생강술', '소금 조금']"
7024759,"['닭다리살', '당근', '양파', '애호박', '빵가루', '소금', '후추', '전분가루', '빵가루', '후추', '청주']"
7024758,"['깐도라지', '대파 조금 (흰부분만)', '설탕', '소금', '올리브유', '다진마늘', '참치액', '참기름', '통깨']"
7024757,"['크로와상 생지', '소시지', '치즈']"
7024756,"['설탕', '식소다', '설탕']"
7024755,"['젤라틴 (필요한 만큼)', '물 (필요한 만큼)']"
7024752,"['대패삼겹살', '가지', '대파', '방울토마토', '샐러드', '올리브오일 약간', '후추 약간', '파스타면', '된장', '케찹']"
7024751,"['무', '대파 조금 (흰부분만)', '소금', '다진마늘', '고추가루', '사과식초', '설탕', '통깨']"
7024750,"['소갈비살', '양배추', '쪽파', '통마늘', '소금', '청주', '참기름', '후추']"
7024748,"['닭가슴살', '파프리카 (3색)', '방울토마토 ( 금홍)', '양파', '모자렐라치즈', '파슬리가루', '마늘', '고추장', '고춧가루', '토마토케첩', '카레가루', '굴소스', '매실청', '조청', '마늘가루']"
7024747,"['삼각김밥김', '김치볶음 (속재료 햄김치볶음)', '밥']"
7024745,"['현미 (현미1+백미1)', '백미 (현미1+백미1)', '냉이', '취나물', '생수', '소금', '된장', '다시마물', '들깨가루', '달래 (또는 쪽파)', '매실액', '참기름 (들기름)', '간장', '다시마물', '달래', '고춧가루', '매실액', '통깨', '참기름 (들기름)']"
7024744,"['햇 양파', '소금', '고춧가루', '식초', '매실액', '꿀', '다진쪽파', '통깨']"
7024743,"['조미김 大', '참치 캔 小', '마요네즈', '후추', '묵은지', '청양고추', '참기름 (김밥에 바르는 용)', '밥', '소금', '참기름', '통깨']"
7024742,"['감자', '달걀', '당근', '양파', '마요네즈', '씨겨자', '소금', '후추', '파슬리', '식빵', '잼', '허니머스터드', '당근라페', '샐러드 (감자마요)']"
7024741,"['양배추', '소금', '고춧가루', '현미식초', '매실액', '생강청', '다진마늘', '통깨']"
7024740,"['닭 볶음탕용', '감자', '양파', '대파', '청양고추', '홍고추', '물', '범일쌈장', '진간장', '고춧가루', '설탕', '다진마늘']"
7024739,"['두부', '다진고기', '파', '양파', '소금 약간', '간장', '고추장', '고춧가루', '설탕', '다진마늘', '들기름', '물', '소금']"
7024738,"['핫도그', '양배추', '적채', '당근', '마요네즈', '케쳡', '후추']"
7024737,"['굴', '모둠해물', '대파', '청양고추', '홍고추', '달걀', '부침가루', '튀김가루', '물', '굵은소금', '맛술']"
7024736,"['우유', '동물성 휘핑크림', '바닐라시럽', '얼음 적당량', '에스프레소', '물']"
7024735,"['닭가슴살 스팸', '통밀 식빵', '계란', '체다치즈', '모짜렐라치즈', '설탕', '허브솔트 톡톡', '올리브오일', '땅콩버터', '마요네즈', '꿀']"
7024734,"['족발', '진간장', '황설탕', '양파', '삶은 계란', '밥', '물', '다진양파', '다진마늘', '다진 홍고추', '다진 청양고추', '까나리액젓', '황설탕', '식초']"
7024733,"['감자', '떡볶이떡', '대파', '깻잎', '새송이버섯', '당근', '양파', '청양고추', '물', '고추장', '고춧가루', '다진마늘', '올리고당', '진간장', '식용유', '매실액', '참치액', '미림', '물']"
7024732,"['소고기 불고기용', '두릅', '잣 조금', '간장', '설탕', '미림', '다진 마늘', '참기름', '후추 소량']"
7024731,"['계란', '소금', '식초', '물']"
7024730,"['설도', '새송이버섯', '표고버섯', '애호박', '소금 약간', '올리브오일 약간']"
7024729,"['단호박', '삶은계란', '양배추', '홀그레인머스타드', '마요네즈']"
7024728,['냉면 밀키트']
7024727,"['고기만두', '양파', '당근', '노랑 파프리카', '빨강 파프리카', '식용유', '물', '설탕', '식초', '진간장', '전분물']"
7024726,"['짭짤이토마토', '세발나물 약간', '소금', '매실액', '생강청']"
7024725,"['바나나', '계란 노른자', '설탕', '박력분', '우유', '생크림', '바닐라 익스트랙', '계란과자']"
7024724,"['닭다리', '월계수잎', '감자', '당근', '대파', '멸치육수', '진간장', '흑설탕', '맛술', '치킨스톡', '다진마늘', '올리고당', '후추 조금']"
7024723,"['작은 대저토마토', '생모짜렐라치즈', '바질', '발사믹식초', '올리브오일', '꿀']"
7024722,"['애호박', '청양고추', '대파', '양파', '물', '연두', '다진마늘', '유기농 손두부', '새우젓']"
7024721,"['멸치육수', '양파', '순두부', '대파', '계란', '가는소금', '후추 조금', '국간장', '멸치액젓', '다진마늘']"
7024720,"['또띠아', '양배추', '계란', '양파', '당근', '샌드위치햄', '토마토', '채소 (초록잎 또는 샐러드용 야채 대체가능)', '버터', '슬라이스치즈', '스트링치즈', '설탕', '소금', '후추', '케첩 취향껏 (또는 머스터드소스)']"
7024719,"['돼지고기 앞다리살', '대파', '양파', '진간장', '설탕', '맛술', '다진마늘', '후추 조금', '배음료', '올리고당', '참기름']"
7024718,"['오징어', '호박', '감자', '양파', '청양고추', '홍고추', '대파', '당근 조금', '다진마늘', '고추장', '액젓', '진간장', '참치액']"
7024717,"['밥', '아보카도', '명란 적당량', '계란', '베이비채소 적당량', '김 적당량', '버터', '소금', '통깨']"
7024716,"['오징어실채', '간장', '올리고당', '통깨 약간', '식용유', '참기름']"
7024715,"['무', '대파', '소금', '설탕', '고춧가루', '식초', '참치액', '검은 통깨', '참기름 (선택)', '요리당 (선택)']"
7024714,"['열무김치', '멸치육수', '콩국수용 국수', '달걀', '식초', '설탕', '소금']"
7024713,"['알감자', '메추리알', '양파', '다시마', '간장', '설탕', '맛술', '다진마늘', '다진생강', '참기름', '후춧가루 톡톡']"
7024712,"['갓김치', '채썬 오이 조금 (또는 참외)', '소면', '냉면 육수', '갓김치 국물', '고추장', '식초', '설탕', '참기름', '깨']"
7024711,"['떡볶이떡 ', '식용유', '고추장', '케첩', '요리당', '설탕', '물', '간장', '다진마늘']"
7024710,"['미나리', '양파', '당근', '매실액', '식초', '고춧가루', '설탕', '소금', '깨']"
7024709,"['미나리 줄기', '청양고추', '간장', '물', '식초', '설탕']"
7024708,"['감자', '파프리카', '청양고추', '소금', '식용유', '깨']"
7024707,"['무우', '쪽파 조금', '고춧가루', '멸치액젓', '설탕 또는 알룰로스', '다진마늘', '2배사과식초', '참기름', '통깨']"
7024706,['부추']
7024705,"['너구리', '부추', '김가루', '가쓰오부시', '계란노른자', '참기름', '후추', '깨', '돼지고기 다짐육', '고춧가루', '다진 마늘', '식용유', '설탕', '진간장']"
7024704,"['계란', '백명란', '크래미', '청양고추 썬것', '맛술', '후추 조금', '식용유  (포도씨유)']"
7024703,"['오이지', '대파 썬 것', '고춧가루', '다진마늘', '깨 갈은것', '참기름']"
7024702,"['계란', '단무지', '우엉', '김', '참기름', '소금', '밥', '소금', '참기름', '통깨']"
7024701,"['갈퀴나물', '쌀뜨물', '된장', '다진마늘', '표고버섯가루']"
7024700,"['달걀', '양송이버섯 먹고싶은만큼', '방울토마토 먹고싶은만큼', '크래미', '피자치즈 먹고싶은만큼', '토마토소스']"
7024699,"['쑥', '가자미', '무', '대파', '청양고추', '홍고추', '코인 육수', '쌀뜨물', '된장', '고추장', '다진 마늘', '청주', '국간장', '참치 액']"
7024698,"['김장김치', '오징어채', '냉동새우', '쪽파', '밀가루', '타피오카전분']"
7024697,"['소고기 불고기', '느타리버섯', '팽이버섯', '양파', '당근', '꽈리고추', '대파', '갈아 만든 배즙', '양조간장', '무청', '참치액', '다진마늘', '맛술', '생강가루', '참기름', '식용유', '통깨', '후추 조금']"
7024696,"['멍게', '고운 고춧가루', '다진 마늘', '참치액', '꽃소금', '매실청', '알룰로스', '생강가루', '통깨 약간 ']"
7024695,"['방풍나물', '청양고추', '홍고추', '대파', '국간장', '참치액젓', '다진마늘', '고추가루', '설탕', '참기름', '깨소금', '방풍나물', '청양고추', '홍고추', '대파', '된장', '고추장', '다진마늘', '설탕', '참기름', '깨소금']"
7024694,"['묵은지', '들기름', '설탕', '참치액', '진간장', '두부', '굵은소금', '들기름', '통깨 약간', '밥', '계란', '볶음김치', '들기름', '통깨', '식용유 약간']"
7024693,"['감자', '호박', '양파', '달래', '멸치육수', '된장', '소금', '마늘 약간', '돌나물', '방울토마토', '수제요거트', '발사믹소스', '깨소금 약간']"
7024692,"['떡볶이떡', '비엔나소세지', '들기름', '식용유', '간장', '케찹', '식초', '설탕', '올리고당', '굴소스', '물']"
7024691,"['팽이버섯', '대파', '청양고추', '냉동새우', '소금', '후추 (약간)', '참기름', '식용유']"
7024690,"['당근', '감자', '양파', '다진마늘', '소금 톡톡', '후추', '통깨']"
7024689,"['두부', '전분가루', '쪽파 (또는 부추)', '다시마', '간장', '맛술', '올리고당', '생강가루', '물', '들기름']"
7024688,"['쑥', '양파', '찹쌀가루', '물', '소금']"
7024687,"['미숫가루', '우유']"
7024686,['치즈']
7024685,"['부추', '달걀', '현미유 약간']"
7024684,"['계란', '마요네즈', '설탕', '후추 적당량', '카놀라유 적당량', '새우', '페페론치노', '후추 적당량', '깜빠뉴', '어린잎채소 적당량', '파슬리 적당량']"
7024683,"['돼지고기 앞다리살', '대파', '월계수잎', '양파', '된장']"
7024682,"['호밀빵', '아보카도', '계란', '양파', '마요네즈', '소금 조금', '후추 조금', '카야잼', '트리플 오일 넉넉히', '파슬리 가루 넉넉히']"
7024681,"['소면', '육수', '배춧잎', '계란', '식용유', '다진마늘', '진간장', '설탕', '참기름', '통깨', '맛술']"
7024680,"['상추', '공기밥', '진간장', '고추장', '참기름', '통깨', '계란', '식용유']"
7024679,"['소고기', '양파', '팽이버섯 조금', '대파 조금', '간장', '미림', '다진마늘', '설탕', '참기름', '후추', '깨소금']"
7024678,"['소세지', '쪽파', '파프리카', '식용유', '후추', '통깨', '케첩', '올리고당', '진간장', '고추장']"
7024677,"['두릅', '부침가루', '찬 물', '부침가루 덧가루', '식용유 적당량']"
7024676,"['얼갈이 (데친거)', '다진마늘', '대파', '청양고추', '홍고추', '된장', '고추장', '집간장', '멸치', '다시마', '파', '무', '양파']"
7024675,"['연어', '레몬즙', '김밥용김', '오이', '양파', '고추냉이', '진간장', '밥', '식초', '설탕', '맛소금']"
7024674,"['밥', '우렁살', '애호박', '양파', '감자', '새송이버섯', '느타리버섯', '쪽파', '올리브유', '다진마늘', '아기된장', '쌀조청', '우유', '아기치즈']"
7024673,"['다진마늘', '진간장', '굴소스', '미림', '후춧가루 톡톡', '고춧가루', '식용유', '돼지고기', '두부', '대파', '애호박', '전분', '물']"
7024672,"['공기밥', '계란', '양파', '당근', '햄', '스위트콘', '대파', '케첩', '후추 소량', '통깨 소량']"
7024671,"['찬밥', '계란', '대파', '물', '멸치다시팩', '참기름', '참치액 소량', '소금 소량', '김가루 소량', '통깨 소량', '후추 소량']"
7024670,"['두부', '참치', '체다치즈', '깻잎', '양배추', '김밥김', '크래미', '소금', '들기름', '마요네즈']"
7024669,"['돼지고기 사태', '대파', '감자', '양파', '깻잎', '물', '된장', '고추장', '고춧가루', '간마늘', '소고기 다시다', '미원', '들깨가루', '후추 적당량']"
7024668,"['해물믹스', '우동 사리면', '차돌박이', '표고버섯', '양파', '당근', '다진마늘', '고추장', '고추가루', '간장', '굴소스', '맛술', '매실액', '후추']"
7024667,"['국수면', '양념게장', '상추', '달걀', '다진마늘', '고추장', '고춧가루', '진간장', '식초', '매실청', '설탕', '참기름', '후추']"
7024666,"['새송이버섯', '양파', '피망', '들기름', '저염 맛간장', '생강청', '깨']"
7024665,"['딸기', '백설탕', '레몬즙', '식초']"
7024664,"['또띠아', '단호박', '마요네즈', '피자치즈']"
7024663,"['콩나물', '대파', '다진마늘', '참기름', '국간장', '깨가루']"
7024662,"['콩나물', '황태채 크게', '대파', '다진마늘', '소금', '새우젓국물']"
7024661,"['밥', '양배추', '대파 조금', '마늘', '간장', '후추 조금']"
7024660,"['아귀 꼬리', '절단꽃게', '쭈꾸미', '콩나물', '떡볶이떡', '대파', '청양고추', '간장', '고추장', '고춧가루', '청양고춧가루', '설탕', '물엿', '맛술', '다진마늘', '물', '참기름', '후춧가루', '전분물', '물 적당량', '맛술', '밀가루', '소주', '맛술', '굵은소금']"
7024659,"['떡국떡', '김가루 넉넉히', '계란', '소금 약간만', '소고기다짐육', '한우사골 곰탕', '진간장', '맛술', '참기름', '다진마늘', '설탕', '후춧가루 약간만']"
7024658,"['양송이버섯', '양파', '베이컨', '다진대파', '체다치즈', '슬라이스 올리브', '버터', '파슬리가루 톡톡', '케찹', '올리브오일', '후추 톡톡', '다진마늘']"
7024657,"['우엉채', '간장', '물엿', '채소육수', '참기름', '통깨']"
7024656,"['명이나물', '레몬', '진간장', '물', '식초', '매실액']"
7024655,"['오란다', '올리고당', '설탕', '버터', '물', '소금']"
7024654,"['도토리', '부침가루', '계란', '소금 조금', '식용유 적당히', '홍고추', '간장', '고춧가루', '통깨', '참기름', '쪽파']"
7024653,"['습식 현미 멥쌀가루', '물', '팥고물 적당량', '설탕']"
7024652,"['메밀면', '닭가슴살', '오이', '당근 약간', '상추', '로메인', '땅콩 약간', '고춧가루', '고추장', '진간장', '설탕', '식초', '다진 마늘', '참기름', '건 생강', '월계수잎']"
7024651,"['솔방울 오징어', '새우', '라디치오', '양파', '치커리', '통후추', '당근', '양파', '오렌지쥬스', '설탕', '오렌지과육', '소금', '후추']"
7024649,"['브로콜리', '두부', '식초', '굵은소금', '참치액젓 (또는 멸치액젓', '참기름', '통깨', '소금 약간']"
7024648,"['팥', '물', '소금', '설탕']"
7024647,"['코코넛밀크', '연유', '냉동망고', '체리에이드파우더', '얼음']"
7024646,"['바지락살', '미나리', '식초', '소금', '홍고추', '당근', '참기름 약간 (5g)', '고추장', '고춧가루', '매실청', '식초', '다진마늘']"
7024645,"['감자', '햄', '양파', '통깨', '간장', '설탕', '올리고당', '물', '참기름']"
7024644,"['데친 깻잎순', '국간장', '다진 마늘', '참기름', '들기름', '대파', '양파', '청양고추', '통깨']"
7024643,"['또띠아', '토마토소스', '빨강 파프리카', '노랑 파프리카', '양파', '스팸 약간']"
7024642,"['떡볶이떡', '물', '사각 어묵', '고추장', '고춧가루', '간장', '설탕', '올리고당', '매실청', '다시마', '대파']"
7024641,"['김밥김', '양배추', '가는소금', '계란', '당근', '홀그레인머스타드', '꿀', '레몬즙', '올리브오일', '식용유 조금']"
7024640,"['콩나물', '무', '대파', '청양고추', '코인육수', '물', '참치액', '다진 마늘', '새우젓']"
7024639,"['잔멸치', '해바라기씨', '호박씨', '건대추', '식용유 넉넉히', '진간장', '맛술', '설탕', '올리고당']"
7024638,"['그릭 요거트', '아몬든 슬라이스 조금', '치아씨드 조금', '건복숭아']"
7024637,"['두부', '소금 조금 (두부 밑간용)', '후추 조금 (두부 밑간용)', '식용유 넉넉히', '돼지고기 다짐육', '물', '진간장', '설탕', '맛술', '다진마늘', '올리고당', '참기름']"
7024636,"['배추김치', '참치캔', '김치국물', '대파 넉넉히', '후춧가루 약간만']"
7024635,"['명이나물', '국간장', '까나리액젓', '참기름', '참깨', '물', '소금']"
7024634,"['쑥', '튀김가루', '물', '빵가루', '오일', '물', '식초']"
7024633,"['닭', '치킨파우더', '물', '식용유', '고추장', '케첩', '요리당', '설탕', '물', '간장', '다진마늘']"
7024632,"['대파', '액젓', '고춧가루', '설탕', '통깨 약간']"
7024631,"['소고기 홍두께살', '다시마', '대파', '마늘', '청양고추', '통후추 약간', '간장', '맛술', '설탕']"
7024630,"['어묵', '진간장', '맛술', '물엿', '다진마늘', '청양고춧가루', '물', '밥', '소금', '통깨', '참기름', '물', '진간장', '설탕', '연겨자']"
7024629,"['노각', '설탕', '소금', '고춧가루', '다진마늘', '고추장', '설탕', '식초', '물엿', '참기름', '깨', '노각', '다진 쪽파', '소금', '고춧가루', '다진마늘', '고추장', '설탕', '참기름', '깨']"
7024628,"['돼지갈비 찜용', '양파', '표고버섯', '새송이버섯', '대파', '파프리카', '고구마', '양파', '통후추', '월계수잎', '통마늘', '미림', '파뿌리', '간장', '양파', '다진 마늘', '올리고당', '설탕', '미림', '생강술', '후추 소량', '통깨']"
7024627,"['블루베리', '중력 밀가루', '설탕', '베이킹파우더', '레몬 제스트', '소금', '우유', '바닐라 익스트랙', '버터', '요거트', '레몬즙']"
7024626,"['닭다리살', '굴소스', '청주', '진간장', '올리고당', '다진 마늘', '후춧가루']"
7024625,"['감자', '소금', '청양고추']"
7024623,"['배추 큰통', '양파', '통마늘', '생강', '쪽파 적당히', '천일염', '홍고추', '고춧가루', '설탕', '새우젓갈', '통깨 적당히']"
7024622,"['밥', '소고기 불고기용', '애호박', '당근', '식용유', '사과', '양파', '마늘', '배', '간장', '설탕', '맛술']"
7024621,"['인삼', '건대추', '매실청', '고추장', '식초', '고춧가루', '참기름', '통깨', '잣 약간']"
7024620,"['황태채', '김장김치', '다진마늘', '해물육수', '썬파', '멸치액젓', '김칫국물', '물']"
7024619,"['오이', '무', '양배추', '설탕', '소금', '피클링스파이스', '월계수잎', '물', '식초']"
7024618,"['새우', '식용유', '파슬리가루', '미림', '소금', '후춧가루', '버터', '꿀', '다진마늘']"
7024617,"['롱 파스타면', '명란', '새우', '양송이', '양파 적당량', '마늘', '버터']"
7024616,"['두릅', '굵은소금', '국간장', '참치액', '참기름', '깨소금', '통깨']"
7024615,"['브로콜리 작은', '새우', '당근', '참기름', '진간장', '후추 약간 ', '전분가루']"
7024614,"['열무', '천일염', '양파', '마늘', '생강 조금', '보리밥', '새우젓', '까나리액젓', '사과', '배', '물', '홍고추', '건고추', '홍고추', '청양고추', '양파', '쪽파', '고추가루', '매실청']"
7024613,"['황태채', '맛살', '마늘', '식용유 약간', '진간장', '굴소스', '식초', '물엿', '깨소금', '후추 약간']"
7024612,"['가자미', '쑥', '물', '된장', '맛술', '새우가루', '황설탕', '소금 약간']"
7024611,"['모닝빵', '슬라이스 햄', '슬라이스 치즈', '토마토', '상추', '머스타드 약간', '마요네즈 약간']"
7024610,"['머위대', '실파', '홍고추', '소금', '들깨가루', '멸치다시마육수', '국간장', '참치액', '들기름', '간마늘']"
7024609,"['오트밀', '캐슈넛', '아몬드슬라이스', '건크랜베리', '설탕', '올리브오일', '메이플시럽', '소금']"
7024608,"['식빵', '마요네즈', '슬라이스햄', '계란', '토마토', '오이', '소금', '체다치즈']"
7024607,"['양상추 취향것', '채소 취향것 (집에 있는것)', '머스타드', '마요네즈', '꿀', '레몬즙', '후추 톡톡 ']"
7024606,"['삼겹살', '김치', '청양고추', '대파', '설탕', '양조간장', '고춧가루', '통깨 소량', '소금 소량', '후추 소량']"
7024605,"['통조림 옥수수콘', '모짜렐라치즈', '양파', '비엔나 소세지', '피망', '미니 파프리카', '파슬리가루 약간', '마요네즈', '황설탕', '후추 약간', '소금']"
7024604,"['계란', '양배추', '냉동새우', '슬라이스 치즈', '당근', '후추 소량', '파슬리 소량']"
7024603,['버터']
7024602,"['오이', '식초', '설탕', '물']"
7024601,['흰다리새우']
7024600,"['감자', '멸치', '디포리', '양파', '대파', '된장', '국간장', '고추장']"
7024599,"['참나물', '오이', '고춧가루', '고추장', '식초', '설탕', '다진마늘', '소금', '참기름', '깨']"
7024598,"['돼지고기 (장조림용)', '간장', '대파', '월계수잎', '양파', '설탕', '간장', '물']"
7024597,"['마른미역', '소고기 (국거리)', '소금', '국간장', '다진마늘']"
7024596,"['당면', '어묵', '시금치', '당근', '대파', '간장', '올리고당', '참기름', '깨']"
7024595,"['무', '소고기 (국거리)', '대파', '고춧가루', '다진마늘', '국간장', '소금']"
7024594,"['콩나물', '무', '다진마늘', '대파', '소금', '물']"
7024593,"['쑥', '냉동 바지락살', '다진 대파', '들깨가루', '침기름', '멸치육수', '재래식 된장']"
7024592,"['현미튀밥 적당량', '구운견과류 적당량', '크렌베리 적당량', '설탕 적당량', '올리고당 적당량', '소금 약간', '식용유', '물']"
7024591,"['김', '밥', '당근', '오이', '어묵', '계란', '맛살', '단무지', '우엉', '올리브 오일 넉넉히', '소금 조금', '깨 넉넉히', '참기름 넉넉히']"
7024590,"['따뜻한 물', '드라이 이스트', '식빵믹스', '식용유', '양파', '식용유', '당면', '간장', '청주', '설탕', '매실청', '후추 약간', '참기름', '물', '부추', '통깨']"
7024589,"['닭다리살', '낙지', '양배추', '대파', '양파', '간마늘', '맛술', '설탕', '참기름', '후춧가루', '통깨']"
7024588,"['가시오가피순', '소금', '간 마늘', '다진 대파', '된장', '액젓', '매실청', '깨소금', '들기름', '참기름', '통깨']"
7024587,"['홍게', '밥', '당근', '양파', '애호박', '쪽파 약간', '굴소스', '참기름', '깨 약간', '김가루 약간']"
7024586,"['엄나무순', '소금', '초장 조금']"
7024585,"['무염버터', '바닐라빈', '흑설탕', '바닐라설탕', '소금', '계란', '중력분', '청크 초코칩', '청크 초코칩 조금 (데코용)']"
7024584,"['백오이', '천일염', '부추', '쪽파 조금', '양파', '배', '다진마늘', '생강 조금', '고춧가루', '액젓', '새우젓', '매실청']"
7024583,"['주꾸미', '양배추', '대파', '양파', '당근', '청양고추', '홍고추', '마늘', '고추장', '고춧가루', '간장', '스테비아', '알룰로스', '후추 약간', '맛술', '참기름', '깨소금 약간']"
7024582,['슬라이스 치즈']
7024581,"['오이', '굵은소금', '올리고당', '식초', '오이지', '다진마늘', '갈은 깨', '고춧가루', '참기름']"
7024580,"['옥수수면', '익은김치', '대파 흰부분', '양파', '당근 조금', '애호박 조금', '사골코인 육수', '식용유', '물', '설탕', '고춧가루', '진간장', '굴소스', '후추 톡톡', '소금']"
7024579,"['애호박', '두부', '표고버섯', '목이버섯', '양파', '청양고추', '집된장 크게', '다시마', '멸치다싯물', '다진마늘']"
7024578,"['취나물', '굵은소금', '집된장', '고추장', '참기름', '깨']"
7024577,"['미나리', '양파', '청양고추', '건새우 크게', '미니파프리카', '전분가루', '물', '소금']"
7024576,"['소갈비', '양파', '당근', '무', '표고버섯', '청양고추', '홍고추', '물', '설탕', '물엿', '맛술', '간장', '다진마늘', '후추 톡톡', '참기름']"
7024575,"['두릅', '부침가루', '달걀', '소금', '홍고추']"
7024574,"['참나물', '다진마늘', '진간장', '참치액', '소금 약간', '참기름', '참깨 약간']"
7024573,"['미역국수 (자연드림 미역국수)', '서리태콩물 (삶은 서리태콩)', '물', '소금', '통깨 (볶은거)', '채썬 오이', '삶은 달걀', '방울토마토']"
7024572,"['양상추', '새싹채소', '방울토마토', '삶은 닭가슴살 ', '채썬 양파 ', '리코타치즈 ', '자색고구마', '시나몬 파우더', '으깬 아보카도', '발사믹', '냉압착 올리브오일', '소금', '레몬즙', '간 양파', '건조 오레가노']"
7024571,"['쑥', '무', '생콩가루', '다진 대파', '쌀뜨물', '멸치', '다시마 약간', '해물동전 육수']"
7024570,"['주꾸미', '미나리', '만가닥 버섯', '청양고추', '대파', '무', '범일간장', '맛술', '고추냉이', '레몬즙 약간 ']"
7024569,"['샌드위치 빵', '잘 익은 아보카도', '호박씨']"
7024568,"['표고버섯', '방울양배추', '당근', '양파', '굴소스', '간장', '올리고당', '참기름', '통깨 조금']"
7024567,"['브로콜리', '들기름', '참치액젓', '진간장', '올리고당', '들깨가루', '간마늘', '통깨']"
7024566,"['계란', '설탕', '박력분', '무염버터', '레몬즙', '바닐라오일 약간', '슈가파우더', '레몬즙', '피스타치오 적당량']"
7024565,"['대파', '모차렐라치즈', '체다치즈', '베트남고추']"
7024564,"['닭다리', '잔파', '양송이버섯', '양파', '통마늘', '통후추', '맛술', '월계수잎', '샐러리', '고춧가루', '국간장', '액젓', '후춧가루 약간', '다진마늘', '고춧가루', '식용유']"
7024563,"['유채나물', '다진파', '마늘', '참치액젓', '들기름', '통깨 약간', '매실']"
7024562,"['방풍나물', '된장', '참치액젓', '들기름', '설탕', '다진파', '다진 마늘', '통깨']"
7024561,"['새우', '대파', '올리브오일', '마요네즈', '스리라차', '레몬즙', '설탕', '파슬리가루 톡톡', '후추 톡톡']"
7024560,"['오이', '물', '식초', '설탕', '소금', '잔파', '통깨', '매운고추피클 (생략가능)']"
7024559,"['엄나무순', '물', '굵은소금', '찬밥', '다진마늘', '액젓', '굵은소금', '고춧가루', '미원', '볶은통깨', '설탕']"
7024558,"['오이', '양파', '고춧가루', '다진마늘', '설탕', '식초', '참깨', '참기름', '액젓']"
7024557,"['마늘쫑', '홍 새우', '올리브오일', '물', '소금', '굴소스', '진간장', '참치액', '맛술', '물엿', '참깨', '참기름']"
7024556,"['떡볶이떡', '양배추', '어묵', '양파', '깻잎', '대파', '고추장', '고춧가루', '설탕', '물엿', '진간장', '다시다', '다진마늘', '물']"
7024555,"['김치', '콩나물', '밥', '멸치육수', '참치액', '김치국물', '설탕', '들기름', '김가루 약간', '통깨 약간']"
7024554,"['사과', '양배추', '당근', '요구르트', '물']"
7024553,"['크래미', '오이', '양파', '파프리카 조금', '마요네즈', '머스터드', '홀그레인머스터드', '설탕', '후춧가루']"
7024552,"['유부초밥', '달걀', '식용유']"
7024551,"['오징어실채', '식용유', '간장', '올리고당', '마요네즈', '깨']"
7024550,"['묵은지', '납작어묵', '떡국떡', '물', '대파', '고추장', '고춧가루', '물엿', '설탕', '진간장']"
7024549,"['엄마손파이', '초콜릿']"
7024548,"['둥근호박', '바지락살', '양파', '감자', '청양고추', '홍고추', '대파', '된장', '고추장', '간장', '고춧가루', '다진마늘']"
7024547,"['무', '쪽파', '소금', '올리고당', '고춧가루', '매실청', '설탕', '멸치 액젓', '새우젓', '다진 마늘', '생강가루 약간', '통깨']"
7024546,"['두부', '계란', '파 조금', '물', '참치액']"
7024545,"['가지', '쌀', '멸치육수팩', '소고기다짐육', '쪽파', '녹말가루', '계란노른자', '참기름', '물', '올리브오일', '진간장', '두반장', '후추 톡톡', '설탕', '참기름', '맛술', '멸치육수', '맛술', '쯔유', '버터']"
7024544,"['삶은 감자', '양파', '파프리카', '김밥용 단무지', '설탕', '식초', '마요네즈', '소금', '후춧가루', '으깬감자', '다진양파', '당근', '단무지', '설탕', '식초', '후춧가루 약간', '마요네즈 소주컵']"
7024543,"['감자', '참치액', '천일염', '대파 넉넉히', '채소육수', '후춧가루 약간만']"
7024542,"['돼지고기 앞다리살', '대파', '월계수잎', '건 생강', '된장 듬뿍', '통마늘', '새우젓']"
7024541,"['알감자', '다시마', '올리고당', '간장', '맛술', '식용유', '참기름', '깨']"
7024540,"['메추리알', '물', '간장', '올리고당', '후추 약간']"
7024539,"['소고기 불고기감', '표고버섯', '새송이버섯', '마늘대', '식용유', '통깨 (약간)', '진간장', '진간장', '설탕', '다진 마늘', '다진 생강', '다진 양파', '잘게 썰은 대파', '후춧가루', '참기름']"
7024538,"['가지', '다진소고기', '베이컨', '두부', '당근', '호박', '모짜렐라치즈', '스파게티소스']"
7024537,"['마늘', '닭가슴살', '올리브오일', '레몬제스트 (레몬', '로즈마리 적당량', '소금 적당량', '후추 적당량', '토마토', '토마토소스 적당량 (생략가능)', '뇨끼 적당량 (생략가능)']"
7024536,"['감자', '계란', '중력분', '소금 적당량', '후추 적당량', '버터 적당량']"
7024535,"['오가피순', '쌈장', '고추장', '올리고당', '들기름', '마늘', '깨소금']"
7024534,"['청양고추', '대파', '간장', '매실청', '청양 고춧가루', '깨']"
7024533,"['계란', '설탕', '꿀 또는 올리고당', '박력분', '레몬제스트', '우유', '무염버터', '바닐라오일', '미림', '계란', '설탕', '레몬즙 (레몬', '레몬제스트', '무염버터', '마스카포네치즈', '생크림', '설탕', '물', '설탕', '레몬즙', '레몬 취향껏', '크림 취향껏']"
7024532,"['목살', '김치', '설탕', '올리고당', '고춧가루', '고추장', '다진마늘', '물', '당근', '양파', '대파']"
7024531,"['소면', '물', '멸치', '참치액젓', '소금', '대파', '계란']"
7024530,"['소면', '냉면육수', '식초', '겨자', '설탕', '닭가슴살', '다진마늘', '설탕', '소금 적당량', '미림', '진간장', '식초', '계란', '후추 적당량', '쌈무', '토마토']"
7024529,"['닭고기', '냉면육수', '소금', '설탕', '당근', '오이', '깨소금', '소면', '참기름', '삶은계란']"
7024528,['항정살']
7024527,"['항정살', '대파', '계란', '후추', '참기름', '깨', '간장', '설탕', '굴소스', '다진마늘', '다진생강', '물']"
7024526,"['라이스페이퍼', '새싹채소', '고추냉이', '쫄면 (밀키트)', '물 ( 따뜻한)']"
7024525,"['양파', '대파', '당근', '계란', '돼지고기 다짐육', '소고기 다짐육', '다진마늘', '소금', '간장', '후추', '밀가루', '식용유']"
7024524,"['바지락', '쌀뜬물', '감자', '양파', '대파', '팽이버섯', '된장', '다진마늘']"
7024523,"['닭', '현미누룽지', '통마늘', '한알 육수', '사골곰국', '소금 조금', '물']"
7024522,"['양파', '감자', '식용유', '춘장', '돼지고기 다짐육', '설탕', '전분', '굴소스', '냉동새우', '당근', '대파', '완두콩', '계란', '소금']"
7024521,"['연두부', '새우', '계란', '시금치', '팽이버섯', '무', '대파', '생강', '다시마', '새우젓', '참치액', '국간장']"
7024520,"['돌미나리', '국간장', '까나리액젓', '참기름', '참깨', '물', '소금']"
7024519,"['메추리알', '소금', '식초']"
7024518,"['시금치', '건새우', '육수', '된장', '마늘', '홍초', '청양초', '고등어', '식용유 약간']"
7024517,"['엄나무순', '자숙문어']"
7024516,"['시금치', '계란', '버터', '소금 적당량']"
7024515,"['마늘쫑', '다진마늘', '간장', '설탕', '참기름', '깨 조금']"
7024514,"['베이비 갑오징어', '새우', '바지락살', '오징어 다이스', '쪽파', '소금', '도토리가루', '부침가루', '물 농도에맞게', '간장', '고춧가루', '다진마늘', '쪽파', '꽃게맛 간장', '멸치액젓', '양조간장', '매실액', '설탕', '현미식초', '볶음깨']"
7024513,"['새송이버섯', '청양고추', '홍고추', '소금', '물', '대파', '진간장', '참치액', '물엿', '참기름', '다진마늘']"
7024512,"['낙지젓갈', '청양고추', '홍고추', '대파', '마늘', '고추가루', '다진마늘', '설탕', '참기름', '깨소금']"
7024511,"['콩비지', '돼지고기 다짐육', '신김치', '양파', '홍고추', '대파', '다진 마늘', '고춧가루', '까나리액젓', '참기름', '동전 육수', '물']"
7024510,"['두부', '무', '양파', '건표고버섯', '대파', '식용유', '들기름', '간장', '고추장', '고춧가루', '맛술', '올리고당', '다진 마늘', '통깨 (약간)', '물']"
7024509,"['달걀', '양파', '대파', '당근', '물', '맛술', '참치액', '소금', '후춧가루 약간', '참기름', '슬라이스 치즈']"
7024508,"['낙지', '전복', '무', '알배춧잎', '대파', '미나리', '새송이버섯', '표고버섯', '홍고추', '멸치다시마육수', '국간장', '다진마늘', '소금 약간']"
7024507,"['4배죽 밥', '닭고기', '단호박', '청경채', '두부']"
7024506,"['꽃게', '콩나물', '대파', '양파', '고추', '청주', '참기름', '물', '전분', '물', '고춧가루', '고추장', '된장', '간장', '멸치액젓', '황설탕', '맛술', '물엿', '다진마늘', '다진생강', '후추 약간']"
7024505,"['눈개승마', '굵은소금', '다진마늘', '고추장', '국간장', '들기름', '깨소금']"
7024504,"['모닝빵', '스틱치즈', '버터', '천일염 약간']"
7024503,"['파스타면', '냉동새우', '아라비아따 소스', '올리브오일', '고추장', '참치액', '면수', '다진마늘']"
7024502,"['호두', '맛간장', '참기름', '올리고당', '통깨']"
7024501,"['양배추', '계란', '소금 조금', '후추 조금', '올리브 오일 넉넉히', '김', '당근라페 넉넉히']"
7024500,"['양배추', '맛살', '양파', '대파', '공기밥', '물', '코인육수', '참치액', '소금 소량', '후추 소량', '감자전분', '물']"
7024499,"['돼지고기', '양배추', '양파', '당근', '참깨 취향껏 ', '참기름 취향껏 ', '간장']"
7024498,"['김밥용김', '계란', '참치액', '당근라페 (당근 중간 사이즈', '당근', '소금', '올리브오일', '홀그레인 머스타트', '레몬즙', '꿀']"
7024497,"['쑥', '베이킹소다', '물', '부침가루', '냉동새우', '소금 약간', '후추 약간', '식용유']"
7024496,"['모짜렐라 치즈', '차전자피 가루', '양파 가루', '마늘 가루', '소금']"
7024495,"['된장', '청국장', '두부', '양파', '대파', '무', '청양고추', '호박', '멸치', '마늘']"
7024494,"['명이나물', '물', '설탕', '매실청', '양조간장', '마늘', '생강', '청양고추', '피클링스파이스', '월계수잎', '식초', '레몬즙', '소주']"
7024493,"['부지깽이나물', '소금 약간', '참치액젓', '다진파', '다진마늘', '참기름', '통깨']"
7024492,"['꽃게', '간장', '매실 쥬스', '맛술', '매실청', '건홍고추', '건대추', '통후추', '계피스틱', '양파', '사과', '생강', '마늘', '파뿌리']"
7024491,"['오이', '참치액젓', '마늘', '설탕', '화이트 발사믹', '건고추']"
7024490,"['부추', '방아잎', '홍합살', '양파', '홍고추', '부침가루', '튀김가루', '물', '달걀', '소금 소량']"
7024489,"['시래기', '감자', '쌀', '국간장', '된장', '다진마늘', '포도씨유']"
7024488,"['냉이', '잔새우', '쌀뜨물', '동전육수', '집된장', '청주', '참치액젓', '다진마늘', '굵은 소금', '대파 약간 ']"
7024487,"['돼지고기', '대파', '마늘', '생강', '양파', '청양고추', '두부', '된장', '고추장', '설탕', '진간장', '설탕', '술', '참기름', '소금', '전분물']"
7024486,"['낙지', '무', '청양고추', '멸치다시마티백', '동죽', '다진마늘', '국간장', '참치액', '미원', '다시다', '소금', '후춧가루 조금']"
7024485,"['양파', '베이컨', '꽈리고추', '쪽파', '간장', '후추 톡톡', '소금 톡톡']"
7024484,"['김치', '참치캔', '양파', '두부', '대파', '코인육수']"
7024483,"['고구마', '당근', '양파', '꽈리고추', '계란', '소금', '후추', '튀김가루', ' ']"
7024482,"['미나리', '미니파프리카', '양파', '초고추장', '깨가루']"
7024481,"['티아시아커리 분말', '두부', '소고기', '감자', '애호박', '양파', '당근', '가지', '양배추', '케일', '오일', '물']"
7024480,"['돼지고기', '익은 김치', '두부', '양파', '대파', '다진 마늘', '새우 젓갈', '진간장', '고춧가루', '식초', '생수', '김치 국물']"
7024479,"['쑥 크게', '된장', '멸치가루', '건새우', '만가닥버섯', '새우젓국물']"
7024478,"['두부', '고추참치', '물', '참치액젓', '진간장', '홍고추', '청고추', '대파', '양파', '들기름', '통깨 약간']"
7024477,"['파스타면', '라면스프', '소금', '파마산치즈가루', '올리브유', '파슬리가루 약간', '그라나파다노치즈 약간', '체다치즈', '우유']"
7024475,"['팽이버섯', '느타리버섯', '배추', '어묵', '숙주', '청경채', '물만두', '소고기 (샤브샤브용)', '멸치 (육수용)', '무', '대파', '물', '국간장', '참치액젓', '소금', '땅콩소스', '칠리소스', '라이스페이퍼', '새싹채소', '양파', '간장', '설탕', '식초', '밥', '계란', '당근', '참기름', '김', '소금']"
7024474,"['식빵 (테두리)', '오일스프레이', '설탕']"
7024473,"['부추', '부침가루', '물', '식용유']"
7024472,"['감자', '올리브유']"
7024471,"['오징어', '부추', '당근 반개', '깨', '물 (오징어 데치기용)', '고춧가루', '고추장', '올리고당', '매실청', '설탕 반스푼', '식초', '다진마늘', '다진생강', '물']"
7024470,"['아롱사태', '대파', '마늘', '생강', '통후추', '맛술', '부추', '간장', '식초', '설탕', '맛술', '고춧가루', '연겨자 조금', '통깨', '소면', '육수']"
7024469,"['부추', '양파', '당근', '곰표부산회 초장', '다진마늘', '참치액', '설탕', '고춧가루', '참기름', '통깨 약간']"
7024468,"['오이', '고추장', '고춧가루', '다진마늘 약간', '통깨', '참기름', '매실액', '쪽파 약간']"
7024467,"['소고기등심', '미역', '참치액젓', '소금', '국간장', '물']"
7024466,"['감자', '계란', '모닝빵', '마요네즈', '홀그레인머스타드', '머스터드', '후추 조금']"
7024465,"['애호박', '양파', '대파', '식용유', '다진마늘', '새우젓', '물', '참기름', '통깨', '소금 (약간)']"
7024464,"['두부', '대패삼겹살', '김치', '마늘 (편마늘)', '들기름', '고춧가루', '설탕', '깨', '물 (두부 데치기용)', '참기름']"
7024463,"['깐메추리알', '소고기', '물', '통마늘', '고추', '간장', '설탕']"
7024462,"['어묵', '당근', '양파', '고춧가루', '다진마늘', '채수', '양조간장', '대게백간장', '맛술', '생강청', '깨소금', '참기름', '파슬리가루']"
7024461,"['봄동', '두부', '국물용 멸치', '다시마', '파', '양파', '물', '다진마늘', '된장', '고춧가루', '참치액젓', '물', '소금']"
7024460,"['스파게티면', '통마늘', '알리오올리오소스', '후추']"
7024459,"['무말랭이', '쌀뜨물', '맛술', '다진마늘', '다진파', '고춧가루', '양조간장', '대게백간장', '조청', '매실액', '생강청', '참기름', '통깨']"
7024458,"['밥', '대파', '햄', '계란', '식용유', '굴소스', '후추']"
7024457,"['식빵', '샌드위치햄', '슬라이스치즈', '계란', '버터', '모짜렐라치즈', '우유', '옥수수콘', '연유', '스리라차소스', '마요네즈', '꿀']"
7024456,"['모닝빵', '달걀', '양배추채', '당근채', '소금', '후추', '버터', '잼', '토마토케첩']"
7024455,"['달래', '오이', '고춧가루', '진간장', '참치액', '식초', '요리당', '참기름', '통깨', '마늘 약간']"
7024454,"['가지', '소고기다짐육', '대파 넉넉히', '양파', '청양고추', '설탕', '맛술', '다진마늘', '진간장', '굴소스', '다진마늘', '설탕', '맛술', '간장', '참기름']"
7024453,"['쪽파', '양파', '당근', '액젓', '고춧가루', '다진마늘', '생강청', '매실액', '조청', '통깨']"
7024452,"['미나리', '보리새우', '부침가루', '튀김가루', '물', '참치액']"
7024451,"['차돌된장찌개팩', '무 조금', '팽이버섯', '두부', '청양고추', '다진마늘', '물']"
7024450,"['생표고버섯', '브로콜리', '소금 약간', '고추장', '간장', '사과식초', '황설탕', '알룰로스', '매실청', '참기름', '깨소금']"
7024449,"['두부', '세발나물', '당근', '양파', '식용유 약간', '전분', '달걀', '참기름', '카레가루', '소금', '후추']"
7024448,"['감자', '네모 어묵', '물', '양조간장', '매실액', '맛술', '조청', '마늘', '후추', '대파', '참기름', '통깨', '검정깨']"
7024447,"['취나물', '국간장', '맛소금', '참기름', '통깨', '소금']"
7024446,"['돌미나리', '돌나물', '발아현미쌀가루', '찹쌀가루', '전분', '채소분말 육수', '소금', '간장', '통깨', '식용유', '참기름', '후추']"
7024445,"['단무지', '파', '고춧가루', '다진마늘', '설탕', '참기름', '참깨 약간']"
7024444,"['쌀', '물', '다시마', '우엉', '당근채', '생표고버섯', '어묵', '닭가슴살', '참기름', '양조간장', '청주', '맛술']"
7024443,"['삶은고사리', '국간장', '참기름', '멸치육수', '들깨가루', '통깨']"
7024442,"['돼지고기', '소고기', '양파', '표고버섯', '마늘', '버터', '밀가루', '우스터 소스', '홀 토마토', '케쳡', '식초', '설탕', '후춧가루', '소금']"
7024441,"['버터', '밀가루', '홀 토마토', '우스터소스', '케첩', '식초', '설탕', '후춧가루 톡톡톡', '소금']"
7024440,"['미나리', '소금', '멸치액젓', '참기름', '맛소금', '통깨']"
7024439,"['우엉', '흑임자', '통깨', '들깨가루', '꿀', '간장', '매실액', '레몬즙', '들기름', '올리브오일']"
7024438,"['머위나물', '소금', '국간장', '참기름', '통깨']"
7024437,"['쪽파', '진간장', '멸치액젓', '고춧가루', '다진 마늘', '매실청', '식초', '통깨']"
7024436,"['닭', '감자 작은 것', '당근', '대파', '청양고추', '물', '맛술', '진간장', '고추장', '고춧가루', '설탕', '맛술', '다진 마늘', '후춧가루 약간', '참기름 약간', '카레가루']"
7024435,"['햄', '계란', '식용유', '케찹']"
7024434,"['건미역', '국거리용 소고기', '물', '들기름', '참치액젓', '국간장', '연두', '다진마늘', '굵은소금']"
7024433,"['두부', '밥', '파', '다진고기', '다진마늘', '당근', '물', '고춧가루', '참기름', '두반장', '간장', '굴소스', '설탕', '전분', '물']"
7024432,"['돈나물', '식초', '고추장', '식초', '설탕', '다진마늘', '통깨']"
7024431,"['냉이', '민들레', '고추장', '고춧가루', '식초', '다진마늘', '참기름', '설탕', '매실액', '통깨', '액젓 약간 (입맛에 맞게 간 맞추기에 사용)']"
7024430,"['계란', '굵은소금', '식초', '양파', '부추', '통깨', '물', '진간장', '설탕', '대파', '양파', '국물용 멸치', '다시마', '파뿌리']"
7024429,"['불린미역', '소고기', '국간장', '송화 소금 조금', '물']"
7024428,"['우엉', '다시마', '간장', '설탕', '식초', '물']"
7024427,"['스팸', '두부', '김치', '마늘대', '청양고추', '식용유', '물', '고춧가루', '참치액', '후춧가루']"
7024426,"['대패삼겹살', '양배추', '양파', '팽이버섯', '다진마늘', '소주', '소금', '후추', '식초', '간장', '설탕', '식초', '물', '참기름', '통깨']"
7024425,"['두부', '간장', '고춧가루', '들기름', '청양고추', '파', '설탕 약간', '간마늘']"
7024424,"['어묵', '양파', '대파', '간장', '고춧가루', '올리고당', '통깨 약간', '물']"
7024423,"['우삼겹', '유부', '누들 떡볶이떡', '고래사종합 어묵 종류별', '양배추채', '삶은계란', '고추장', '고춧가루', '양조간장', '조청', '마라상궈소스', '해물육수', '다진마늘', '썬파', '산초가루', '물']"
7024422,"['소고기', '무', '액젓 (또는 소금)', '잔파', '후춧가루 약간', '다진마늘']"
7024421,"['사각 어묵', '고춧가루', '간장', '액젓', '다진마늘', '다진생강', '올리고당', '참기름', '통깨', '후춧가루', '다진 파']"
7024420,"['오이', '무', '대파', '소금', '다진 마늘', '고춧가루', '액젓', '식초', '설탕', '통깨 약간']"
7024419,"['돼지고기 목살', '양조간장', '맛술', '매실액', '참기름', '다진마늘', '후추', '파채']"
7024418,"['등갈비', '양파', '대파', '진간장', '맛술', '알룰로스', '다진마늘', '물', '후추 적당히']"
7024417,"['스팸', '계란', '다진 파', '식용유', '간장', '마요네즈']"
7024416,"['돼지등심', '소금', '맛술', '간장', '굴소스', '다진마늘', '돈가스소스', '통조림 파인애플', '계란', '샐러드야채 ', '방울토마토']"
7024415,"['어묵', '양파', '피망', '스팸', '간장', '설탕', '올리고당', '고춧가루', '다진 마늘', '대파', '참기름 적당량']"
7024414,"['무설탕 제로 음료수', '곤약분말']"
7024413,"['사과', '양배추', '그릭요거트', '꿀', '레몬즙', '견과류', '건크랜베리']"
7024412,"['무', '작은 당근', '물', '식초', '설탕', '액젓', '베트남 고추', '통후추']"
7024411,"['닭허벅지살', '다진마늘', '설탕', '미림', '간장', '전분가루', '식용유']"
7024410,"['무염버터', '중력분', '설탕', '베이킹파우더', '소금', '달걀', '생크림', '바닐라익스트렉']"
7024409,"['밤', '꿀', '계핏가루']"
7024408,"['식빵', '양파', '삶은계란', '파프리카', '샌드위치햄', '마요네즈', '머스터드', '홀그레인 머스터드', '설탕', '후추 약간']"
7024407,"['신김치', '돼지고기 목살', '양파', '대파', '고춧가루', '다진마늘', '간장', '설탕']"
7024406,"['납작 어묵', '양파', '청양고추', '마늘', '간장', '고춧가루', '다진마늘', '올리고당', '참기름', '깨']"
7024405,"['열무', '쪽파', '소금', '물', '물', '찹쌀가루', '사과', '양파', '홍고추', '고춧가루', '다진마늘', '다진생강', '까나리액젓', '매실액', '깨']"
7024404,"['오이', '소금', '참깨', '올리고당', '식초', '간장', '홀그레인 머스타드', '참기름']"
7024403,"['엿기름', '쌀', '소금', '설탕', '생강 (말린 것)', '단호박']"
7024402,"['닭다리살', '허브맛솔트 톡톡']"
7024401,"['티아시아커리', '스팸', '양파', '감자', '올리브유', '생수']"
7024400,"['닭', '고춧가루', '고추장', '진간장', '생강 조금', '원당', '통마늘', '물', '양파', '당근', '고구마', '무', '청양고추']"
7024399,"['라면', '물', '무채', '다진 마늘', '고춧가루', '원당', '식초', '액젓', '쪽파 조금']"
7024398,"['어묵', '대파', '다진마늘', '고춧가루', '매운고춧가루', '간장', '참치액', '설탕', '올리고당', '참기름', '깨']"
7024397,"['청경채', '샬롯', '마늘', '소금', '된장', '고춧가루', '참치액', '통깨 적당히', '참기름 적당히']"
7024396,"['두부', '알배추', '대파 조금', '계란', '진간장', '식초', '설탕', '물엿', '참기름', '물']"
7024395,"['새우패티', '적양배추 적당량', '피클 적당량', '오징어먹물 빵', '타르타르소스 ']"
7024394,"['두부', '굵은 소금', '배추김치', '들기름', '설탕', '진간장', '참치액', '식초', '통깨 약간']"
7024393,"['당근', '밥', '양파', '다진 돼지고기', '식용유', '간장', '굴소스', '올리고당']"
7024392,"['양송이버섯', '새송이버섯', '팽이버섯', '느타리버섯', '표고버섯', '올리브유', '잣', '마늘', '소금', '후추', '월계수잎', '그라나파다노치즈', '트러플오일', '버터', '밀가루', '양송이', '버섯 페스토', '생크림', '소금', '파슬리가루 약간']"
7024391,"['푸실리 파스타', '냉동새우', '브로콜리', '가지 작은 거', '양파', '마늘', '올리브유', '들깨가루', '소금 약간', '후춧가루 약간', '소금', '식초']"
7024390,"['병아리콩', '소금', '양파', '올리브유', '토마토 캔', '월계수잎', '소금']"
7024389,"['감자', '버터', '파마산치즈 톡톡', '파슬리가루 톡톡', '설탕', '소금']"
7024388,"['부침용 두부', '신김치', '굵은소금', '들기름', '들기름', '설탕', '진간장', '참치액', '통깨 적당량', '밥', '볶음김치', '계란후라이']"
7024387,"['돼지 앞다리살', '감자', '두부', '양파', '묵은지', '어슷썬대파', '홍고추', '사골육수', '물', '후추 톡톡', '고추장', '참치액', '들기름', '다진마늘', '다진생강', '맛술', '새우젓', '소금']"
7024386,"['모둠해물', '목이버섯', '청경채', '양파', '팽이버섯', '대파', '다진마늘', '간장', '참치액젓', '굴소스', '설탕', '참기름', '녹말']"
7024385,"['오이', '부추', '양파', '다진 마늘', '다진 생강', '고춧가루', '새우젓', '까나리액젓', '설탕', '매실청', '굵은소금', '물', '굵은소금', '물', '찹쌀가루']"
7024384,"['4배죽 밥', '시금치', '감자', '양배추', '아기 치즈', '물', '물']"
7024383,"['딸기', '식초', '설탕', '올리고당', '플레인요거트', '딸기청']"
7024382,"['열무', '쪽파', '양파', '물', '소금', '고춧가루', '사과', '양파', '홍고추', '찬밥', '액젓', '매실액', '새우젓', '간마늘', '간생강']"
7024381,"['쪽파', '고춧가루', '멸치액젓', '참치액', '매실청', '올리고당']"
7024380,"['방울토마토', '바질잎', '양파', '올리브오일', '발사믹식초', '레몬즙', '꿀', '소금 약간', '후추 약간']"
7024379,"['머위 순', '소금', '국간장', '참치액', '매실액', '들깨가루', '들기름']"
7024378,"['소고기', '당근 조금', '깻잎', '마늘', '올리브유', '소금', '생강술', '통깨 조금']"
7024376,"['대파', '고춧가루', '진간장', '깨 적당량', '참기름']"
7024375,"['자몽', '설탕', '데미소다 (사이다 또는 탄산수)']"
7024374,['키위']
7024373,"['부추', '계란', '햄', '밥']"
7024372,"['어묵 (종류별로)', '멸치', '다시마', '묵은지 (신김치)', '설탕', '다진마늘', '국간장', '대파']"
7024371,"['샐러리', '파인애플', '양파', '양상추', '오이', '당근', '방울토마토', '브로콜리', '병아리콩', '약콩', '발사믹식초', '올리브오일', '레몬즙']"
7024370,"['달래', '항정살', '다진생강', '고추장', '고춧가루', '참기름', '깨', '매실청', '식초', '설탕']"
7024369,"['토마토', '파프리카', '아보카도', '간장 조금', '연겨자 조금', '김']"
7024368,"['스팸', '계란', '당근', '밥', '식용유', '설탕', '소금', '참기름', '소금', '깨']"
7024367,"['미나리', '냉동 새우', '홍고추', '식초', '부침가루', '튀김가루', '참치액', '물', '양조간장', '식초', '설탕']"
7024366,"['김밥용김', '계란', '오이', '맛살', '메밀면', '쯔유', '들기름', '참치액', '후추 소량', '소금 소량', '쯔유', '양조간장', '물', '와사비 소량']"
7024365,"['단무지', '청양고추', '홍고추', '대파', '다진마늘', '설탕', '참치액젓', '고추가루', '참기름', '깨소금 조금']"
7024364,"['삼잎국화잎', '물', '굵은소금', '맛소금', '다진마늘', '참기름', '볶은통깨']"
7024363,"['등갈비', '김치', '다진마늘', '고춧가루', '간장', '매실청', '들기름']"
7024362,"['전복', '해물알 육수', '물', '간장', '올리고당', '설탕']"
7024361,"['계란', '레몬즙', '설탕']"
7024360,"['미나리', '굵은소금', '된장', '참기름', '깨']"
7024359,"['두부', '당근', '홍감자', '빨강 파프리카', '노랑 파프리카', '사과', '토마토', '느타리버섯', '데친 쑥갓', '카레 블럭']"
7024358,"['메밀면', '소고기 꽃갈비살 조금 (고기류는 취향껏)', '청상추', '크래미', '표고버섯', '꼬마새송이버섯', '당근', '양배추 (야채칸 냉털야채사용하세요)', '옥수수콘', '올리브', '버터', '양파', '발사믹소스', '소금', '후추', '와사비', '마요네즈']"
7024357,"['냉동 동죽', '물', '술', '무 약간', '다진마늘', '청양고추', '홍고추']"
7024356,"['오이지', '고춧가루', '참기름', '매실액', '통깨', '쪽파 넉넉히']"
7024355,"['통밀 밀가루', '알배기배추', '소금 약간만', '들기름 넉넉히', '홍고추']"
7024354,"['동물성 휘핑크림', '밤잼', '설탕', '얼음 적당량', '우유', '에스프레소', '코코아파우더 적당량']"
7024353,"['오이', '양파', '당근', '부추', '쪽파', '고추가루', '액젓', '마늘', '생강 조금', '매실즙', '맛술', '설탕', '통깨 적당히']"
7024352,"['월동무', '소금', '올리브유', '다진마늘', '들깨가루', '참기름 조금', '통깨 조금']"
7024351,"['소면', '계란', '상추', '김치', '참기름', '깨', '고추장', '고춧가루', '설탕', '식초', '간장']"
7024350,"['햄', '당근', '밥', '계란', '식용유', '굴소스', '설탕', '소금', '참기름', '김밥용 김']"
7024349,"['딸기', '우유', '꿀', '물']"
7024348,"['오이', '양파', '부추', '당근', '물', '소금', '까나리 액젓', '다진 마늘', '다진 생강', '고춧가루', '깨']"
7024347,"['삼겹살', '고추장', '간장', '고춧가루', '매실청']"
7024346,"['소불고기', '김밥김', '작은당근', '오이', '깻잎', '단무지', '쌀', '소금', '참기름', '깨', '쌈장', '마요네즈', '레몬즙 살짝', '소고기', '진간장', '배주스', '물', '다진마늘', '참기름', '설탕', '깨', '후춧가루']"
7024345,"['육개장사발면', '계란', '멸치육수', '떡국떡', '만두', '깻잎', '들깨가루', '산초가루', '연두부']"
7024344,"['감자', '계란', '식초', '오이', '허브솔트', '후추', '마요네즈']"
7024343,"[' 박력분', '설탕', '바닐라슈가', '소금', '찬 물', '찬 버터', '계란', '흑설탕', '바닐라슈가', '물엿', '시나몬파우더', '녹인 버터']"
7024342,"['민들레 잎', '물', '간장', '식초', '설탕', '소주']"
7024341,"['돼지고기', '양파', '대파', '고춧가루', '고추장', '고춧가루', '간장', '설탕', '참기름', '맛술', '후춧가루 약간', '요리당', '다진생강']"
7024340,"['소고기', '불고기양념', '양파', '당근', '대파', '진간장', '배주스', '물', '다진마늘', '참기름', '설탕', '깨', '후춧가루']"
7024339,"['명이나물 줄기', '고추장', '고운 고춧가루', '참치액젓', '2배식초', '매실액', '올리고당', '참기름', '통깨']"
7024338,"['가래떡', '설탕 적당량', '시나몬 파우더 적당량']"
7024337,"['쑥', '튀김가루', '식용유 적당량', '소금', '진간장', '식초', '물', '올리고당', '갈은깨']"
7024336,"['토르티야', '양송이', '양파', '모짜렐라치즈 ', '토마토소스 ', '루꼴라 적당량']"
7024335,"['오이', '목이버섯', '홍고추', '식초', '설탕', '소금', '통깨', '다진 마늘']"
7024334,"['오징어', '오이', '무', '당근', '양파', '청양고추', '홍고추', '고추장', '고춧가루', '진간장', '설탕', '매실청', '식초', '다진 마늘', '통깨 약간', '식초', '설탕', '소금', '물']"
7024333,"['쪽파', '꽃게액젓', '고추가루', '참깨', '배즙 음료', '양파', '마늘', '생강', '새우젓', '매실청']"
7024332,"['묵은지', '참치 캔', '대파', '다진 마늘', '들기름', '고춧가루', '설탕', '올리고당', '올리브오일', '물', '통깨']"
7024331,"['오이', '양파', '대파', '다진 마늘', '소금', '고추장', '고춧가루', '설탕', '진간장', '참기름', '식초', '통깨 솔솔솔']"
7024330,"['방풍나물', '멸치액젓', '참기름', '깨소금 약간', '시금치', '멸치액젓', '참기름', '깨소금 약간', '머위', '된장', '참기름', '깨소금 약간']"
7024329,"['호박', '계란', '소금', '식용유 약간']"
7024328,"['도다리', '쑥', '무', '디포리다시팩', '대파', '다진 마늘', '들깨가루', '소금', '참치액']"
7024327,"['방울토마토', '대파', '고춧가루', '설탕', '다진마늘', '액젓', '소금', '참기름', '깨소금']"
7024326,"['진미오징어채', '통깨 약간', '마요네즈', '맛술', '다진마늘', '고추장', '고춧가루', '간장', '올리고당', '물']"
7024325,"['레드비트', '소금', '홀그레인머스터드', '알룰로스', '화이트와인식초', '엑스트라버진 올리브유']"
7024324,"['메추리알', '진간장', '다시마', '물', '설탕', '다진마늘', '참기름']"
7024323,"['오이', '양파', '간장', '식초', '메이플시럽', '고춧가루', '깨 조금', '고추기름 조금']"
7024322,"['우유', '메이플시럽', '미숫가루', '시리얼']"
7024321,"['유부', '당근', '양파', '애호박', '알룰로스', '진간장', '맛술', '소금', '식초', '참기름', '깨', '식용유', '물', '국물용 멸치', '다시마']"
7024320,"['감자', '비엔나소세지', '전분가루', '식용유 넉넉히']"
7024319,"['열무', '얼가리', '감자', '당근', '천일염', '멸치', '다시마', '생수', '마늘', '청양고추', '생강 약간', '양파', '액젓', '맛술', '매실즙', '소금 약간']"
7024318,"['달래', '홍 진미채', '국간장', '고춧가루', '식초', '매실청', '다진 마늘', '통깨 약간']"
7024317,"['우엉', '식초', '호두 조금', '아몬드 조금', '원당', '진간장', '참기름', '꿀', '통깨']"
7024316,"['사태', '물', '양파', '통마늘', '통후추', '생강', '대파', '엄나무 (그밖에 냄새제거에 좋은 재료)', '참치액젓', '맛술', '부추', '팽이버섯', '참소스', '소면 (이나 밥)']"
7024314,"['양배추', '스팸', '홍파프리카', '피자치즈', '파슬리가루 약간', '계란', '부침가루', '소금 약간', '후춧가루 약간', '물']"
7024313,"['돼지고기', '한재 미나리', '통마늘', '청양고추', '대파', '진간장', '고추장', '고춧가루', '설탕', '올리고당', '굴소스', '맛술', '다진 마늘', '다진 생강', '참기름 약간', '후춧가루 약간']"
7024312,"['볶은 양배추', '계란', '돈까스 소스 적당량', '가쓰오부시 적당량 (가다랑어포)']"
7024311,"['참나물', '소금', '갈은깨', '들기름', '다진마늘', '소금']"
7024310,"['식빵', '계란', '당근', '딸기잼', '사각치즈', '슬라이스 햄', '식용유', '설탕', '소금']"
7024309,"['잡채용 돼지고기', '파프리카', '통마늘', '양파', '식용유', '고추기름', '꽃빵', '계란 흰자', '간장', '소금', '전분', '후추', '간장', '굴소스', '설탕']"
7024308,"['대패삼겹살', '부추', '단무지', '밥', '김밥용 김', '참기름', '깨', '소금', '진간장', '국간장', '국간장', '설탕']"
7024307,"['돼지고기 불고기 양념육', '불린 흰목이버섯', '모둠쌈', '대파', '마늘쫑', '마늘', '간장', '참기름']"
7024306,"['찬밥', '계란', '대파', '당근', '파프리카', '굴소스', '소금', '후추', '간장']"
7024305,"['고등어', '김치', '고추가루', '설탕', '파', '마늘', '청양고추', '말린 생강', '물', '통조림국물']"
7024304,"['국수', '찐 계란', '김치국물 ', '설탕', '참기름', '깨소금']"
7024303,"['당근', '양배추', '방울토마토', '상추', '다진 불고기 취향껏', '라이스페이퍼', '올리브유', '칠리소스 (땅콩소스)']"
7024302,"['비빔면', '골뱅이캔', '대파', '고추가루 (고추장)', '참기름', '깨소금']"
7024301,"['열무김치', '두부', '밥', '고추장', '참기름', '매실액 (닷맛 필요시 추가)']"
7024300,"['김', '참치캔', '밥', '상추', '계란', '참기름 (들기름)', '깨소금', '소금']"
7024299,"['미니 단호박', '찹쌀밥', '물', '소금', '설탕']"
7024298,"['열무김치', '청국장 (건더기만 이용)', '밥', '참기름 (들기름)', '고추장', '돼지고기 (앞다리살)', '고추장', '고추가루', '파', '마늘', '미림', '설탕 (매실액)', '후추가루']"
7024297,"['큰 네모 유부', '깨소금', '당근 (볶은)', '밥', '참기름']"
7024296,"['가지', '다진 돼지고기', '양파', '다진 쪽파', '고춧가루', '식용유', '두반장', '진간장', '다진 마늘', '맛술', '설탕']"
7024295,"['생닭', '소스', '물', '당면', '당근', '양파', '파', '마늘', '청양고추']"
7024294,"['밥', '장조림', '당근', '들기름', '깨소금', '검은깨']"
7024293,"['베노프 핑거팝 고단백 과자', '냉동 닭가슴살', '통마늘', '다진마늘', '허브솔트 조금', '생강가루 조금', '미림', '파슬리가루', '파마산치즈가루 ']"
7024292,"['우유', '찐고구마', '검은깨', '땅콩', '피칸', '꿀']"
7024291,"['오징어젓 갈', '무', '청양고추', '마늘', '쏭쏭 썬 쪽파', '설탕', '식초', '고춧가루', '통깨', '참기름']"
7024290,"['햄 (2줄양)', '계란', '맛살', '마늘쫑무침 조금', '흑미밥', '들기름', '깨소금']"
7024289,"['계란', '물', '대파 조금', '소금', '새우젓', '참치액']"
7024288,"['계란', '맛살', '당근 조금 (볶은)', '소금', '계란', '소고기', '당근 조금 (볶은 )', '팽이버섯 조금']"
7024287,"['단호박', '마요네즈', '홀그레인머스터드', '건포도']"
7024286,"['가지', '까나리액젓', '간장', '고추가루', '참기름', '파', '간마늘', '깨소금']"
7024285,"['미역 (불린미역 국그릇으로 한 그릇정도)', '물', '참치액', '국간장', '간마늘']"
7024284,"['돼지고기', '신김치', '당면', '라이스페이퍼', '참치액', '참기름', '후추가루']"
7024283,"['돼지고기', '완자', '신김치', '삶은 당면', '참치액', '후추가루']"
7024282,"['잡채', '김치', '밥', '깨소금', '계란']"
7024281,"['김치', '밥', '냉동 삼겹살', '모짜렐라치즈', '굴소스']"
7024280,"['깻잎', '계란', '부침가루', '돼지고기', '두부', '당근', '대파', '간마늘', '미림', '부침가루', '소금', '후추가루']"
7024279,"['호박', '부침가루', '계란', '소금 조금']"
7024278,"['동태', '부침가루', '계란', '기름']"
7024277,"['햄', '맛살', '대파', '계란']"
7024275,"['볶은 당근', '계란', '소금', '모짜렐라치즈 (체다치즈)']"
7024274,"['건미역', '감자', '들깨가루', '양파', '쌀뜨물', '까나리액젓', '들기름', '소금']"
7024273,"['크로와상 생지', '우유 적당량', '무염버터', '설탕', '소금', '인스턴트커피', '물', '계란', '박력분', '아몬드 슬라이스 적당량']"
7024272,"['오이지', '얼음', '홍고추', '설탕', '식초', '쪽파 조금', '양파']"
7024271,"['대추 방울토마토', '바게트 빵', '바질', '양파', '가염버터', '올리고당', '올리브오일', '다진 마늘', '파슬리 약간', '올리브오일', '올리고당', '레몬즙', '발사믹비네거', '소금 소량']"
7024270,"['새우', '양송이버섯', '통마늘', '치커리 조금 (선택사항)', '베트남 고추', '버터', '올리브오일', '화이트 와인', '소금 약간', '후추 약간']"
7024268,"['두릅', '소금', '초고추장 (시판용)', '통깨']"
7024267,"['밥', '김밥김', '불고기', '당근', '크래미', '오이', '달걀', '깻잎']"
7024266,"['화이트커버춰', '무염 버터', '계란', '설탕', '박력 밀가루', '말차가루', '소금']"
7024265,"['밥', '계란', '진간장', '물', '참기름', '부추', '통깨']"
7024264,"['오이지', '생수', '설탕', '식초', '검은깨 약간만']"
7024263,"['리챔', '신라면', '물', '두유', '고추기름']"
7024262,"['명란', '무', '생강', '쑥갓', '배추 적당량 (or 청경채)', '대파', '맛술', '으깬 마늘', '고춧가루', '고춧가루', '굴소스', '참치액']"
7024261,"['닭고기', '감자', '고구마', '양파', '대파', '당근', '새송이버섯', '떡볶이떡', '물', '진간장', '맛술', '설탕', '물엿', '굴소스', '마늘']"
7024260,"['달걀', '밥', '맛소금', '양파', '진간장', '쯔유', '맛술', '물엿', '물']"
7024259,"['쑥갓', '두부', '소금', '국간장', '까나리 액젓', '참기름', '참깨', '물', '소금']"
7024258,"['닭가슴살', '고사리', '표고버섯', '대파', '양파', '청양고추', '다진 마늘', '고춧가루', '국간장', '까나리액젓', '치킨스톡', '참기름', '닭 육수', '물', '물', '소주', '대파', '양파', '생강', '통후추']"
7024257,"['건고사리', '소금']"
7024256,"['머위잎', '된장', '고추가루', '국간장', '매실청', '마늘', '들기름', '깨']"
7024255,"['국수', '표고버섯', '앙송이버섯', '새송이버섯', '느타리버섯 조금', '청양고추', '홍고추', '대파 조금', '마늘', '소고기 안심 조금', '다진마늘', '간장', '고추가루', '참치액젓', '굴소스', '후추가루 조금']"
7024254,"['참나물', '양파', '사과', '고춧가루', '간장', '식초', '황설탕', '매실액', '다진마늘', '참기름', '통깨 약간']"
7024253,"['식용꽃', '찹쌀가루', '물', '소금', '식용유 넉넉히', '꿀 취향껏 (뿌려먹는 용)']"
7024252,"['감태', '밥', '건조마늘가루', '참기름', '소금', '마요네즈', '된장', '들기름', '건조마늘', '청양고추']"
7024251,"['꽃게', '무', '감자', '양파', '대파', '말린 홍고추', '고추가루', '마늘', '소주', '맛선생']"
7024250,"['식빵', '바질 페스토', '양배추 넉넉히 (라페)', '계란', '올리브 오일 적당히', '파슬리가루 넉넉히']"
7024249,"['통삼겹살', '연근', '대파', '마늘', '청양고추', '양조간장', '스끼야끼 간장', '설탕', '소주', '물', '물', '소주', '된장', '월계수잎']"
7024248,"['우엉', '연근', '양조간장', '설탕', '맛술', '매실청', '물', '액젓', '올리고당', '참기름', '참깨']"
7024247,"['파스타면', '엔쵸비', '올리브', '마늘', '양파', '바질페스토', '치킨스톡', '엑스트라버진 올리브유']"
7024246,"['쪽파', '다진마늘', '고춧가루', '액젓', '설탕', '다시다', '미원']"
7024245,"['계란', '생크림', '소금', '파슬리 조금 (건파슬리 가능)', '치즈', '버터', '식용유 조금']"
7024244,"['두부', '햄', '양파', '부추 약간 (쪽파)', '물', '녹말', '된장', '간장', '맛술', '연두', '참기름', '후춧가루 약간', '다진마늘 약간']"
7024243,"['밥', '다진소고기', '가지', '양파', '애호박', '버터', '굴소스']"
7024242,"['토종 오리', '생수 (오리가 푹 잠길만큼)', '통마늘', '엄나무', '녹두', '찹쌀']"
7024241,"['바나나', '식빵', '계란', '설탕', '우유', '버터']"
7024240,"['가시상추', '간장', '설탕', '고춧가루', '참기름', '다진마늘', '볶은통깨', '가시상추', '액젓', '고춧가루', '설탕', '굵은소금', '다진마늘', '볶은통깨', '굵은소금']"
7024239,"['돼지고기 (앞다리살 오겹살)', '양파', '대파', '마늘', '생강', '통후추', '된장', '진간장', '맛술', '월계수잎', '사과', '파뿌리', '물']"
7024238,"['다시마채', '굵은소금', '양파', '액젓', '고춧가루', '매실액', '원당', '참기름', '통깨 조금']"
7024237,"['시래기나물', '대파', '청양고추', '감자', '멸치다시마육수', '된장', '고춧가루', '다진 마늘', '들깨가루', '소금 약간']"
7024236,"['두부', '참치캔', '양파', '청양고추', '고추장', '알룰로스', '생들기름']"
7024235,"['아보카도', '토마토', '양파', '베트남 고추절임 약간 (핫소스나 스리라차소스를 넣어도 된다)', '레몬즙', '소금 약간', '후춧가루 약간']"
7024234,"['국수면', '다진김치', '계란', '당근', '애호박', '조미김', '맛소금', '참치액젓']"
7024233,"['또띠야', '아보카도', '토마토', '샐러드채소 (각종샐러드야채)', '닭다리살', '옥수수캔', '새우 (그밖의냉장고재료)', '소금', '후추', '양파', '올리브오일']"
7024232,"['감자', '달래', '청양고추', '다진마늘', '멸치액젓', '코인육수', '후추 약간']"
7024231,"['감자', '양파', '대파', '홍고추', '청양고추', '물', '식용유', '고추장 듬뿍', '고춧가루', '간장', '참치액', '올리고당', '맛술', '다진 마늘', '후춧가루 약간']"
7024230,"['배추', '물', '굵은소금', '무', '배', '사과', '양파', '마늘', '생강', '홍고추', '소금', '멸치액젓', '생수', '고추씨 약간', '대파']"
7024229,"['식빵', '버터', '올리고당', '파슬리가루 약간', '시나몬 가루 약간 (생략 가능)']"
7024228,"['열무', '얼갈이', '소금', '육수', '불린 보리', '다진마늘', '건고추', '액젓', '새우젓', '매실', '양파', '고춧가루']"
7024227,"['동물성 휘핑크림', '마스카포네치즈', '알룰로스', '얼음 적당량', '우유', '초코쿠키 시럽', '에스프레소', '코코아파우더 적당량', '레이디핑거쿠키']"
7024226,"['닭다리살', '진간장', '설탕', '고춧가루', '올리고당', '케첩', '고추장', '후추', '떡볶이떡']"
7024225,"['두부', '새우', '달걀', '참치액젓', '후추 약간', '참기름', '소금 약간']"
7024224,"['방울토마토', '어린잎채소', '슬라이스 블랙올리브', '슈레드치즈', '물', '식초', '베이킹소다', '바질', '올리브오일', '발사믹식초', '다진양파', '꿀']"
7024223,"['쑥', '된장', '육수', '고춧가루', '콩고물', '천일염']"
7024222,"['떡국떡', '사각어묵', '멸치육수', '대파', '우삼겹', '소금', '고추장', '설탕', '다진마늘', '국간장', '올리고당']"
7024221,"['식빵', '무염버터', '계란', '우유', '가는소금', '설탕 넉넉히']"
7024220,"['신김치', '콩나물', '두부', '대파', '멸치육수', '고춧가루', '국간장', '멸치액젓', '다진마늘', '굵은소금', '후추 조금']"
7024219,"['쑥', '물', '소금', '식초']"
7024218,"['버터', '설탕', '달걀', '박력분', '베이킹파우더', '소금', '바닐라익스트랙', '생크림']"
7024217,"['오이', '양파', '쪽파', '홍고추', '고춧가루', '매실청', '설탕', '새우젓', '까나리액젓', '다진마늘', '참기름', '참깨', '소금', '설탕', '식초']"
7024216,"['닭', '마늘', '대추', '대파', '양파', '월계수잎', '파뿌리']"
7024215,"['호두', '설탕', '물', '올리고당', '소금', '식용유', '아몬드']"
7024214,"['풋마늘', '소금', '통깨', '참기름 (들기름)', '고추장', '식초', '매실청']"
7024213,"['오트밀', '닭가슴살', '물', '다진마늘', '대파', '소금', '후추']"
7024212,"['돌나물', '양파', '식초', '다진마늘', '고추장', '고춧가루', '간장', '설탕', '식초', '참기름', '통깨']"
7024211,"['데친 두릅', '물', '간장', '식초', '설탕', '소주']"
7024210,['가리비']
7024209,"['김치', '베이컨', '튀김가루', '물', '고춧가루 약간', '설탕 (선택)']"
7024208,"['레몬', '설탕']"
7024207,"['시금치', '건새우', '두부', '멸치육수', '된장', '다진마늘', '참치액', '고춧가루 약간 (선택)']"
7024206,"['어묵', '당근', '청양고추', '김밥김', '밥', '다진마늘', '참깨', '간장', '올리고당', '참기름']"
7024205,"['가래떡', '어묵', '대파', '육수', '고추장', '요리당', '설탕', '간장', '고추장', '요리당', '설탕', '간장']"
7024204,['두릅']
7024203,"['만두', '물']"
7024202,"['깻잎', '스팸', '당근', '양파', '두부', '계란', '표고버섯', '꼬마새송이버섯', '튀김가루 약간 (또는 부침가루)', '소금', '후추']"
7024201,"['소고기 다짐육', '두부', '소금', '대파', '설탕', '간장', '맛술', '다진마늘', '후추', '참기름', '간장', '맛술', '설탕', '참기름', '후추', '물', '통깨']"
7024200,"['밥 크게', '단무지', '샌드위치용 햄', '깻잎', '슬라이스치즈', '김밥용 김', '소금', '참기름', '깨소금']"
7024199,"['두부', '소금', '설탕', '다진마늘', '간장', '고춧가루', '참기름', '다진파', '물']"
7024198,"['양배추', '올리브유', '소금']"
7024197,"['두부', '스팸', '애호박', '새송이버섯', '양파', '간장', '멸치액젓', '고추가루', '고추장', '올리고당', '다진마늘', '들기름', '물']"
7024196,"['우삼겹', '모둠야채', '두부', '된장', '조개멸치육수', '다진마늘', '물']"
7024195,"['명이나물', '참치캔', '흰밥', '마요네즈', '맛소금 약간', '검은깨 약간', '당근 꽃 약간']"
7024194,"['눈개승마', '대파', '말린 표고버섯', '양파', '고추기름', '표고불린 물', '마른 다시마', '다진마늘', '국간장', '고춧가루', '참기름', '설탕', '까나리 액젓', '꽃소금', '후춧가루 약간']"
7024193,"['베이글', '베이컨', '쪽파', '마스카포네치즈 ', '소금', '후추']"
7024192,"['소고기 안심', '계란', '밥', '적겨자잎', '적상추', '적양배추', '케일', '스낵당근', '샬롯', '진간장', '쪽파', '마늘', '참기름']"
7024190,"['어린 머위잎', '물', '진간장', '식초', '설탕', '소주', '매실액']"
7024189,"['당근', '양배추', '굵은소금', '다진마늘', '올리브유', '식초', '설탕', '고춧가루']"
7024188,"['삼겹살', '대파', '양파', '청양고추', '홍고추', '맛소금 조금', '후추 조금', '다진생강', '고추가루', '간장', '설탕', '참치액젓', '참기름', '소금']"
7024187,"['호박', '방울토마토', '계란', '실파', '식용유', '소금', '토마토케첩', '통깨 약간']"
7024186,"['감자', '호박', '양파', '된장', '육수', '마늘', '홍초', '돼지고기', '양파', '토마토', '청양초', '마늘', '맛술', '후추 약간', '고추장', '매실진액', '참기름', '깨소금 약간']"
7024185,"['계란', '실파', '미니파프리카', '식용유', '소금', '진달래꽃 ', '동백꽃 잎 약간']"
7024184,"['낙지', '양파', '당근', '대파', '마늘', '베트남고추', '생강', '올리브유', '간장', '황설탕', '후추 약간', '깨소금']"
7024183,"['찬밥', '파인애플링', '칵테일새우', '버터', '식용유', '전분', '청주', '소금', '후추 약간', '꿀', '간장', '굴소스', '식초']"
7024182,"['세발나물', '소금', '고추장', '양조간장', '다진마늘', '참기름', '황설탕', '깨소금 약간']"
7024181,"['라면', '대파', '김밥김', '소금']"
7024180,"['자숙꼬막', '밥', '상추', '김가루 적당히', '참기름', '깨 적당히', '국간장', '진간장', '맛술', '다진마늘', '청양고추', '홍고추', '청고추', '다진파', '참치액젓', '매실액', '참기름', '깨 조금']"
7024179,"['닭', '양파', '당근', '고구마', '당면', '대파', '청양고추', '물', '두반장', '쌍노 두유', '닭요리 소스', '굴소스', '물엿', '설탕', '다진마늘', '후추 조금', '깨소금 조금']"
7024178,"['모든 버섯 먹을만큼', '대파', '다진마늘', '체다치즈', '모짜렐라', '굴소스', '토마토소스']"
7024177,"['당근', '초고추장', '볶은 들깨']"
7024176,"['고구마', '식용유']"
7024175,"['크래미', '껍질 벗긴 오이', '통밀빵', '양상추', '그릭요거트', '와사비', '알룰로스']"
7024174,"['부추', '상추', '간장', '설탕', '다진마늘', '참기름']"
7024173,"['양배추', '레몬', '화이트 발사믹', '메이플 시럽', '홀그레인 머스터드', '후추 조금']"
7024172,"['양배추', '베이컨', '부추', '계란', '부침가루', '소금 약간', '가다랑어포 약간', '마요네즈 약간', '돈가스소스 약간', '파슬리가루 약간']"
7024171,"['팽이버섯', '고추장', '간장', '생강청', '매실액', '들기름']"
7024170,"['아보카도 적당량', '레몬 약간', '올리브유 약간']"
7024169,"['쌀떡볶이', '어묵', '봉 어묵', '식혜 국물', '고추장', '고춧가루', '매실액', '생강청']"
7024168,"['새송이버섯', '구워먹는치즈 약간']"
7024167,"['열무', '얼갈이 배추', '굵은소금 적당량', '고추', '양파', '다진마늘', '고춧가루', '올리고당', '설탕', '참치액젓', '밀가루', '물 적당량']"
7024166,"['두릅', '초고추장 적당히']"
7024165,"['두부', '들기름', '소금', '후추', '곱창 돌김', '달래', '진간장', '고춧가루', '매실청', '참기름', '통깨']"
7024164,"['채 썬 양배추', '채 썬 당근 약간', '쪽파', '계란', '식용유', '가쓰오부시 약간 (생략 가능)', '멸치 액젓', '후춧가루 약간']"
7024163,"['닭', '감자', '당근', '납작당면', '양파', '볶음춘장', '설탕', '고춧가루', '후추', '다진마늘']"
7024162,"['무염버터', '계란흰자', '설탕', '꿀', '바닐라오일 적당량', '아몬드가루', '박력분', '팥앙금', '무염버터 적당량']"
7024161,"['콩나물', '소고기', '쌀', '물', '달래', '청양고추', '간장', '고춧가루', '설탕 조금', '참기름', '통깨']"
7024160,"['쑥', '식초', '밀가루', '찬 물', '부침가루', '멸치 액젓', '물', '진간장', '식초', '올리고당', '홍고추', '청양고추']"
7024159,"['신라면', '토마토주스', '계란', '물', '소세지']"
7024158,"['달래', '청양고추', '양조간장', '고춧가루', '설탕', '참기름', '통깨']"
7024157,"['잔멸치', '호두', '마늘', '올리브오일', '마요네즈', '맛술', '물엿', '진간장', '참깨', '참기름']"
7024156,"['식빵', '슬라이스체다치즈', '소시지', '달걀', '빵가루', '케찹 적당량', '허니 머스타드 적당량', '설탕 적당량']"
7024155,"['진미채', '고추장', '진간장', '다진마늘', '물엿', '마요네즈', '참기름', '참깨', '맛술']"
7024154,"['닭다리', '양파', '다시마', '간장', '설탕', '다진마늘', '물']"
7024153,"['김밥김', '밥', '오이', '계란', '크래미', '올리브오일 적당량', '참기름', '설탕', '식초', '소금', '소금', '설탕', '식초', '마요네즈', '허니머스타드', '와사비', '맛술', '소금', '설탕']"
7024152,"['멸치육수', '감자', '생표고버섯', '두부', '된장', '알배추', '냉동 꽃게 다리']"
7024151,"['표고버섯', '양파', '다진마늘', '진간장', '굴소스', '올리고당', '참기름', '통깨', '식용유']"
7024150,"['돼지고기 통앞다리살', '양파', '당근', '대파', '설탕', '고춧가루', '고추장', '진간장', '다진마늘', '매실액', '맛술', '올리고당', '깨소금', '참기름', '후추 조금', '식용유']"
7024149,"['꽈리고추', '부침가루', '고춧가루', '간장', '올리고당', '매실액', '다진마늘', '참기름', '통깨', '대파']"
7024148,"['고구마', '물']"
7024147,"['달걀', '물']"
7024146,"['닭다리살', '소금', '후추', '대파', '홍고추', '청고추', '전분가루', '물', '우유', '맛술', '다진마늘', '간장', '올리고당', '설탕', '맛술']"
7024145,"['사과', '셀러리', '물', '레몬즙', '꿀']"
7024144,"['묵은기', '멸치육수', '멸치', '다진마늘', '된장', '원당']"
7024143,"['엄나무순', '된장', '고춧가루', '올리고당', '국간장', '다진 마늘', '참기름', '통깨']"
7024142,"['오리 로스', '간장', '매실청', '맛술', '설탕', '올리고당', '다진 마늘', '고춧가루', '고추장', '생강가루', '후춧가루', '대파', '양파', '청양고추', '당근', '팽이버섯', '물', '참기름', '통깨']"
7024141,"['엄나무순', '소금', '초고추장']"
7024140,"['김치', '스팸', '대파', '계란', '간장', '통깨 약간', '설탕', '소금']"
7024139,"['돼지고기 안심', '계란', '꽈리고추', '월계수잎', '팔각', '통후추', '소주', '물', '진간장', '노추', '맛술', '꿀', '설탕']"
7024138,"['꽈리고추', '잔멸치', '포도씨유', '마늘', '설탕', '양조간장', '맛술', '물', '올리고당', '참기름 약간', '깨소금 약간']"
7024137,"['옥수수 캔', '빨강 파프리카', '노랑 파프리카', '양파', '식초', '마요네즈', '설탕', '소금', '후추 약간']"
7024136,"['6쪽 식빵', '버터 적당량', '생크림 적당량', '메이플 시럽', '슈거 파우더 적당량']"
7024135,"['통삼겹살', '사과', '대파', '양파', '통마늘', '물', '맛술', '진간장', '월계수잎']"
7024134,"['열무', '고춧가루', '간마늘', '소금', '액젓', '파 약간', '설탕', '식초']"
7024133,"['양파', '청양고추', '마늘', '대파', '대파뿌리 (또는 양파껍질 있으면 넣기)', '간장', '소금', '알배기배추', '청경채', '숙주', '미나리', '팽이버섯', '쭈꾸미']"
7024132,"['고수', '식초', '설탕', '물', '소금', '통후추']"
7024131,"['느타리버섯', '청양고추', '육수', '간장', '올리고당', '맛술', '참기름', '깨']"
7024130,"['감자', '밀가루', '물', '소금', '설탕']"
7024129,['늙은호박']
7024128,"['무', '들기름', '다진마늘', '참치액', '물', '굵은소금']"
7024127,"['명란젓', '애호박', '양파', '나박썬무', '대파', '청량고추', '다진마늘', '고추가루', '물', '코인육수', '새우젓']"
7024126,"['도토리묵', '김치', '설탕', '들기름', '대파', '양파', '다진마늘', '간장', '고춧가루', '설탕', '들기름', '통깨']"
7024125,"['세발나물', '양파', '고추가루', '참소스', '통깨', '참기름']"
7024124,"['돼지고기 다짐육', '김치', '청국장', '애호박', '양파', '무', '대파', '느타리버섯', '두부', '홍고추', '멸치육수', '들기름', '설탕 약간', '다진마늘', '고춧가루', '참치액']"
7024123,"['오이', '양파', '된장', '다진마늘', '갈은깨', '올리고당', '참기름']"
7024122,"['팽이버섯', '맛살', '계란', '식용유', '케찹']"
7024121,"['냉장 돼지등뼈', '시래기', '대파', '청양고추', '깻잎', '들깨가루', '월계수잎', '통후추', '소주', '고추가루', '된장', '국간장', '멸치액젓', '미림', '다진마늘', '다진생강', '후춧가루 톡톡', '다시다', '맛소금']"
7024120,"['액상 커리', '방울양배추 적당량', '양파 적당량', '양송이', '그라나파다노 치즈 적당량']"
7024119,"['돼지고기 앞다리살', '대파', '양파', '팽이버섯', '청양고추', '마늘', '진간장', '설탕', '다진마늘', '굴소스', '후추 적당량', '사과식초']"
7024118,"['무', '굵은 소금', '물', '무', '양파', '새우젓', '멸치액젓', '고춧가루', '매실청', '물엿']"
7024117,"['우삼겹', '깻잎', '롤유부초밥', '마끼 김', '곤드레 볶음밥', '소금 조금', '반달 단무지', '무말랭이무침', '멸치볶음', '견과류 조림']"
7024116,"['소고기 양지', '건미역', '다진 마늘', '국간장', '까나리액젓', '소금', '들기름', '물']"
7024115,"['양배추', '청양고추', '물', '설탕', '식초', '레몬즙', '매실청', '소주', '마늘', '생강', '월계수잎', '피클스파이스']"
7024114,"['소불고기', '당근', '대파', '양파', '마늘', '배', '양파 작은거', '흰대파', '간장', '맛술', '매실액', '설탕', '후추 약간 ']"
7024113,"['불린미역', '전복', '참기름', '맛술', '다진마늘', '쌀뜨물', '국간장', '들깨가루']"
7024112,"['로메인 상추', '국간장', '까나리액젓', '참기름', '참깨']"
7024111,"['감자', '양파', '고수', '루꼴라', '식용유', '들기름', '소금 조금', '통깨 살짝']"
7024110,"['비엔나 소세지', '양파', '통 마늘', '케첩', '굴소스', '올리브오일', '올리고당', '쪽파 약간 (고명용)', '통깨 솔솔솔', '물']"
7024109,"['새우', '청양고추', '홍고추', '마늘', '견과류', '간장', '설탕']"
7024108,"['소고기 양지', '무', '다진 마늘', '대파', '동전 육수', '국간장', '까나리액젓', '소금 약간', '참기름', '물']"
7024107,"['오이', '양배추', '오렌지', '소금 약간', '오렌지즙', '디종머스타드', '식초', '땅콩버터', '머스타드', '소금', '후추']"
7024106,"['사각어묵', '밥', '김밥김', '오이', '당근', '식용유 약간', '소금 약간', '소금 약간', '참기름', '깨소금 약간', '소금', '물', '식초', '황설탕']"
7024105,"['소고기불고기', '눈개승마 나물', '쌀국수', '대파', '양파', '간장', '고추가루 크게', '마늘', '참기름', '맛술', '설탕', '후추 톡', '간장', '마늘', '참기름', '후추 톡']"
7024104,"['두부', '참치', '양파', '대파', '물', '진간장', '다진마늘', '새우젓', '설탕', '후춧가루 약간', '들기름']"
7024103,"['새송이버섯', '부침가루', '달걀', '홍고추', '쑥갓', '소금 약간']"
7024102,"['두부', '캔참치', '양파', '대파', '고춧가루', '진간장', '간마늘', '참치액', '설탕', '코인육수', '물']"
7024101,"['김치', '참치', '들기름', '고춧가루', '설탕']"
7024100,"['과일무', '물', '식초', '와사비', '소금 약간 (0.5t)']"
7024099,"['닭가슴살', '꽈리고추', '통마늘', '아보카도 오일', '양조간장', '다진 마늘', '양파당', '오레가노', '물', '통깨']"
7024098,"['조기', '무', '고추가루', '진간장', '고추가루', '홍청양 고추', '생수', '대파 작은 것', '진간장', '맛술', '마늘', '참기름', '설탕', '후추 톡톡']"
7024097,"['바나나', '계란', '핫케이크가루', '설탕', '땅콩잼', '코코아가루']"
7024096,"['재래식 김', '양파', '참기름', '진간장', '까나리액젓', '쪽파 조금', '통깨 조금']"
7024095,"['월동 배추', '무', '쪽파', '굵은소금', '고추가루', '까나리액젓', '새우젓 크게', '설탕', '통깨 넉넉하게']"
7024094,"['아귀', '가오리 살', '콩나물', '청양고추', '대파', '양파', '생강술', '고추장', '고춧가루', '진간장', '원당', '다진 마늘', '참기름', '통깨', '전분', '물']"
7024091,"['올리브오일', '메이플시럽', '레몬즙', '디종머스터드']"
7024090,"['고춧가루', '물', '찹쌀 조청', '소금', '찹쌀 장밀', '분말 메주']"
7024089,"['양배추', '달걀', '소금 약간', '올리브유 약간', '토마토소스', '모짜렐라치즈 약간', '방울토마토', '시금치 잎 약간', '그릭요거트 약간']"
7024088,"['대저토마토', '설탕', '레몬즙 취향껏 (시판용)']"
7024087,"['양배추', '당근', '사과', '물']"
7024086,"['꽈리고추', '통깨', '고춧가루', '진간장', '참치액젓', '마늘', '파', '참기름']"
7024085,"['케일', '블루베리', '물', '프로틴 파우더']"
7024084,"['방풍나물', '참치액젓', '다진마늘', '참기름', '통깨 적당히']"
7024083,"['두부', '양파', '당근', '대파', '청양고추', '계란', '부침가루', '소금', '후춧가루 약간', '식용유']"
7024082,"['얼음 적당량', '우유', '바닐라시럽', '에스프레소']"
7024081,"['묵은김치 양껏', '동전육수', '쌈장', '들기름', '대파', '다진마늘', '원당', '통깨']"
7024080,"['항정살', '양배추', '대파', '새송이버섯', '통깨 약간', '파슬리가루 약간', '소금', '후춧가루', '다진 마늘', '진간장', '맛술', '올리고당']"
7024079,"['볶음 땅콩', '마카다미아', '호두', '맛간장', '조청', '물', '검은깨']"
7024078,"['식빵', '계란', '우유', '버터', '소금', '설탕']"
7024077,"['시금치', '국간장', '소금 약간', '참기름', '통깨', '실고추 약간', '대파 약간']"
7024076,"['감자', '삶은계란', '양파', '당근', '오이 살짝 (또는 샐러리)', '마요네즈', '머스터드', '설탕', '후춧가루 살짝', '소금']"
7024075,"['불고기용 양껏 (또는 목살 또는 다진고기)', '대파', '양파', '다진 마늘', '양배추', '표고버섯 조금 (제외가능)', '물', '진미 춘장', '식용유', '굴소스', '원당', '감자전분', '물']"
7024074,"['깻잎', '대파', '양파', '당근', '홍고추', '청양고추', '간장', '고춧가루', '다진마늘', '다진생강', '참기름', '깨']"
7024073,"['냉이', '다진 마늘', '다진 파', '고추장', '된장', '참기름', '깨']"
7024072,"['무', '쪽파 조금', '소금', '고춧가루', '다진 마늘', '설탕', '다진 생강', '깨']"
7024071,"['대구살', '달걀', '청양고추', '부침가루', '식용유', '후춧가루 약간', '소금 약간']"
7024070,"['감말랭이', '우유', '무가당 휘핑크림', '소금', '설탕', '식물성오일', '박력분 밀가루', '베이킹파우더']"
7024069,"['냉동오징어', '양파', '당근', '표고버섯', '부추', '계란', '부침가루', '감자전분', '가는 소금', '후추가루 아주조금', '해바라기유']"
7024068,"['월동무', '햇 양파', '백오이', '청양고추', '월계수잎', '진간장', '양조식초', '설탕', '물']"
7024067,"['국수소면', '열무김치국물 넉넉히', '설탕', '소금 약간', '삶은계란', '채소육수', '통깨', '얼음 넉넉히']"
7024066,"['어묵', '크래미', '파프리카', '부침가루', '계란']"
7024065,"['닭가슴살', '밥', '계란', '당근', '브로콜리', '마늘', '간장', '굴소스', '후추']"
7024064,"['견과류 믹스', '카레가루', '버터', '다진 마늘', '청양고추', '즉석밥', '식용유']"
7024063,"['미니 바게트', '베이컨', '슬라이스 치즈', '루꼴라 적당량', '양파 적당량', '파프리카 적당량', '마요네즈 적당량', '홀스레디쉬 적당량']"
7024062,['양송이 적당량']
7024061,"['저염 백명란', '계란', '미림', '파 (파란부분)', '참기름']"
7024060,"['식빵', '로메인 상추', '대저 토마토', '고수 + 루꼴라 싹', '계란후라이', '체다치즈', '크림치즈', '블루베리쨈', '딸기쨈', '홀그레인 머스타드소스 약간']"
7024059,"['소고기', '쑥갓', '소금', '소금', '오일', '참기름', '후추 약간']"
7024058,['블루베리 적당량']
7024057,"['비엔나소시지', '마늘', '양파', '피망', '노란 파프리카', '토마토소스', '식용유', '파슬리가루']"
7024056,"['명란젓갈', '무', '애호박', '두부', '대파', '청양고추', '홍고추', '멸치 다시마 육수', '간 마늘', '액젓']"
7024055,"['건식 찹쌀가루', '뜨거운 물', '딸기', '연양갱', '설탕', '소금', '전분가루']"
7024054,"['쪽파', '깨소금', '맛소금', '시판 김가루', '참기름', '통깨']"
7024053,"['두릅', '소금', '간 마늘', '설탕', '식초', '고추장', '통깨']"
7024052,"['소고기', '배', '오이', '무순 조금', '마늘', '통깨', '진간장', '올리고당', '참기름', '고추장', '후춧가루 조금']"
7024051,"['불린궁채', '대파 썬것', '다시마육수', '홍고추', '국간장', '참치액', '다진마늘', '거피들깨가루', '포도씨유', '들기름']"
7024050,"['눈개승마', '쌀가루', '소금', '다진 대파', '마늘', '매실청', '된장', '고추장', '들기름', '참기름', '깨소금', '통깨']"
7024049,"['오이', '사과', '달래', '청양고추', '홍고추', '고춧가루', '다진마늘', '참치액', '고운 소금', '통깨', '매실청', '식초', '비정제 설탕']"
7024048,"['신 김치', '스팸', '두부', '고춧가루', '참치액', '다진마늘', '비정제 설탕', '통깨', '들기름', '식용유', '검은깨 조금', '참기름']"
7024047,"['부추', '냉동 오징어', '당근', '양파', '부침가루', '물', '까나리액젓', '식용유 적당히 (포도씨유)', '진간장', '물', '식초', '통깨 약간']"
7024046,"['대파', '양파', '멸치액젓', '설탕', '고춧가루', '새우젓']"
7024045,"['오이', '소금', '으깬 통깨', '진간장', '설탕', '식초', '올리브유']"
7024044,"['콩나물', '보리쌀', '흰쌀', '물', '소고기 다짐육', '다진 쪽파', '다진 청양고추', '다진 홍고추', '간장', '고춧가루', '다진 마늘', '참기름', '통깨', '물', '간장', '맛술', '올리고당', '다진 마늘', '후추 약간']"
7024043,"['참나물', '양파', '당근 약간', '고춧가루', '진간장', '멸치 액젓', '매실청', '식초', '다진 마늘', '통깨', '참기름']"
7024042,"['당면', '시금치', '당근', '양파', '표고버섯', '소금', '소금', '올리브오일', '올리브오일', '진간장', '황설탕', '참기름', '통깨 솔솔솔', '후추 톡톡톡', '돼지고기', '다진 마늘', '진간장', '참기름', '후추 톡톡톡', '물']"
7024041,"['소고기', '계란', '소금', '부침가루', '홍고추', '올리브유', '진간장', '참기름', '후추', '진간장', '물', '식초', '홍고추 약간', '통깨 약간']"
7024040,"['밥', '낫또', '간장소스', '삶은계란', '무순 조금', '김가루 조금']"
7024039,"['돼지고기앞다리살', '돼지고기목살', '양파', '새송이버섯', '당근', '대파', '스테비아', '진간장', '고운고춧가루', '고추장', '간마늘', '큐브 생강', '소주', '후추', '올리고당', '참기름', '통깨']"
7024038,"['식빵', '맛살', '오이', '슬라이스햄', '머스타드 약간', '마요네즈', '디종 머스타드', '와사비', '황설탕', '후추', '소금']"
7024037,"['참비름나물', '소금', '된장', '다진마늘', '가는소금', '참기름', '깨소금 약간']"
7024036,"['어묵바', '슬라이스치즈', '케첩 약간', '마요네즈', '꿀', '와사비', '후추 약간']"
7024035,"['명엽채', '식용유', '물엿', '맛술', '간장', '마요네즈', '통깨 약간']"
7024034,"['짠지', '설탕', '들기름', '마늘', '다진 대파']"
7024033,"['소고기', '감자', '당근', '양파', '미니파프리카', '샐러리', '다진마늘', '홀토마토', '토마토 페이스트', '버터', '레드와인', '치킨스톡', '소금 약간', '후추 약간', '황설탕']"
7024032,"['쪽파', '고추가루', '찹쌀풀국', '다진마늘', '까나리액젓', '새우젓', '설탕', '통깨']"
7024031,"['달래 ', '백명란', '새송이버섯 (짜투리 생략가능)', '들기름', '파스타면', '맛술']"
7024029,"['당근채', '양파', '올리브오일', '소금 조금', '카레', '물', '토마토', '양배추', '브로컬리 (데친)', '토마토소스', '물', '밥']"
7024028,"['감자', '당근', '양파', '토마토', '마늘', '소금 조금', '고추장', '토마토소스', '발사믹식초', '대파', '참기름 (또는 올리브오일)', '검은깨']"
7024027,"['무짠지', '고춧가루', '참기름', '매실액', '쪽파 약간', '통깨']"
7024026,"['당근채', '소금', '애플사이다비니거', '매실액', '꿀', '레몬즙 (선택)']"
7024025,"['두부', '참치캔', '피넛버터', '된장', '고추장', '다진마늘', '올리고당', '후추가루 아주조금', '참기름', '통깨 조금']"
7024024,"['달걀', '물', '소금', '맛술', '다진파 조금']"
7024023,"['큰 당근', '소금', '고춧가루', '현미식초', '매실액', '생강청', '다진마늘', '깨소금', '검은깨']"
7024022,"['당근', '소금', '물 조금', '양파', '김치양념', '다진파']"
7024021,"['돼지갈비', '간장', '청주', '고춧가루', '참기름', '매실청', '설탕', '후추', '다진 마늘', '대파', '청양고추', '물', '감자', '당근', '떡볶이 떡']"
7024020,"['우삼겹', '대파', '양파', '감자', '마늘', '청양고추', '된장', '고춧가루']"
7024019,"['아삭이고추', '된장', '대파', '마늘', '들기름', '물엿', '통깨 적당']"
7024018,"['두부', '간장', '메이플시럽', '물', '치킨스톡', '식초', '다진마늘', '대파 조금 (흰부분)', '양파', '청양고추', '깨 넉넉히']"
7024017,"['연어대가리', '맛소금', '후추', '레몬즙', '양파', '진간장', '쯔유', '맛술', '설탕', '물엿', '물']"
7024016,"['아몬드가루', '중력분', '계란', '아몬드', '다크초콜릿', '버터', '흰설탕', '흑설탕', '베이킹파우더', '베이킹소다', '소금']"
7024013,"['애호박', '계란', '밀가루', '소금', '맛술', '후춧가루 약간']"
7024012,"['공기밥', '계란', '식용유', '크래미', '간장', '깨소금', '참기름']"
7024011,"['김', '참기름', '들기름', '소금']"
7024010,"['크래미', '콘옥수수', '마요네즈', '케첩', '후추', '통깨', '파슬리가루']"
7024009,['참깨']
7024008,"['무', '대파 조금 (또는 쪽파)', '들기름', '물', '다시마', '소금', '다진생강', '깨']"
7024007,"['원추리 나물', '물', '소금', '집간장', '고추가루', '다진 대파', '마늘', '들기름', '통깨 적당']"
7024006,"['핫도그', '스위트콘', '피자치즈', '케첩', '마요네즈', '파슬리가루 약간']"
7024005,"['통오징어', '삼겹살', '양파', '당근', '소면', '미니새송이버섯', '다진대파', '고추가루', '고추장', '맛술', '굴소스', '다진마늘', '매실액', '간장']"
7024004,"['갈치', '식용유', '간장', '설탕', '다진마늘', '고춧가루', '참기름', '볶은통깨']"
7024003,"['쌀 + 기장', '물', '당근', '무', '참기름', '다진 파', '다진 마늘', '파프리카', '청양고추', '고추가루', '통깨', '참기름']"
7024002,"['닭가슴살', '양배추', '양파', '당근', '토마토퓨레', '물', '카레가루', '무염 버터', '월계수잎', '소금', '후추']"
7024001,"['채썬 양배추', '채썬 당근', '채썬 사과', '소금', '올리브오일', '홀그레인머스터드', '레몬즙', '애플사이다비니거', '꿀 취향것 (선택재료)']"
7024000,"['시금치', '쌀뜨물', '다시마', '무', '된장', '국간장', '소금 (간맞추기)', '고춧가루', '대파']"
7023999,"['파스타면', '새우', '베이컨', '양파', '다진마늘', '양송이버섯', '우유', '슬라이스치즈', '케첩', '고춧가루', '아보카도유', '라면스프 약간', '소금 약간', '카레가루']"
7023998,"['염장미역', '쌀뜨물', '다시마', '채소분말 육수', '당근', '무', '마늘', '국간장', '소금 (간맞추기)']"
7023997,"['시금치', '굵은소금', '소금', '참기름', '깨소금', '통깨']"
7023996,"['깐도라지', '굵은소금', '물', '물', '채소분말 육수', '대게백간장', '참기름', '들깨가루 수북이', '깨소금', '통깨']"
7023994,"['우리밀 소면', '양조간장', '매실액', '다진마늘', '참기름', '들기름', '깨소금', '검정깨', '참깨', '쌈채소', '소금', '후추', '올리브오일', '발사믹 ']"
7023993,"['땅두릅', '소금', '곰표 장아찌간장소스 ']"
7023992,"['마스카포네치즈', '설탕', '계란노른자', '바닐라오일 약간', '동물성 휘핑크림', '뜨거운 물', '에스프레소', '핑거쿠키', '데코화이트 적당량', '코코아파우더 적당량']"
7023991,"['양배추 당근 사과', '소금', '마요네즈', '올리브오일', '애플사이다비니거', '레몬즙', '꿀 취향것 ']"
7023990,"['참나물', '다진마늘', '소금', '액젓', '참깨', '참기름']"
7023989,"['숙주나물', '물', '식초', '소금', '후추', '양조간장', '식초', '물', '와사비 취향것 ']"
7023988,"['조선 무', '큰 당근', '소금', '고춧가루', '다진마늘', '현미식초', '매실액', '다진파', '통깨']"
7023987,"['계란', '분홍소시지 넉넉히', '쪽파 넉넉히', '소금 약간만']"
7023986,"['돌미나리', '물', '양조간장', '식초', '설탕', '레몬즙', '소주', '피클링스파이스', '고추씨']"
7023985,"['알배추', '양파', '계란', '간장', '후추']"
7023984,"['푸실리', '알룰로스 시럽', '알룰로스 가루', '검은깨', '시나몬가루']"
7023983,"['달래', '깐 꼬막', '진간장', '참기름', '고추가루', '통깨', '마늘']"
7023982,"['냉동 화이트루', '크루통', '볶은 들깨가루', '올리브오일', '조개육수', '버터 큐브', '하프앤하프 크림', '양파', '감자', '샐러리', '당근', '생 파슬리 찹', '베이컨', '냉동 바지락 살', '크루통', '파슬리 찹', '들깨가루', '올리브오일']"
7023981,"['양배추', '오이', '고추가루', '꽃게액젓', '배즙 음료', '양파', '마늘', '생강', '새우젓', '매실청', '통깨', '굵은 소금']"
7023980,"['멸치 다시마 육수', '소고기 등심', '감자', '애호박', '된장', '쑥갓', '두부', '대파', '청양고추', '물', '다시마', '손질 멸치']"
7023979,"['닭', '한약재 재료', '찹쌀', '통마늘', '물 많이', '굵은소금']"
7023978,"['당근채', '양배추채', '사과', '시금치', '양파', '당면', '물', '다진마늘', '소금 조금', '후추 조금', '식용유 조금', '매실액', '양조간장', '참기름', '통깨']"
7023977,"['국수', '설탕', '간장', '참기름', '계란노른자', '다진대파 약간', '통깨 약간']"
7023976,"['황금배추', '세발나물', '양파', '굵은소금', '고춧가루', '액젓', '다진마늘', '생강청', '매실액', '새우젓국물 (간맞추기)', '통깨']"
7023975,"['세발나물', '고추장', '고춧가루', '간장', '멸치액젓', '식초', '올리고당', '다진마늘', '참기름']"
7023974,"['돼지고기', '양파', '대파', '버섯 적당량', '마늘', '매운 홍고추', '쯔유', '맛술', '설탕', '소금', '후추', '밥']"
7023973,"['바나나', '계란', '설탕', '우유', '버터', '박력 쌀가루', '베이킹파우더', '소금', '바닐라 익스트랙', '시나몬 파우더']"
7023972,"['소고기', '무 조각', '참치액젓', '소금', '다진마늘', '참기름']"
7023971,"['물 적당량', '식초', '밀가루']"
7023970,"['한우 우둔살', '무', '대파', '불린 토란대', '미나리', '물', '코인육수', '새우젓국물 (간맞추기)', '고춧가루', '국간장', '다진마늘', '참기름', '현미유', '국간장', '고춧가루', '고추장', '다진마늘', '참기름']"
7023969,"['콩나물', '김치', '고춧가루', '소금', '간마늘', '청양고추', '대파', '육수']"
7023968,"['멸치육수', '콩나물', '두부', '알배추', '국간장', '액젓', '다진마늘', '굵은소금', '대파', '후추 조금']"
7023967,"['감자', '양파', '간장', '후추 약간', '통깨 약간', '고추', '올리고당']"
7023966,"['파김치', '부추김치', '석박지 무 조금', '생표고버섯', '배춧잎', '두부', '쌀뜨물', '채소분말 육수', '다진마늘', '고춧가루', '대파']"
7023965,"['건더덕취', '쌀뜨물', '양파', '국간장', '양조간장', '맛술', '물', '채소분말 육수', '다진마늘', '다진파', '깨소금', '들깨가루', '참기름', '들기름', '통깨']"
7023964,"['박력분', '무염버터', '물', '가는소금', '계란']"
7023963,"['진미채', '당근채', '고추장', '고춧가루', '쌀조청', '다진마늘', '매실액', '참기름', '검정깨', '참깨']"
7023962,"['방울토마토', '바질', '양파', '올리브오일', '발사믹식초', '레몬즙', '꿀', '소금']"
7023961,"['무말랭이', '다시마 우린 물', '멸치액젓', '진간장', '물엿', '고춧가루', '설탕', '통깨', '다진마늘']"
7023960,"['팽이버섯', '베이컨', '식용유', '다진마늘', '굴소스', '소금', '후추 조금']"
7023959,"['한재 미나리', '진미채', '양파', '당근 조금', '다진마늘', '액젓', '대게백간장', '매실액', '통깨']"
7023958,"['돼지고기 앞다리살', '돌미나리 적당량', '양파', '양배추', '대파', '다진마늘', '생강청', '현미유 (식용유)', '참기름', '통깨', '후추', '양조간장', '고추장', '고춧가루', '매실액', '맛술', '당근잼']"
7023957,"['달걀', '식초']"
7023956,"['고구마', '사과', '마요네즈', '올리브오일', '소금', '후추', '꿀', '계피']"
7023955,"['표고버섯', '꽈리고추', '양파', '대파 흰 부분', '홍고추', '굴소스', '진간장', '참치액', '다진마늘', '알룰로스', '맛술', '통깨', '참기름', '식용유', '후추 조금']"
7023954,"['황태채', '참기름', '새우젓', '해물육수', '물', '고춧가루', '썬파', '두부', '손만두', '황태 해장국', '연두부', '계란', '참기름', '전분물 농도에맞게']"
7023953,"['땅두릅', '물', '간장', '식초', '매실액', '설탕']"
7023952,"['닭다리', '대파', '양파', '물', '월계수잎', '통후추 약간', '통마늘', '무', '후추 약간', '소금']"
7023951,"['참치캔', '삶은달걀', '옥수수', '다진양배추', '홀그레인머스터드', '마요네즈', '식빵', '당근라페', '청상추', '잼', '크림치즈']"
7023950,"['그레나딘 시럽', '진저에일 가득', '민트잎 약간', '라임즙', '꼭지 체리']"
7023949,"['멸치', '꽈리고추', '간장', '비정제 설탕', '물엿', '참기름', '통깨']"
7023948,"['잔멸치', '하루견과', '고추청', '생강청', '쌀조청', '통깨']"
7023947,"['냉이 데친 것', '대파 썬 것', '쌈장', '다진 마늘', '참치 액', '매실청', '참기름', '깨 간 것', '굵은소금', '식초']"
7023946,"['신 김치', '캔 참치', '김치 국물', '다시마 육수', '대파', '고춧가루', '비정제 설탕', '다진 마늘', '참치 액']"
7023945,"['진미채', '고춧가루', '고추장', '간장', '마요네스', '올리고당', '미림', '다진 마늘', '대파', '식용유']"
7023944,"['쌀뜨물', '다시마', '채소분말 육수', '생표고버섯', '감자', '양배추', '애호박', '양파', '두부', '된장', '고추장', '대파', '풋고추']"
7023943,"['계란', '명란젓', '다진파', '갈은깨', '참기름', '물', '식용유']"
7023942,"['미나리', '감자', '무', '마늘', '청양고추', '홍고추', '소금', '뉴슈가']"
7023941,"['봄동', '고춧가루', '간장', '설탕', '올리고당', '식초', '미림', '통깨', '소금', '다진 마늘']"
7023940,"['쑥', '새우', '자숙소라', '양파', '두부', '양송이버섯', '송송썬 대파', '멸치육수팩', '물', '된장', '쌈장', '표고버섯가루', '들깨가루', '들기름', '참치액', '맛술', '다진마늘']"
7023939,"['달래', '청양고추', '진간장', '고춧가루', '깨', '설탕', '간마늘', '참기름']"
7023938,"['도라지', '오이', '쪽파 조금', '참기름', '통깨', '고추장', '고춧가루', '다진 마늘', '매실청', '올리고당', '식초']"
7023937,"['감자', '맛소금 조금']"
7023936,"['쪽파', '홍고추', '양파', '참치액젓', '고추가루', '다진마늘', '설탕', '참기름', '깨소금']"
7023935,"['얼음', '무향 탄산수', '설탕', '레몬 원액']"
7023934,"['생닭', '마늘', '수삼', '대파 흰 부분', '누룽지', '소금 약간', '후추 약간']"
7023933,"['고구마', '송이버섯', '청양고추', '통마늘', '육수', '맛술', '물엿', '간장', '고추장', '고추가루', '후춧가루']"
7023932,"['방울토마토', '우유', '꿀']"
7023931,"['양송이버섯', '감자', '슬라이스 치즈', '양파', '다진소고기 약간', '우유', '버터']"
7023930,"['닭', '양파 조금', '물', '대파', '무', '느타리버섯', '숙주', '양파', '다진 마늘', '고춧가루', '집간장', '참기름']"
7023929,"['손질한 시래기', '된장', '무', '양파', '청양고추', '다진 마늘', '멸치', '물', '원당']"
7023928,"['민들레', '대파', '사과', '양파', '고추가루', '멸치액젓', '매실청', '마늘']"
7023927,"['건미역', '소고기 국거리용', '참기름', '다진 마늘', '집간장', '까나리액젓', '물']"
7023926,"['땅두릅', '고추장', '고춧가루', '물엿', '마늘', '만능간장', '참깨']"
7023925,"['등갈비', '새송이버섯', '대파', '양파', '통마늘', '통후추', '양조간장', '고춧가루', '설탕', '고추장', '미림', '다진마늘', '다진 생강 약간', '후추 약간']"
7023924,"['식빵', '파슬리가루 약간', '버터', '설탕', '물', '올리고당', '다진마늘']"
7023923,"['딸기', '스테비아', '우유']"
7023922,"['돼지고기 앞다리살', '다진 생강', '청주', '양파', '대파', '마늘쫑', '양조간장', '설탕', '물', '고춧가루', '참기름', '두반장', '통깨 약간']"
7023921,"['눈개승마', '물', '소금', '고추장', '대파 송송', '마늘', '들기름', '통깨', '진간장', '참치액젓', '들기름', '대파 송송', '마늘', '통깨 적당']"
7023920,"['새우', '오징어링 (먹고 싶은 만큼)', '부침가루', '빵가루', '물', '식용유']"
7023919,"['밥', '간장', '소금', '건조 마늘가루', '참기름', '통깨 약간', '감태', '된장', '마요네즈', '들기름', '통깨', '청양고추', '건조 마늘가루']"
7023918,"['새우', '대파', '스리라차소스', '마요네즈 듬뿍', '레몬즙', '설탕', '파슬리 약간', '후추 약간']"
7023917,"['대파', '고춧가루', '다진마늘', '액젓', '매실액']"
7023916,"['라면', '공깃밥', '들기름', '달걀', '후추 약간', '물', '통깨 약간']"
7023915,"['떡볶이떡', '스팸', '대파', '양파', '물', '식용유', '통깨 약간', '고춧가루', '다진 마늘', '고추장', '간장', '설탕', '식초']"
7023914,"['닭고기', '떡국떡', '대파', '양파', '양배추', '어묵', '소금 조금', '후추 조금', '통깨 조금', '고추장', '간장', '고춧가루', '다진 마늘', '올리고당', '물']"
7023913,"['로투스잼', '에스프레소', '얼음 적당량', '우유', '바닐라아이스크림', '코코아파우더 약간', '로투스']"
7023912,"['소면', '브로콜리', '오이', '계란', '범일콩된장', '피넛버터', '간장', '알룰로스', '참기름', '설탕', '식초', '다진 마늘', '고추기름']"
7023911,"['우유', '요거트']"
7023910,"['당근', '무우', '소금', '원당', '식초', '참기름']"
7023909,"['스팸', '두부', '다진대파', '멸치육수', '고춧가루', '다진마늘', '진간장', '설탕', '고추장', '참기름']"
7023908,"['멸치육수', '냉동 시금치', '두부', '표고버섯', '된장', '연두', '대파']"
7023907,"['시금치', '대파', '다진 마늘', '진간장', '참기름', '통깨 약간 ']"
7023906,"['돼지목살', '진간장', '설탕', '굴소스', '맛술', '다진마늘', '간양파', '배음료', '참기름']"
7023905,"['소고기', '달걀', '찹쌀가루', '식용유', '소금', '후추 (넉넉히)', '간장', '물', '식초', '설탕']"
7023904,"['삼겹살', '양파', '당근', '양배추', '카레 여왕', '물', '돈까스 소스', '케첩', '후추 적당량']"
7023903,"['쑥갓', '튀김가루', '계란', '물', '카놀라유']"
7023902,"['무', '치자 열매', '물', '소금', '설탕', '식초']"
7023901,"['다진 쇠고기', '달걀', '치즈', '시금치', '우엉', '당근', '배추김치 잎', '김밥용김', '밥', '식용유', '통깨', '소금 약간', '참기름', '다진 마늘', '참기름']"
7023900,['족발']
7023899,"['돼지고기 다짐육', '두부', '대파', '청경채', '홍고추', '청양고추', '물', '고추기름', '고춧가루', '식용유', '두반장', '굴소스', '치킨스톡', '다진 마늘', '다진 생강', '전분', '물']"
7023898,"['두릅', '물', '소금', '고추장', '식초', '설탕']"
7023897,"['곤약면', '고형 짜장', '다진 고기', '양배추', '애호박', '양파', '맛술', '매운 굴 소스', '물', '통깨 약간', '식용유']"
7023896,"['라면', '스팸', '계란', '신 김치', '물']"
7023895,"['줄줄이 비엔나', '사각어묵', '통깨 약간', '고춧가루', '스리라차 칠리소스', '올리고당', '간장', '후추']"
7023894,"['(손질된} 소라살', '오이', '양파', '깻잎', '고추장', '설탕', '식초', '고추가루', '매실청', '마늘', '통깨', '만능간장', '맛술', '참기름', '마늘', '후추 톡톡톡']"
7023893,"['오이고추', '쌈장', '마요네즈']"
7023892,"['족발', '거피 녹두', '마늘', '사골육수', '물', '맛술', '후추 톡톡', '소금', '다진쪽파 적당량']"
7023888,"['콩나물', '봉 어묵', '양파', '대파', '청양고추', '홍고추', '진간장', '굴소스', '고추장', '고춧가루', '설탕', '맛술', '다진 마늘', '후춧가루', '참기름', '통깨', '물']"
7023887,"['물', '에스프레소', '인스턴트 커피', '설탕', '깔루아 적당량', '마스카포네', '헤비크림', '계란 노른자', '설탕']"
7023884,"['떡국떡', '떡볶이떡', '대파', '멸치육수', '고추가루', '고추장', '간장', '설탕']"
7023883,"['북어채', '마요네즈', '참기름', '통깨', '고추장', '올리고당', '고추가루', '설탕', '물', '다진마늘']"
7023882,"['애호박', '새송이버섯', '청양고추', '참치액', '부침가루', '물']"
7023881,"['세발나물', '소금', '국간장', '참치액', '다진마늘', '매실액', '참기름', '통깨']"
7023880,"['절단꽃게', '새우', '냉동모둠해물', '애호박', '양파', '표고버섯', '청양고추', '썬파', '된장', '다진마늘', '고춧가루', '조개멸치 육수', '물']"
7023879,"['계란', '설탕', '레몬 제스트 적당량', '레몬즙', '무염 버터', '우유', '중력분', '베이킹파우더', '소금']"
7023878,"['대파', '청양고추', '고추장', '고춧가루', '다진마늘', '미림', '후춧가루 소량', '올리고당', '간장', '들기름', '들깨가루', '미나리 (또는 부추)']"
7023877,"['어린 머위대', '소금']"
7023876,"['두릅', '다진대파', '다진마늘', '콩가루 크게', '찹쌀가루', '진간장', '참치액', '올리고당', '매실액', '참기름', '고춧가루']"
7023875,"['대패삼겹살', '숙주', '간장', '다진마늘', '굴소스', '소금', '참기름', '통깨']"
7023874,"['적채', '양배추', '소금', '옥수수전분']"
7023873,"['양파', '대파', '청양고추', '리챔', '굵은고춧가루', '다진 마늘']"
7023872,"['알배추', '콩나물', '육수', '고추장', '된장', '다진마늘', '고춧가루', '액젓']"
7023871,"['순두부', '계란', '육수', '멸치액젓', '부추 약간']"
7023870,"['애호박', '당근', '멸치액젓', '육수', '식용유', '마늘', '참기름', '깨소금 약간', '깻잎', '양파', '당근', '고추지 간장', '진간장', '고춧가루', '마늘', '참기름', '깨소금 약간', '어묵', '당근', '청양초', '간장', '육수', '쌀조청', '식용유', '마늘', '참기름', '깨소금 약간', '멸치', '땅콩가루', '고추청', '진간장', '식용유', '마늘', '참기름', '깨소금 약간', '콩나물', '시금치', '멸치액젓', '마늘', '참기름', '깨소금 약간']"
7023869,"['콩고기', '카레 분말', '양파', '당근', '애호박', '청양고추', '버터', '소금', '간장 조금', '다진마늘 조금', '설탕 조금', '미림 조금', '참기름 조금']"
7023868,"['사과', '오이', '단감', '오렌지', '건포도', '아몬드', '파슬리가루', '마요네즈', '황설탕', '소금']"
7023867,"['애호박', '감자', '두부', '양파', '청양고추', '홍고추', '대파', '다진 마늘', '된장', '쌈장', '다시팩', '쌀뜨물']"
7023866,"['양송이 버섯', '양파', '마늘', '버터', '치즈가루', '쌀', '소금 (간맞추기용)', '후춧가루 톡톡톡', '생크림', '우유', '티백육수', '감태', '호두', '올리브']"
7023864,"['밀가루 적당량', '두부 적당량', '검은깨 ']"
7023863,"['세발나물', '참깨', '마늘가루', '참기름', '아기소금']"
7023862,"['핫도그', '토마토소스', '피자치즈']"
7023861,"['감자', '갈릭시즈닝 (또는 치즈가루)', '우유', '마요네즈', '허니머스터드', '갈릭파우더', '꿀', '슬라이스치즈', '크림치즈']"
7023860,"['열무', '얼갈이', '천일염', '쪽파', '양파', '홍고추', '마늘', '밥', '새우젓', '액젓', '고추가루', '매실청']"
7023859,"['달래', '양파', '느타리버섯', '표고', '능이버섯', '두부', '집 된장 크게', '마늘', '다시용 멸치', '다시마']"
7023857,"['호밀빵', '딸기잼', '슬라이스 치즈', '우유 넉넉히', '계란', '버터 넉넉히', '메이플 시럽 넉넉히']"
7023856,"['두부', '계란', '대파', '청양고추', '굴소스', '후추 약간']"
7023855,"['냉동 딸기', '물', '설탕']"
7023852,"['대궁 시금치', '대파', '집 간장', '마늘', '들기름', '매운 청양고추가루', '통깨 톡톡']"
7023850,"['청국장', '김치', '양파', '두부', '표고버섯', '애호박', '대파', '사골육수']"
7023849,"['쑥', '맵쌀가루', '마른대추', '잣 조금', '맛소금 조금']"
7023848,"['콜라비', '쪽파', '소금', '고추가루', '다진마늘', '액젓', '설탕', '통깨 조금']"
7023847,"['당근', '애호박', '대파', '버터', '소금', '양조간장', '후추 약간']"
7023846,"['우유', '레몬즙', '레몬즙', '알룰로스', '히말라야핑크 소금', '유청']"
7023845,"['숙주', '오이', '액젓', '국간장', '참기름', '참깨', '꽃소금', '물', '소금']"
7023844,"['달래', '간장', '다진 마늘', '고춧가루', '올리고당', '맛술', '참기름', '통깨 약간']"
7023843,"['사과', '당근', '양배추', '물']"
7023842,"['토마토캔', '푸실리', '양파', '마늘', '베이컨', '소금 조금', '월계수잎', '올리브유', '소금']"
7023841,"['무염버터', '슈가파우더', '소금 약간', '계란', '바닐라오일 약간', '박력분']"
7023839,"['오이', '크래미', '양파', '당근 약간', '매실청', '진간장', '식초', '설탕', '연겨자', '소금 조금', '통깨', '다진 마늘']"
7023838,"['감자', '리코타 치즈', '계란', '밀가루', '방울양배추', '딜 적당량', '올리브유 적당량', '소금 적당량', '후추 적당량', '으깬 마늘', '그라나파다노치즈']"
7023837,"['햇 양파', '오이', '양배추 적당량', '간장']"
7023836,"['단무지', '식초', '설탕', '고춧가루', '까나리 액젓', '참기름 약간', '깨']"
7023835,"['배춧잎', '날콩가루', '물', '대파', '청양고추', '된장', '고추장', '다진마늘', '설탕']"
7023834,['파프리카']
7023833,"['밥', '계란', '진간장', '참기름', '물']"
7023832,"['백앙금', '아몬드가루', '계란 노른자', '우유']"
7023831,"['깐 밤', '물', '설탕', '꿀', '계핏가루']"
7023830,"['양배추 적당량', '김밥용 김', '참치', '양파', '깻잎', '마요네즈 적당량']"
7023829,"['게살', '계란', '팽이버섯', '대파 넉넉히', '후춧가루 약간', '참치액', '전분가루', '물']"
7023828,"['그릭요거트', '오이', '딜', '레몬즙', '올리브유', '마늘', '소금 적당량', '후추 적당량']"
7023827,"['시금치국수소면', '차돌박이', '대파 약간', '검은깨 약간', '고추장', '고춧가루', '매실액', '설탕']"
7023826,"['도토리묵', '조미김', '참기름', '통깨', '후춧가루 약간', '쪽파 약간', '소금 약간', '다진마늘']"
7023824,"['계란', '대파', '조미김', '소금', '식용유']"
7023822,"['밥', '계란', '참치캔', '참기름', '라면분말스프']"
7023820,"['소고리', '국간장', '진간장', '참기름', '마늘', '후춧가루 톡톡톡', '쪽파', '홍고추', '청고추', '간장', '식초', '맛술', '파인애풀통조림 국물', '참기름', '후춧가루 톡톡톡', '통깨', '다진 생강', '다진 마늘']"
7023819,"['휘핑한 생크림', '커스터드믹스', '우유', '계란과자', '바나나']"
7023818,"['소면', '무', '양송이', '다시마 적당량', '대파 적당량', '멸치가루', '새우가루', '통깨 (or 참기름)', '고춧가루', '멸치액', '국간장', '다진 마늘', '쪽파 적당량']"
7023817,"['소고기', '간장', '사과', '양파', '다진 마늘', '올리고당', '미림', '설탕', '참기름', '후추 약간', '멸치', '보리새우', '디포리', '다시마', '양파', '대파', '무', '물', '표고버섯', '느타리버섯', '팽이버섯', '양송이버섯', '당근', '애호박', '청경채', '알배추', '대파', '당면', '쑥갓 조금 (생략가능)']"
7023816,"['메밀면', '계란', '당근', '김밥김', '깻잎', '들기름', '마요네즈', '간장', '통깨']"
7023815,"['국수', '애호박', '올리브오일 조금', '김치 넉넉히', '고추장', '메이플 시럽', '참기름', '물', '양파', '파', '육수코인', '어묵', '계란', '소금 조금', '김가루 넉넉히']"
7023814,"['우유', '계란', '흑설탕', '브라운 슈거']"
7023812,"['시리얼', '설탕', '계란', '베이킹파우더']"
7023811,"['소고기', '건미역', '사골육수', '다진마늘', '참치액젓', '국간장', '참기름', '소금 적당량']"
7023807,"['메추리알', '물', '진간장', '올리고당', '설탕', '다시마', '통깨 약간']"
7023806,"['뜨거운 물', '토피넛파우더', '얼음 적당량', '우유', '에스프레소']"
7023805,"['세발나물', '양파', '오이', '고춧가루', '식초', '간장', '설탕', '매실청', '다진 마늘', '참기름', '통깨 약간']"
7023804,"['딸기청', '생딸기', '우유']"
7023803,"['새우', '밥', '파', '다진마늘', '당근', '양파', '간장', '굴소스', '통깨', '후추']"
7023801,"['백오이', '소금', '볶은 깨', '올리브유', '참기름']"
7023799,"['마른미역', '참기름', '국간장', '소금 약간']"
7023798,"['박력분', '베이킹파우더', '버터', '계란', '설탕', '메이플시럽']"
7023797,"['돼지고기', '양파', '대파', '청양고추', '식용유', '고춧가루', '고추장', '맛술', '진간장', '올리고당', '설탕', '다진 마늘', '참기름', '통깨', '후춧가루 약간', '생강가루 약간']"
7023796,"['당근라페 적당량', '귀리번', '베이비채소 적당량', '양파 약간', '홀그레인 머스타드 적당량', '마요네즈 적당량', '이탈리안 드레싱 약간']"
7023795,"['가지', '스팸', '김치', '청경채 조금', '대파 조금', '게맛살', '원당', '들기름', '통깨']"
7023794,"['가지', '달걀', '스팸', '대파']"
7023793,"['달걀', '닭가슴살', '양파', '양상추', '오이', '토마토', '밥', '올리브유', '간장', '참기름', '식초', '물엿', '마요네즈', '와사비', '후추', '깨']"
7023792,"['우삼겹', '콩나물', '고춧가루', '다진마늘', '대파 넉넉히', '굴소스', '설탕', '소금 약간']"
7023791,"['소면', '깻잎', '김', '진간장', '들기름', '설탕']"
7023790,"['국수', '오이', '양파', '청양고추', '홍고추', '대파', '오이', '청양고추 조금', '홍고추 조금', '대파 조금', '양파 조금', '다진마늘', '설탕', '물엿', '소금 조금']"
7023789,"['냉이', '양파', '대파', '다진마늘', '국간장', '멸치액젓', '2배식초', '설탕', '물엿', '고춧가루', '참기름', '통깨']"
7023788,"['대구살', '허브솔트', '계란', '부침가루', '식용유']"
7023787,"['북어', '계란', '콩나물', '무', '대파', '물', '다진마늘', '참치액', '국간장', '소금', '들기름']"
7023786,"['손질 갑오징어', '실파', '초고추장 약간']"
7023785,"['요거트', '딸기', '바나나', '메이플시럽 취향껏', '바닐라엑스트라']"
7023783,"['삼겹살', '미나리', '알배추', '식초', '후추 소량 (찜기 찔때)', '맛술', '된장', '마요네즈', '올리고당', '고춧가루', '다진마늘', '청양고추', '양조간장', '식초', '레몬즙', '고춧가루', '다진마늘', '올리고당', '청양고추']"
7023782,"['오징어', '냉동 새우', '쪽파', '계란', '홍고추', '후추 소량', '양조간장', '식초', '설탕', '청양고추 기호껏 (다진거)', '튀김가루', '부침가루', '참치액', '물']"
7023781,"['밥', '계란', '깻잎', '스팸', '김밥용 김', '깨소금 소량', '참기름 소량', '치즈']"
7023780,"['오징어', '청양고추', '홍고추', '당근', '양배추', '대파', '양파', '참깨 소량', '공기밥', '진간장', '고추장', '고춧가루', '올리고당', '굴소스', '다진마늘', '맛술', '후춧가루 조금']"
7023779,"['콩나물', '오징어', '청양고추', '홍고추', '대파', '멸치티백', '생수', '공기밥 취향껏', '계란 취향껏', '다진마늘', '새우젓', '국간장', '고춧가루 소량', '후추가루 소량']"
7023778,"['달걀', '아몬드', '당근', '버터', '유자청', '크림치즈', '버터', '레몬즙', '꿀']"
7023777,"['알배추', '튀김가루', '물', '참치액', '식용유 넉넉히', '진간장', '물', '식초', '통깨 약간']"
7023776,"['밥', '다진소고기', '가지', '식용유', '간장', '참기름', '올리고당', '간장', '올리고당', '소금 약간', '후춧가루 약간']"
7023775,"['두부', '감자전분', '식용유 넉넉히', '땅콩', '고추장', '케첩', '다진 마늘', '물', '원당']"
7023774,"['불린 쌀', '삶은 쑥', '설탕', '통깨']"
7023773,"['오이', '양파', '당근', '양파', '쪽파', '부추', '다진마늘', '새우젓', '액젓', '매실청', '설탕', '고춧가루', '소금']"
7023772,"['돼지고기 앞다리살', '양파', '대파', '당근 조금 (생략 가능)', '양파', '간장', '고춧가루', '고추장', '다진마늘', '올리고당', '설탕', '생강가루 약간', '후춧가루 약간', '식용유', '깨 약간']"
7023771,"['데친 단배추', '참치캔', '부추', '된장', '다진마늘', '고춧가루', '다시마 멸치 육수']"
7023770,"['밥', '미나리 넉넉히 (무침)', '고추장', '계란', '참기름', '깨 넉넉히']"
7023769,"['콩나물', '시금치', '마늘', '멸치액젓', '참기름', '깨소금 약간', '양배추', '케일', '간장 약간', '쇠고기', '무', '표고버섯', '육수', '멸치액젓', '대파', '마늘', '참기름 약간', '호박', '새송이버섯', '계란', '부침가루', '소금', '식용유 약간', '고등어', '식용유 약간']"
7023768,"['호박', '달걀', '소금', '식용유', '통깨', '후추 약간']"
7023767,"['느타리버섯', '새송이버섯', '계란', '실파 약간', '맛술', '굴소스', '소금', '마늘', '식용유', '참기름', '깨소금 약간']"
7023766,"['목살', '양파', '계란', '설탕', '진간장', '굴소스', '맛술', '물', '다진마늘']"
7023765,"['가지', '애호박', '양파', '방울토마토', '파스타', '올리브오일', '소금', '후춧가루 약간', '다진마늘', '물', '굵은소금', '파마산치즈가루 약간', '파슬리가루 약간']"
7023764,"['돼지고기', '애호박', '감자', '대파', '양파', '마늘', '청양고추', '진간장', '설탕', '까나리액젓', '소금', '소주']"
7023763,"['계란', '쯔유', '물', '설탕', '올리고당', '매실액', '다진마늘', '쪽파', '홍고추', '청량고추', '양파', '통깨']"
7023762,"['오이', '천일염', '소금', '설탕', '다진마늘', '2배 식초', '으깬 통깨', '통깨']"
7023761,"['신라면', '김가루 소량', '현미밥', '물', '들기름', '통깨 소량', '고춧가루']"
7023760,"['방울토마토', '대파', '계란', '양조간장', '굴소스', '소금 소량', '후추 소량']"
7023759,"['계란', '식용유', '깨소금', '참기름', '소금', '후추']"
7023758,"['양배추', '짜장가루', '식용유', '후추', '물']"
7023757,"['소꼬리', '청양고추', '간장', '고춧가루', '마늘', '생강', '참기름', '고추장', '물엿', '설탕', '배', '사과', '물', '은행', '밤', '대추']"
7023756,"['우엉', '소고기앞다리살', '물엿', '참기름', '참깨', '다진마늘', '진간장', '물', '매실청', '설탕', '맛술']"
7023755,"['사과', '케일', '바나나', '물', '레몬즙', '얼음']"
7023754,"['돼지껍데기', '물 (쌂는용으로 껍질이 잠기게 많이)', '굵은소금', '후춧가루 약간', '소주', '통마늘', '생강 조금', '커피가루', '대파', '맛술', '고추', '통마늘', '소주', '고추장', '간장', '올리고당', '설탕', '맛술', '고춧가루', '볶은 통깨 약간']"
7023753,"['딸기', '스테비아', '레몬즙']"
7023752,"['달래', '오이', '고춧가루', '진간장', '식초', '올리고당', '다진 마늘', '통깨']"
7023751,"['쑥갓', '밥새우', '홍고추', '식용유 넉넉히', '식초', '부침가루', '튀김가루', '찬물', '멸치 액젓']"
7023750,"['오징어', '쪽파', '고추장', '매실액', '식초', '깨', '올리고당']"
7023749,"['묵은지', '다시물', '들기름', '다진마늘', '설탕', '깨 조금']"
7023748,"['인스턴트커피', '설탕', '코코넛시럽', '물', '얼음 적당량', '우유']"
7023747,"['잔멸치', '식용유', '원당', '다진마늘', '고춧가루', '고추장', '생강술', '참기름', '통깨']"
7023746,"['돼지고기 앞다리살', '양파', '당근', '표고버섯', '대파', '고추장', '고춧가루', '간장', '다진마늘', '올리고당', '매실액', '후추 톡톡']"
7023745,"['당근', '소금', '올리브오일', '레몬즙', '알룰로스']"
7023744,"['만두', '올리브유', '양배추', '당근', '깻잎', '고춧가루', '고추장', '간장', '식초', '올리고당']"
7023743,"['달걀', '라면 건더기스프', '물', '참치액젓', '맛술', '물']"
7023742,"['연두부', '계란', '멸치육수팩', '물', '송송썬 대파', '참치액', '국간장', '맛술', '소금', '들기름', '후추 톡톡']"
7023741,"['계란', '두부', '미니파프리카', '미나리', '참치 액', '맛술', '참기름 조금', '다시마', '물']"
7023740,"['김치', '봉 어묵', '표고버섯', '양파', '대파', '물', '우동면', '코인육수', '김치국물', '참치액', '멸치액젓', '고춧가루', '후춧가루', '소금 약간']"
7023739,"['비름나물', '다진 파', '국간장', '참치액', '깨', '다진마늘', '참기름']"
7023738,"['시판 사골곰탕', '물', '즈마장', '굵은소금', '중국당면', '비엔나소세지', '치즈떡', '알배기배추', '청경채', '팽이버섯', '숙주나물', '우삼겹']"
7023737,"['돌나물', '식초', '고추장', '매실청', '다진마늘', '참기름', '참깨', '식초', '설탕', '참치액']"
7023736,"['오이', '명란젓갈', '버터', '마요네즈', '생와사비', '굵은소금']"
7023735,"['시금치', '굵은소금', '대파 흰부분', '다진마늘', '멸치액젓', '연두', '통깨', '참기름']"
7023734,"['오이', '굵은소금', '다진마늘', '소금', '설탕', '식초', '통깨']"
7023733,"['참치캔', '양배추', '마요네즈', '참기름', '밥', '청양고추']"
7023732,"['쑥', '가자미', '무', '대파', '청양고추', '홍고추', '코인 육수', '쌀뜨물', '된장', '고추장', '다진 마늘', '청주', '국간장', '참치 액']"
7023731,"['롤유부초밥', '밥', '계란', '당근', '단무지', '스팸', '소금', '후추 조금', '식용유 넉넉히']"
7023730,"['스팸', '프랑크 소시지', '양파', '대파', '1접시 (잘 익은 김치)', '냉동만두', '라면사리', '콩나물', '당면 사리', '시판 사골국']"
7023729,"['삼겹살', '김치', '양파', '대파', '두부']"
7023728,"['양배추', '해물믹스', '베이컨', '양파', '계란', '부침가루', '튀김가루', '참치액', '다진마늘', '가쓰오부시 적당량', '파래가루 적당량', '마요네즈 적당량', '식용유 적당량', '식초', '돈까스소스', '케찹', '설탕']"
7023727,"['동죽', '통마늘', '베트남 고추', '홍고추', '청양고추', '버터', '올리브 오일', '화이트 와인', '후추', '소금 (양은 기호에 따라)']"
7023726,"['밥', '냉동새우', '숙주', '달걀', '양파', '대파', '다진 당근', '다진 마늘', '식용유', '진간장', '굴소스', '소금', '후추 톡톡', '참기름', '통깨']"
7023725,"['캔참치', '양파', '대파', '굵은고춧가루', '다진마늘', '진간장', '올리고당', '굴소스']"
7023724,['망고']
7023723,"['시나몬 스틱', '대추', '생강', '흑설탕']"
7023722,"['소고기 등심', '빨간 파프리카', '노란 파프리카', '피망', '양송이버섯', '양파', '마늘', '버터', '올리브오일', '소금', '후추 톡톡톡 (스테이크용후추)', '돈까스소스', '굴소스', '허니머스타드', '케첩', '맛술 미림', '올리고당', '소금', '올리브오일', '후추 톡톡톡']"
7023721,"['삼겹살', '건로즈마리', '쑥갓', '소금', '된장', '설탕', '마요네즈', '참기름', '소금', '후추 약간']"
7023720,"['두부', '양파', '대파 조금', '간장', '고춧가루', '다진마늘', '물']"
7023719,"['순대', '냉동만두', '사골곰국', '깻잎', '대파', '청양고추', '고추가루', '국간장', '새우젓', '들깨가루', '후추 약간']"
7023718,"['등갈비', '쌍화탕', '월계수잎', '대파', '맛술', '올리브유', '다진마늘', '설탕', '올리고당', '마요네즈', '레몬즙', '유자청', '소금', '후추']"
7023717,"['새송이버섯', '애호박', '양파', '대파', '청양고추', '두부', '다진마늘', '들깨가루', '들기름', '된장', '참치액젓', '물']"
7023716,"['밥', '김치', '참치캔', '계란', '대파', '고춧가루', '진간장', '올리브오일', '포도씨유 약간 (계란 후라이)']"
7023715,"['떡국떡', '계란', '동전 육수', '대파', '다진 마늘', '소금', '까나리액젓', '후추 톡톡톡', '물']"
7023714,"['청국장', '신김치', '두부', '애호박', '느타리버섯', '대파', '다진 마늘', '홍고추', '고춧가루', '들기름', '다시팩', '물']"
7023713,"['소고기양지', '소주', '우거지', '다진마늘', '썬파', '된장', '사골육수', '물']"
7023712,"['코다리', '무우', '청양고추', '홍고추', '양파', '해물육수', '해물육수 팩', '파뿌리', '무우', '대파', '양파', '소금', '물']"
7023711,"['느타리버섯', '당근 약간', '대파 약간', '올리브오일', '다진마늘', '소금', '후춧가루 약간', '참기름']"
7023710,"['라면사리', '라면스프', '콩나물', '황태', '대파', '물', '청양고춧가루', '새우젓국물', '식초', '후추', '들기름']"
7023709,"['생 취나물', '소금', '쌈장', '다진마늘', '들기름', '깨소금', '소금 약간']"
7023708,"['단무지', '대파 조금 (초록부분)', '다진마늘', '고춧가루', '참기름']"
7023707,"['호두과자 취향껏', '버터 (과자만큼)']"
7023706,"['새조개 (28000원어치)', '산낙지', '청경채', '숙주', '무', '청양고추', '굵은소금', '밀가루', '물', '다진마늘', '굵은소금', '맛술', '참치액', '낙지 (다리부분만)', '다진마늘', '맛소금', '참기름', '볶은통깨 충분히', '간장', '와사비', '초장']"
7023705,"['미나리', '당근', '사과', '쪽파', '깻잎', '고추장', '고추가루', '참기름', '통깨', '간마늘', '설탕', '식초']"
7023704,"['밥', '다진 돼지고기', '당면', '시금치', '양파', '당근', '식용유', '물', '간장', '매실청', '굴소스', '올리고당', '간장', '설탕', '참기름', '후춧가루 약간']"
7023703,"['연두부', '소금 약간', '전분 약간 ( 또는 찹쌀가루)', '달걀 노른자', '간장', '설탕', '백후추', '물']"
7023702,"['미역국', '찬 밥', '물', '달걀', '참기름', '소금 약간']"
7023701,"['오징어실채', '진간장', '마요네즈', '맛술', '올리고당', '참기름', '통깨']"
7023700,"['계란', '냉동새우', '물', '대파 약간 (초록부분)', '설탕', '소금', '물']"
7023699,"['흰다리 새우', '부추', '청주', '소금', '후추 약간', '양파', '감자전분']"
7023698,"['메주콩', '무', '청양고추', '마늘', '얼린 호박', '양파', '소고기', '다시마', '된장', '대파']"
7023697,"['보말', '미역', '들기름', '쌀뜨물', '집간장', '소금']"
7023696,"['쑥', '육수', '표고버섯', '들깨가루', '찹쌀가루', '된장', '국간장']"
7023695,"['냉동유부', '납작 어묵', '무', '가쓰오부시 조금', '대파 조금', '고추가루', '다진마늘', '참치액', '소금 조금', '후추가루 아주조금', '생강술']"
7023694,"['양배추 슬라이스', '계란', '식빵', '슬라이스치즈', '슬라이스햄', '상추 (양상추)', '소금 약간', '꿀', '홀그레인머스타드소스', '마요네즈']"
7023693,"['양배추', '달래', '된장', '고추장', '조청', '매실액', '통깨', '참기름']"
7023692,"['계란', '물', '새우젓', '다진마늘']"
7023691,"['고구마', '견과류 (하루견과)', '마요네즈 (요거트)', '꿀', '소금', '후추', '깨']"
7023690,"['양배추', '올리브오일', '버터', '소금', '후추', '슬라이스치즈', '모짜렐라치즈', '발사믹크림', '파슬리가루']"
7023688,"['참나물', '쑥갓', '참치액', '고춧가루', '설탕', '식초', '참기름', '깨']"
7023687,"['쌀뜨물', '달걀', '양배추', '대파', '채소분말 육수', '소금', '후추', '국간장', '대게백간장']"
7023686,"['세발나물', '취청오이', '소금', '현미식초', '고춧가루', '액젓', '다진마늘', '생강청', '식초', '매실액', '깨소금 (또는 통깨)']"
7023685,"['단무지', '대파', '고춧가루', '다진마늘', '참기름', '깨']"
7023684,"['무', '양파', '애호박', '감자', '양배추', '생표고버섯', '두부', '달래', '현미유', '고춧가루', '고추장', '물', '채소육수 분말', '국간장', '대게백간장', '소금 (간맞추기)']"
7023683,"['달걀', '굵은소금', '물', '물 적당량 (달걀이 잠길만큼)', '식초']"
7023682,"['어묵', '콩나물', '당근', '다진파', '다진마늘', '고춧가루', '국간장', '대게백간장', '맛술', '매실액', '들기름 (또는 참기름)', '깨소금 (또는 통깨)']"
7023681,"['연근', '참깨', '흑임자', '들깨가루', '들기름', '올리브오일', '양조간장', '꿀', '매실액', '물 (또는 고로쇠물)', '애플사이다비니거 (또는 식초)', '레몬즙']"
7023680,"['표고버섯', '양파', '다진마늘', '고추기름', '두반장', '굴소스', '물', '참기름', '통깨 조금']"
7023679,"['토마토', '양배추', '마늘', '브로콜리', '물', '채소분말육수', '양조간장', '소금 (간맞추기)', '들깨가루', '올리브오일']"
7023678,"['참나물', '취청오이', '양파', '소금', '식초', '고춧가루', '다진마늘', '생강청', '액젓', '식초', '깨소금 (또는 통깨)']"
7023677,"['소시지', '양배추', '후추', '양조간장', '토마토케첩', '올리브오일', '통깨']"
7023676,"['무염버터', '설탕', '계란', '박력분', '베이킹파우더', '블랙코코아 파우더', '초코칩', '헤이즐넛', '마시멜로우', '오레오']"
7023675,"['돼지목살', '대파', '범일불간장', '맛술', '물', '흑설탕', '올리고당', '다진 마늘', '다진 생강', '연겨자', '참기름', '후추 약간']"
7023674,"['습식 맵쌀가루', '쑥', '잣 적당량', '물', '참기름 적당량', '식초', '소금', '물', '소금', '설탕']"
7023673,"['닭가슴살', '표고버섯', '대파', '양파', '마늘', '베트남고추', '간장', '맛술', '물', '설탕', '후추 약간', '참기름', '알룰로스']"
7023672,"['어묵', '고춧가루', '진간장', '설탕', '액젓', '올리고당', '다진 마늘', '참기름', '통깨 약간']"
7023671,"['우유', '소금', '설탕', '레몬즙']"
7023670,"['달걀', '당근 조금', '양파', '식초', '브로콜리 조금 (삶은거)', '마요네즈', '홀그레인머스터드', '소금', '후추', '모닝빵', '잼 (또는 소스)']"
7023669,"['두부', '쪽파', '계란', '소금', '식용유 적당량']"
7023668,"['쑥', '쌀뜨물', '무', '된장', '발아현미 쌀가루', '채소육수 분말', '국간장 (간맞추기)', '대파']"
7023667,"['식빵', '달걀', '올리브오일', '소금', '후추', '잼', '케첩', '당근라페', '청상추']"
7023666,"['쌀', '다진양파', '냉이', '멸치육수팩', '물', '참기름', '멸치육수', '된장']"
7023665,"['당근', '굵은소금', '물', '올리브오일', '레몬즙', '애플사이다비니거', '홀그레인머스터드', '꿀', '파슬리가루']"
7023664,"['찬밥', '소금 조금', '참기름 조금', '매실액 약간', '김밥김', '돌미나리', '명이나물장아찌', '당근어묵볶음 ', '참기름']"
7023663,"['찬밥', '소금 조금', '매실액 조금', '참기름 조금', '달걀', '소금', '참기름', '식용유 적당히', '당근어묵볶음 ', '김밥김']"
7023662,"['냉이', '새우', '자숙소라', '두부', '양파', '어슷썬 대파', '홍고추', '멸치육수팩', '물', '된장', '고추장', '맛술', '참치액', '들깨가루', '들기름']"
7023661,"['당근', '어묵', '고춧가루', '현미유', '다진마늘', '양조간장', '맛술', '매실액', '식초', '소금 (간맞추기)', '후추', '통깨', '흑임자', '참기름']"
7023660,"['딸기', '설탕', '물']"
7023659,"['배추김치', '돼지고기 앞다리살', '두부', '대파', '청양고추', '국간장', '다진마늘', '참기름', '굵은 소금', '후추', '설탕']"
7023658,"['고추참치캔', '밥', '굴소스', '간장 (생략가능)', '신김치 (생략가능)']"
7023657,"['콩나물', '물', '당근채', '다진마늘', '다진파', '국간장', '소금 (간맞추기)', '깨소금', '통깨', '들기름 (또는 참기름)']"
7023656,"['신김치', '캔참치', '양파', '대파', '물', '들기름', '다진마늘', '고춧가루', '설탕', '통깨']"
7023655,"['신김치', '밥', '스팸', '모짜렐라치즈', '달걀', '양파', '간장', '고춧가루', '설탕', '버터']"
7023654,"['사각어묵', '콩나물', '쪽파', '다진마늘', '진간장', '굴소스', '올리고당', '참기름', '깨소금', '후추 조금', '식용유 넉넉히']"
7023653,"['두부', '소금', '다진마늘', '대파', '홍고추', '청양고추', '양파', '간장', '들기름', '조청', '통깨']"
7023652,"['동태', '멸치육수', '무우', '애호박', '대파', '고춧가루', '된장', '국간장', '멸치액젓', '다진마늘', '굵은소금', '후추 조금']"
7023651,"['당근', '소금', '올리브유', '레몬즙', '꿀', '홀그레인 머스타드']"
7023650,"['대파', '고춧가루', '진간장', '식초', '황설탕', '참기름', '통깨']"
7023649,"['쌀', '물', '들기름', '진간장 약간 (생략)']"
7023648,"['미역줄기', '설탕', '통깨 약간', '후추 약간', '참기름', '양파', '당근', '마늘']"
7023647,"['누룽지', '식용유', '설탕']"
7023646,"['계란', '양배추', '쑥갓', '애호박', '당근', '멸치다시마 육수', '국간장', '까나리액젓']"
7023645,"['돼지고기 앞다리살', '고추장', '고춧가루', '다진마늘', '간장', '매실액', '설탕', '후춧가루 살짝', '양파', '대파', '새송이버섯']"
7023644,"['딸기', '설탕', '레몬즙', '물', '식초']"
7023643,"['밀가루', '물', '소금', '다시팩 (또는 코인육수)', '감자', '양파', '당근', '애호박', '대파', '청양고추', '다진마늘', '간장', '소금', '액젓', '후춧가루']"
7023642,"['감자', '계란', '우유', '찹쌀가루', '소금', '파슬리가루 (데코용 생략가능)', '슬라이스치즈']"
7023641,"['진미채', '고추장', '마요네즈', '참기름', '다진마늘', '올리고당', '깨']"
7023640,"['취나물', '통깨', '소금', '대파', '쌈장', '다진마늘', '다진대파', '설탕', '참치액젓', '들기름']"
7023639,"['당면', '달걀', '당근', '대파', '부침가루', '후추 약간', '진간장', '참기름 약간', '설탕']"
7023638,"['감자', '양파', '청양고추', '다시마', '간장', '고춧가루', '다진마늘', '설탕', '참기름', '깨']"
7023637,['파슬리 적당량']
7023636,"['사각 식빵', '블루베리 적당량', '생크림 적당량']"
7023635,"['두릅', '소금', '초고추장']"
7023634,"['양배추', '계란', '스팸', '식용유', '마요네즈', '돈까스소스', '스리라차소스']"
7023633,"['사각어묵', '청양고추', '깻잎', '김밥용김', '참기름', '깨', '고운소금', '밥', '식용유', '간장', '미림', '올리고당', '물', '고춧가루']"
7023632,"['무', '대파', '다진마늘', '육수', '참기름', '국간장', '액젓', '소금']"
7023631,"['공기밥', '콩나물', '간장', '고춧가루', '올리고당', '물', '참기름', '통깨', '다진마늘']"
7023630,"['묵은지', '참나물', '두부', '김', '밥', '소금', '참기름', '통깨', '참기름', '설탕']"
7023629,"['취청 오이', '쪽파', '다진마늘', '화조유', '마라상궈소스', 'XO소스', '현미식초']"
7023628,"['달래', '김밥김', '다진마늘', '홍고추', '진간장', '설탕', '청주', '물엿', '고추가루', '통깨', '땅콩', '물']"
7023627,"['도토리가루', '부침가루', '양파', '당근', '깻잎', '계란', '물', '식용유']"
7023626,"['머위', '양파', '들기름', '다진마늘', '참치액젓', '들깨가루', '소금 취향것', '해물육수']"
7023625,"['알배추 작은', '소고기 우삼겹', '맛술', '다진대파', '진간장', '식초', '물', '설탕', '굴소스']"
7023624,"['우엉', '식초', '국간장', '참기름', '부침가루', '물', '검은깨', '식용유']"
7023623,"['밥', '소금', '참기름', '통깨', '계란', '소금', '식용유', '김', '맛살', '슬라이스햄', '우엉', '단무지', '어묵', '깻잎', '참기름']"
7023622,"['순두부', '달걀', '대파', '당근', '소금 약간', '맛술', '물', '새우젓국물', '소금 약간']"
7023621,"['게맛살', '사각어묵', '식용유', '간장', '물엿', '식초', '후추 약간', '깨소금', '참기름']"
7023620,"['머핀 믹스', '계란', '버터', '우유']"
7023619,"['새송이버섯', '소금', '식용유', '대파 약간 (초록잎 부분)', '간 마늘', '고춧가루', '고추장', '진간장', '굴 소스', '맛술', '올리고당', '물', '참기름', '통깨']"
7023618,"['다진 돼지고기', '다진마늘', '통마늘', '바질페스토', '칵테일새우', '대파', '밥', '계란', '맛술', '소금', '굴소스']"
7023617,"['감태', '밥', '참치 캔', '꼬들 단무지', '후리카케', '명란', '마요네즈']"
7023616,"['망초대', '된장', '고추장', '다진마늘', '참기름', '볶은통깨']"
7023615,"['마른 김', '청고추', '홍고추', '참기름', '물', '진간장', '다진 마늘', '설탕', '올리고당', '맛술']"
7023614,"['양배추', '소금 약간', '다진마늘', '액젓', '들깨가루', '참기름 약간']"
7023613,"['잡곡밥', '게맛살', '고구마', '당근', '샐러리', '굴소스', '간장', '물', '전분물', '식용유']"
7023612,"['돼지안심', '메추리알', '물', '간장', '올리고당', '맛술', '후추', '마늘', '양파', '청양고추', '참기름 약간 (마지막)']"
7023611,"['흰설탕', '바나나']"
7023610,"['머위 순', '대파 조금', '소금', '고추장', '고추가루', '다진마늘', '소금', '설탕', '사과식초', '올리고당', '통깨 조금']"
7023609,"['닭 한마리', '누룽지', '삼계탕재료 티백', '건대추', '편생강', '마늘', '물']"
7023608,"['감자', '양파', '소고기', '당근', '김', '밥', '카레스프 ', '물']"
7023607,"['비트', '오이', '굵은소금 약간', '설탕', '식초', '물', '소금']"
7023606,"['소고기', '대파', '양파', '마늘', '생강', '브로콜리', '진간장', '설탕', '굴소스', '감자전분가루', '후추', '소금']"
7023605,"['돼지고기 앞다리살', '원당', '참기름', '꽃소금', '후추 넉넉하게', '오징어', '통마늘', '배춧잎', '당근', '상추', '매실액', '초고추장', '통깨 조금']"
7023604,"['돼지고기 등심', '계란', '빵가루', '밀가루', '소금 후추 약간', '버터', '밀가루', '다진마늘', '케찹', '간장', '돈까스소스', '소금 후추 약간', '물', '우유']"
7023603,"['콩나물', '대파', '당근 약간', '국간장', '참치액', '소금', '다진마늘', '고춧가루', '들기름', '통깨']"
7023602,"['치아바타 빵', '후랑크 소세지', '상추', '토마토', '양파', '굴소스', '홀그레인 머스타드 약간', '돈까스 소스 약간', '마요네즈 약간']"
7023601,"['스팸', '김치', '대파', '밥', '설탕', '고춧가루', '간장', '참기름', '후추']"
7023600,"['머위 순', '참치액젓', '고춧가루', '간 깨', '다진 마늘', '청양고추']"
7023599,"['신김치', '고춧가루', '다진마늘', '양파', '콩나물', '청양고추', '멸치액젓', '소금', '다시다', '대파', '후추', '육수멸치', '물', '다시마']"
7023598,"['머위대 나물', '된장', '고추장', '들기름', '마늘', '올리고당', '통깨']"
7023597,"['도라지', '양파', '대파', '고춧가루', '다진 마늘', '식초', '소금', '설탕', '매실액', '올리고당', '깨 조금']"
7023596,"['꽈리고추', '만능간장', '고추가루', '마늘', '설탕', '물엿', '참치액', '참기름', '통깨']"
7023595,"['시금치', '느타리버섯', '양파', '방울토마토', '슬라이스 올리브', '계란', '우유', '올리브오일', '소금', '후춧가루 약간', '파마산치즈가루 약간']"
7023594,"['소고기', '주꾸미', '알배추', '느타리버섯', '팽이버섯', '숙주', '대파', '물', '진간장', '설탕', '마늘', '후추 조금', '참치액', '국간장', '진간장 조금', '소금 조금', '후추 조금']"
7023593,"['삼겹살', '대파', '마늘', '양파', '설탕', '양꼬치 시즈닝']"
7023592,"['양파', '스팸', '달걀', '밥', '마요네즈 적당량', '데리야끼소스 적당량', '설탕', '간장', '물']"
7023591,"['건새우', '마늘', '식용유', '진간장', '올리고당']"
7023590,"['골뱅이 통조림', '소면', '양파', '대파', '오이', '당근 조금 (생략가능)', '양배추 조금 (생략가능)', '깻잎', '고춧가루', '고추장', '마늘', '간장', '식초', '올리고당', '설탕', '참기름']"
7023589,"['아롱사태', '통후추', '통마늘', '대파', '양파', '국간장', '물', '부추', '팽이버섯', '알배추', '숙주나물', '진간장', '설탕', '식초', '청양고추', '연겨자']"
7023588,"['두부면', '애호박', '당근', '느타리버섯', '파프리카', '달걀', '소금 약간', '식용유', '양조간장', '참기름', '통깨']"
7023587,"['원형 얼음', '우유', '에스프레소']"
7023586,"['아귀 꼬리', '꽃게', '쭈꾸미', '콩나물', '떡볶이떡', '대파', '청양고추', '간장', '고추장', '고춧가루', '청양고춧가루', '설탕', '물엿', '맛술', '다진마늘', '물', '참기름', '후추가루', '전분가루', '물', '물 적당량', '맛술', '밀가루', '소주', '맛술', '굵은소금']"
7023585,"['계란', '냉동새우', '대파', '올리브오일', '설탕', '소금', '맛술', '멸치육수']"
7023584,"['베이컨', '팽이버섯', '식용유 조금', '후추 조금']"
7023583,"['밥', '참치캔', '표고버섯', '양파', '청양고추', '모차렐라치즈', '고추장', '설탕', '소금', '후추', '참기름', '통깨']"
7023582,"['락토프리 우유', '식초']"
7023581,"['바지락', '건미역', '물', '들기름', '굵은소금', '국간장', '참치 액', '다진 마늘']"
7023580,"['돼지고기 앞다리살', '다진생강', '맛술', '대파', '채썬 생강', '다진 생강', '올리브오일', '진간장', '참기름', '두반장', '설탕', '참깨', '고춧가루', '물']"
7023579,"['두부', '칵테일새우', '감자전분가루', '소금 조금', '후추 조금', '다진양파', '청양고추', '다진마늘', '간장', '식초', '굴소스', '고추기름', '물']"
7023578,"['쑥갓', '두부', '다진 대파', '소금', '국간장', '참치액']"
7023577,"['김치', '등갈비', '청양고추', '홍고추', '대파', '양파', '간장', '다진 마늘', '고춧가루', '매실액', '후춧가루', '다진생강', '된장', '설탕', '물']"
7023576,"['알배기배추', '간장', '까나리액젓', '식초', '설탕', '고춧가루', '다진 마늘', '다진 파', '다진 생강', '깨']"
7023575,"['바지락살', '감자', '베이컨', '양파', '체다치즈', '편마늘', '버터', '생크림', '우유', '밀가루', '맛술', '참치액', '소금', '후추 톡톡', '파슬리가루 톡톡']"
7023574,"['배추', '소금', '물', '무', '쪽파', '양파', '고춧가루', '고춧가루', '까나리 액젓', '설탕', '다진마늘', '깨', '생강']"
7023573,"['신김치', '삼겹살', '고추가루', '물', '진간장', '참기름', '통깨', '두부', '들기름']"
7023572,"['새송이버섯', '참기름', '소금', '후추 톡톡']"
7023571,"['스팸', '신김치', '김치국물', '멸치육수', '고추가루', '땡초', '식용유', '두부']"
7023570,"['닭', '신김치', '청양고추', '홍고추', '간장', '고춧가루', '설탕', '다진마늘', '후춧가루 톡톡톡', '고추장']"
7023568,"['당근', '양파', '버터', '소금 약간', '물', '밥', '생크림', '후추 약간', '파슬리 약간']"
7023567,"['쌀', '카레가루', '슬라이스치즈', '케첩']"
7023566,"['블루베리', '우유', '꿀 취향껏', '물 적당량 (블루베리 세척용)']"
7023565,"['딸기', '바나나', '우유', '꿀', '소금 적당량 (딸기 세척)', '물 적당량 (딸기 세척)', '식초']"
7023564,"['밥', '양배추', '대파', '계란', '오일', '대파 약간 (또는 쪽파)', '물', '양조간장', '굴소스', '설탕', '맛술', '후추 약간', '전분', '물']"
7023563,"['에스프레소', '물 취향껏 (뜨거운물']"
7023562,"['닭가슴살', '고추', '마늘', '소금 적당량', '간장', '식초', '설탕', '맛술', '식용유 적당량', '통깨 적당량']"
7023561,"['계란', '설탕', '바닐라오일', '물엿', '박력분', '무염버터', '우유', '물', '설탕', '레몬즙', '생크림', '설탕', '딸기 취향껏', '초코펜', '생크림']"
7023560,"['냉동 닭고기', '냉동 아보카도', '치즈', '또띠아', '로메인', '후추', '스리라차', '마요']"
7023559,"['양배추', '찹쌀', '당근', '애호박', '물', '참기름', '까나리액젓', '소금 (취향에 따라)', '참기름', '참깨', '후추 약간']"
7023558,"['계란', '참치캔', '대파', '가는소금', '맛술', '후추 조금', '식용유 넉넉히']"
7023557,"['감자', '소금 적당량', '물 적당량 (뜨거운물)', '올리브오일 적당량', '버터', '후추 적당량 (생략가능)', '모짜렐라치즈 적당량 (생략가능)']"
7023556,"['브로콜리', '소금', '밀가루', '굵은소금', '식초']"
7023555,"['밥', '닭가슴살', '계란', '시금치', '식초 적당량 (세척용)', '미림', '간장', '생강가루', '후추 적당량', '굴소스', '소금', '설탕', '식용유 적당량']"
7023554,"['동태', '무우', '바지락', '양파', '대파', '멸치육수', '국간장', '참치액젓', '다진마늘', '된장', '후추 조금']"
7023553,"['콩나물', '대패삼겹살', '양파', '대파', '깻잎', '청양고추', '홍고추', '통깨', '참기름', '후추 약간', '고추장', '고춧가루', '진간장', '맛술', '다진 마늘', '설탕']"
7023552,"['계란', '설탕', '중력분', '레몬제스트', '소금', '베이킹파우더', '아몬드', '크랜베리 기호에따라 (또는 건포도)']"
7023551,"['코다리', '콩나물', '대파', '식초', '멸치육수', '고춧가루', '진간장', '설탕', '다진마늘', '된장', '굴소스', '맛술', '매실액', '후추 조금']"
7023550,"['옥수수', '밀가루', '물', '식용유']"
7023549,"['딸기 먹을만큼', '소금 적당량', '식초 적당량', '물']"
7023548,"['베이글', '슬라이스치즈', '크림치즈 적당량', '로메인', '통조림햄']"
7023547,"['달래', '물', '코인육수', '무 약간', '애호박 약간', '양파 약간', '청양고추', '홍고추', '차돌박이', '감자', '두부', '찌개 된장', '고추장', '고춧가루', '다진마늘', '소금 약간 (부족한 간)']"
7023546,"['밥', '김밥김', '당근', '계란', '참치', '깻잎', '맛소금 적당량', '후추 적당량', '통깨 적당량', '참기름 적당량', '식용유 적당량']"
7023545,"['소면', '계란', '냉면육수', '배추김치', '식용유 적당량', '통깨 적당량', '참기름 적당량', '김가루 적당량 (생략가능)']"
7023544,"['꿀호떡', '소세지 적당량 (또는 햄)', '계란', '슬라이스치즈', '후추 적당량', '소금 적당량', '식용유 적당량']"
7023543,"['핫케이크믹스', '계란', '우유', '연양갱', '견과류 적당량', '초코펜']"
7023542,"['밀가루', '전분', '후추 적당량', '닭', '식용유 적당량', '간장', '올리고당']"
7023541,"['칼국수면', '김치', '국물용 멸치', '다시마조각', '물', '양파', '대파', '마늘', '고춧가루', '후추 적당량', '굵은소금', '새우젓 (기호에따라)', '김가루 적당량 (생략가능)']"
7023540,"['레몬', '계란', '설탕', '소금', '버터', '소금 적당량 (레몬세척용)', '베이킹소다 적당량 (레몬세척용)', '물 적당량 (끓는물 레몬세척용)']"
7023539,"['밥', '양파', '햄', '카레가루', '계란', '후추 적당량', '파슬리가루 (장식용 생략가능)', '식용유 적당량']"
7023538,"['닭', '대파', '마늘', '생강', '설탕', '진간장', '굴 소스', '물엿', '통깨 약간']"
7023537,"['토마토', '토마토소스', '가지', '애호박', '올리브유', '소금', '다진마늘', '치즈']"
7023536,"['사각어묵', '파프리카', '올리브유', '다진마늘', '양조간장', '올리고당', '들기름', '후추 약간', '깨']"
7023535,"['삼겹살', '김장김치', '손두부', '쪽파', '대파', '설탕', '통깨', '참기름 ']"
7023534,"['닭', '월계수 잎', '통마늘', '통후추', '대파', '양파', '숙주', '토란대', '표고버섯', '대파', '고춧가루', '미림', '다진 마늘', '국간장', '멸치액젓', '소금', '올리고당', '후추 소량']"
7023533,"['참두릅', '계란', '참치액', '소금', '부침가루', '굵은소금']"
7023532,"['양배추', '안심', '양송이', '파프리카 약간', '양파 적당량', '다진 마늘', '버터', '소금', '후추', '바질']"
7023531,"['콩나물', '쪽파 썬 것', '고춧가루', '참치액', '다진 마늘', '깨 갈은것', '참기름', '소금']"
7023530,"['밥', '김밥김', '스팸', '계란', '묵은지', '깨 간 것', '참기름', '소금', '깨 간것', '참기름']"
7023529,"['김치', '베이컨', '양파', '다진마늘', '굴소스', '설탕', '참기름']"
7023528,"['사과', '자일로스 설탕', '시판용 레몬즙', '시나몬 가루', '소금']"
7023527,"['레몬', '슈거 파우더 적당량']"
7023526,"['방울토마토', '달걀', '소금 약간', '후추 약간', '피자치즈', '올리브유', '다진마늘']"
7023525,"['콩가루', '우유', '바나나', '꿀', '얼음']"
7023524,"['어묵', '베이컨', '대파', '양파', '당근', '식용유', '굴소스', '다진마늘', '참기름', '볶은참깨']"
7023523,"['씀바귀 나물 조금', '초고추장', '매실엑기스', '다진 마늘', '천일염 조금', '쌀뜨물 조금']"
7023522,"['콩나물', '맛소금', '소금', '다진마늘', '참기름', '고추가루']"
7023521,"['시금치', '크래미', '식용유', '진간장', '참기름', '통깨', '후추']"
7023520,"['갈치', '감자 작은거', '양파', '대파', '청양고추', '고추가루', '설탕', '마늘', '생강즙', '국간장', '만능간장', '맛술', '물엿', '고추장', '물', '다시마']"
7023519,"['냉동만두', '식용유 적당량', '양파', '물', '설탕', '고추장', '공기밥', '굴소스']"
7023518,"['삶은깐양', '식초', '쥐청 오이', '쪽파', '다진마늘', '다시마식초', '마라상궈소스', '화조유']"
7023517,"['알배추', '오이', '홍고추', '물', '진간장', '식초', '설탕', '고춧가루', '올리브유']"
7023516,"['진미채', '마요네즈', '고추장', '간장', '고추가루', '다진마늘', '생강', '설탕', '물엿', '깨소금', '참기름']"
7023515,"['쌀', '물', '비엔나 소세지', '올리브', '올리브오일 약간', '대파 약간']"
7023514,"['풋마늘', '멸치', '고추장', '고운고춧가루', '양조간장', '맛술', '매실청', '조청', '알룰로스', '참기름', '통깨']"
7023513,"['참나물', '슬라이스햄', '단무지', '밥', '소금', '소금', '참기름', '참기름', '깨소금', '소금 약간']"
7023512,"['두부', '소금', '식용유 약간', '잔파', '깨소금 약간 (생략가능)', '된장', '맛술', '알룰로스', '식초']"
7023511,"['얼갈이 배추', '청양고추', '홍고추', '배', '통마늘', '까나리액젓', '소금', '찹쌀풀', '고춧가루']"
7023510,"['귤', '설탕', '물']"
7023509,"['소고기', '미나리', '새송이버섯', '대파', '청양고추', '구운소금', '양조간장', '굴소스', '다진마늘', '연겨자 약간', '설탕 약간', '후추 톡톡톡', '통깨']"
7023508,"['고들빼기', '굵은소금', '찹쌀가루', '물', '고춧가루', '마늘', '생강청', '액젓', '진간장', '설탕', '올리고당', '통깨']"
7023507,"['오색 떡국떡', '대파', '계란', '참기름', '김가루', '소금 약간', '후춧가루 약간', '물', '동전육수', '국간장']"
7023506,"['불린 미역', '전분', '참기름', '소금']"
7023505,"['두부', '양파', '대파', '청양고추', '멸치다시마 육수', '들기름', '간장', '참치액', '고추장', '고춧가루', '황설탕', '다진마늘', '맛술']"
7023504,"['도토리묵', '상추', '땡초', '양파', '간마늘', '고추가루', '간장', '설탕', '통깨 적당히', '참기름']"
7023502,"['느타리버섯', '감자', '대파', '들깨가루', '물', '멸치육수팩', '건다시마', '건표고버섯', '국간장', '멸치액젓', '소금 취향껏 ']"
7023501,"['물미역', '무채', '다진 마늘', '고춧가루', '까나리액젓', '식초', '원당', '매실엑기스']"
7023500,"['국수소면', '한우사골 곰탕', '검은깨 약간 ', '계란', '소금 약간 ']"
7023499,"['밥', '김밥김', '단무지', '참기름 적당량', '멸치볶음 적당량', '어묵볶음 적당량']"
7023498,"['쑥', '멸치 다시마 육수', '된장', '국간장 (취향에 따라)', '대파 약간', '빨간 고추']"
7023497,"['미니 양배추 각각', '오일', '소금', '후추', '물', '식초', '베이컨', '삼겹살', '건로즈마리', '마늘', '차돌박이', '소고기', '미니양배추', '버터']"
7023496,"['부추', '양배추', '홀그레인머스타드', '식초', '매실청', '꿀', '다진 마늘', '소금']"
7023495,"['오징어', '참나물', '짭짤이토마토', '미니파프리카', '식초', '유자청', '올리브유', '연겨자', '간장', '식초', '레몬즙', '후추 약간', '깨소금']"
7023494,"['가래떡', '표고버섯', '미니파프리카', '참나물', '간장', '참나물', '후추', '간장', '참기름', '참나물', '슬라이스아몬드', '마늘', '올리브오일', '레몬즙', '파마산치즈', '소금', '후추']"
7023493,"['고등어', '김치', '양파', '대파', '청양고추', '홍고추', '소금', '밀가루', '고춧가루', '된장', '진간장', '설탕', '참기름', '다진 마늘', '맛술', '생강가루 약간', '후춧가루 약간']"
7023492,"['미나리', '냉동 새우', '홍고추', '식용유 넉넉히', '식초', '부침가루', '튀김가루', '찬물', '멸치액젓']"
7023491,"['브로콜리', '양파', '마늘', '무가당두유', '생크림', '버터', '밀가루', '견과류', '소금']"
7023490,"['무', '설탕', '다진 마늘', '고춧가루', '식초', '멸치액젓']"
7023489,"['봄동', '대파', '애호박', '청양고추', '감자', '사골육수', '된장', '고춧가루', '다진 마늘', '소금 약간']"
7023488,"['오렌지', '베이비 채소', '양배추', '올리브유', '발사믹 식초', '화이트 와인', '다진 양파', '레몬즙', '파슬리 가루', '소금 적당량', '후추 적당량']"
7023487,"['오징어링 적당히 (냉동)', '파스타면', '양파', '마늘', '피자치즈', '토마토소스', '소금 약간']"
7023486,"['두부', '세멸치', '익은김치', '생수', '집간장', '소금', '들기름']"
7023485,"['냉이', '대파', '소금', '범일 고추장', '간장', '매실액', '식초', '다진마늘', '참기름', '통깨']"
7023484,"['오징어', '청양고추', '당근 조금', '양파 조금', '맛소금', '부침가루', '물', '식용유 넉넉히', '진간장', '식초', '물', '통깨']"
7023483,"['블랙코코아 파우더', '에스프레소', '얼음 적당량', '우유', '헤이즐넛시럽']"
7023482,"['황태채', '무채', '들기름', '천일염', '후추', '액젓', '파', '청양고추', '육수']"
7023481,"['식빵', '딸기잼', '마요네즈', '치즈', '계란']"
7023480,"['진미채', '설탕', '버터', '땅콩버터']"
7023479,"['양배추', '참치캔', '잡곡밥', '계란', '올리브오일', '식초', '참기름', '참깨', '굴소스', '참치액']"
7023478,"['감자', '애호박', '청양고추', '간마늘', '조미김', '물', '참기름', '계란', '깨 약간', '중력분', '맛소금', '식용유', '따뜻한 물', '국간장', '참치액젓']"
7023477,"['세발나물 넉넉히', '양파', '청양고추', '당근 약간', '튀김가루', '탄산수', '식용유 넉넉히', '새우가루 약간 (선택)']"
7023476,"['돼지고기', '배추김치', '양파', '대파', '새송이버섯', '청양고추', '홍고추', '고춧가루', '고추장', '진간장', '물엿', '맛술', '키위 간거', '간마늘', '참기름', '고춧가루', '물엿', '참기름', '소주', '식용유', '후추 약간']"
7023475,"['황태포', '양파', '대파', '청양고추', '홍고추', '식용유', '전분가루', '간마늘', '물', '진간장', '고추장', '맛술', '매실청', '물엿', '고춧가루', '들기름']"
7023474,"['세발나물', '멸치액젓', '들기름', '통깨', '굵은소금']"
7023473,"['냉이', '두부', '양파', '홍고추', '어슷썬대파', '멸치육수팩', '물', '멸치육수', '다진마늘', '된장', '맛술', '들깨가루', '들기름', '참치액']"
7023472,"['양배추', '베이컨', '체다치즈', '할라피뇨', '달걀', '쌀가루', '소금', '식용유 조금', '칠리소스', '스리라차소스']"
7023471,"['두부', '부추', '계란', '식용유', '들기름', '국간장']"
7023470,"['콩나물', '양파', '대파', '물', '맛소금', '멸치액젓', '간마늘', '고춧가루', '참기름', '깨']"
7023469,"['진미채', '청양고추', '홍고추', '양파', '대파', '튀김가루', '물', '식용유', '계란', '맛소금', '맛술']"
7023468,"['감자', '생크림', '버터', '연유', '소금', '후추 톡톡', '파슬리가루 톡톡']"
7023467,"['미나리', '보리새우', '부침가루', '튀김가루', '감자전분가루', '물', '식용유']"
7023466,"['통식빵', '버터 조금', '슈가파우더 취향껏 (생략가능)', '블루베리']"
7023465,"['김', '밥', '당근', '맛살', '시금치', '계란', '단무지', '우엉', '소금', '참기름', '통깨 약간', '햄']"
7023464,"['훈제연어', '무순', '빨강 파프리카', '노랑 파프리카', '양파', '마요네즈', '레몬즙', '설탕', '생와사비', '후추 약간']"
7023463,"['꼬막', '청양고추', '부추', '소금', '맛술', '식초', '통깨', '밥', '조미김 적당량', '진간장', '국간장', '참기름', '설탕', '고춧가루']"
7023462,"['청포묵', '가는소금', '깨소금', '참기름', '김가루']"
7023461,"['열무', '쪽파', '양파', '다진마늘', '홍고추', '고추가루', '배', '사과', '무']"
7023460,"['깨찰빵 생지', '바닐라아이스크림', '메이플시럽 넉넉히']"
7023459,"['염장미역줄기', '양파', '고추장', '설탕', '고춧가루', '다진마늘', '매실액', '식초', '깨소금']"
7023458,"['콩나물', '물', '육수한알', '고춧가루', '국간장', '참치액', '맛소금 조금']"
7023457,"['삶은깐 양', '데친 우거지', '데친 시래기', '콩나물', '대파', '다진마늘', '다진생강', '후추', '고춧가루', '소주', '맛술', '국간장', '갈치액젓', '육수', '사골곰탕 육수한알', '물']"
7023456,"['쪽파', '멸치액젓', '들기름', '갈은깨', '소금 데치기용']"
7023455,"['숙주', '슬라이스햄', '양파', '올리브유', '슬라이스 마늘', '페페론치노 조금', '굴소스', '후춧가루', '파마산치즈가루 (또는 그라나파다노치즈가루)']"
7023454,"['밥', '소고기', '새송이 버섯', '두부', '비트', '간장', '설탕', '식용유']"
7023453,"['당근', '버터', '계란', '설탕', '아몬드가루', '밀가루', '베이킹파우더']"
7023452,"['순두부', '통깨 약간', '다진 대파', '청양고추', '고춧가루', '양조간장', '맛술', '올리고당', '참기름', '다진 마늘']"
7023451,"['시금치', '마늘', '양조간장', '올리브유', '후추 약간', '참기름']"
7023450,"['오이', '굵은소금', '설탕', '식초', '소주']"
7023449,"['비비고 만두', '간장', '다진마늘', '설탕', '올리고당', '케찹', '고추장', '물', '후추 취향대로']"
7023448,"['파스타면', '깻잎페스토 듬뿍', '슬라이스 마늘', '페페론치노', '올리브오일', '소금 약간', '그라나파다노치즈 (또는 파마산 치즈가루)']"
7023447,"['시금치', '소금', '다진마늘', '다진파', '집간장', '소금 조금', '통깨', '참기름']"
7023446,"['박력 밀가루', '무염 버터', '화이트 커버춰 초콜렛', '생크림', '연유', '계란', '소금', '설탕']"
7023445,['더덕']
7023444,"['두부', '김치', '소고기 샤브용', '팽이버섯', '양배추', '다진파', '양파', '고추가루', '설탕', '간장', '매실액', '고추장', '다진마늘']"
7023443,"['소면', '양파', '김치', '삶은계란', '고추장', '고춧가루', '설탕', '간장', '식초', '다진마늘', '참기름', '통깨']"
7023442,"['북어채', '들기름', '대파', '계란', '멸치육수', '북어', '국간장']"
7023441,"['꽈리고추', '밀가루', '물', '참치액', '다진대파', '고추가루', '참기름', '통깨']"
7023440,"['양배추', '국간장', '진간장', '고추가루', '다진마늘', '다진대파', '땡초', '참기름', '통깨']"
7023439,"['훈제오리', '마늘', '부추', '고추가루', '참소스', '참기름', '통깨']"
7023438,"['삼겹살', '콩나물', '파', '식용유', '고추가루', '굴소스', '액젓', '참기름', '통깨']"
7023437,"['우삼겹', '두부', '새송이버섯', '양파', '애호박', '집된장', '고추가루', '멸치육수', '청양고추']"
7023436,"['비엔나소세지', '양배추', '양파', '마늘', '식용유', '통깨', '후추', '쪽파', '고추장', '진간장', '케찹', '설탕', '올리고당']"
7023435,"['당근', '알배추', '소금', '청양고추', '진간장', '매실액', '참기름', '후추 톡톡톡', '통깨', '다진마늘']"
7023434,"['연두부', '다진마늘', '쪽파', '진간장', '맛술', '들기름', '올리고당', '물', '통깨']"
7023433,"['밥', '크래미', '마요네즈', '진간장', '꿀', '쪽파', '후추 톡톡톡', '통깨 약간 (옵션)']"
7023432,"['청경채', '표고버섯', '마늘', '굴소스', '소금', '올리브오일', '통깨 약간 ', '감자전분', '물', '물']"
7023431,"['오징어', '양파', '당근', '쪽파', '통깨 약간 ', '고추장', '고춧가루', '진간장', '설탕', '식초', '참기름', '다진마늘', '물']"
7023430,"['밥', '잡채', '진간장', '물', '올리브오일', '계란', '통깨 약간 ']"
7023429,"['깻잎', '양파', '당근', '진간장', '국간장', '참치액젓', '매실청', '고춧가루', '다진마늘', '다진대파', '물', '통깨 약간']"
7023428,"['어묵', '대파', '청양고추', '물', '육수팩', '다진마늘', '쯔유']"
7023427,"['밥', '김밥김', '당근볶음 ', '어묵볶음', '샌드위치햄', '맛살', '우엉조림', '시금치무침 ', '계란', '단무지', '맛소금', '통깨', '참기름']"
7023426,"['돌미나리', '굵은소금', '어간장', '참치 액', '간 마늘', '깨소금', '참기름']"
7023425,"['달래', '간장', '액젓', '물', '매실액', '고춧가루', '참기름']"
7023424,"['소고기 다짐육', '두부면', '노랑 파프리카', '빨강 파프리카', '계란', '양배추 다진것 조금', '당근 다진것 조금', '깻잎', '부침가루', '소금', '후추가루 아주조금', '생강술', '올리브유']"
7023423,"['대합살', '건미역', '참기름', '참치 액', '어간장', '소금', '소주', '생수']"
7023422,"['겨울초', '두부', '청양고추', '빨간 고추', '대파', '간 마늘', '소금', '혼합 다시팩', '재래된장', '시판 된장', '생수', '굵은 소금']"
7023421,"['메추리알', '표고버섯', '청양고추', '홍고추', '다시마', '통깨 약간', '물', '진간장', '맛술', '흑설탕', '코인 육수']"
7023420,"['쪽파', '부추', '참치액젓', '다진 마늘', '고춧가루', '매실청', '참기름', '통깨']"
7023419,"['밥', '닭가슴살', '숙주', '양송이 버섯', '당근', '간장', '참기름', '올리고당', '소금 약간', '후춧가루 약간', '식용유']"
7023418,"['숙주', '쪽파', '다진마늘', '소금', '참기름', '깨']"
7023417,"['오이지', '대파', '청양고추', '홍고추', '고춧가루', '다진마늘', '설탕', '참기름', '깨']"
7023416,"['깻잎', '물', '식초', '설탕', '소금', '통후추', '페페론치노']"
7023415,"['애호박', '소면', '진간장', '설탕', '참기름', '다진마늘', '고추가루']"
7023414,"['두릅', '초고추장', '굵은소금', '고추장', '식초', '맛술', '올리고당', '설탕', '다진마늘']"
7023413,"['양파', '청양고추', '홍고추', '진간장', '식초', '설탕', '물']"
7023412,"['찰순대', '한우사골 곰탕', '부추 넉넉히', '홍고추', '청양고추', '대파 넉넉히', '후추가루 약간 ', '소금 약간 ', '새우젓', '고춧가루', '한우사골 곰탕', '청주', '다진마늘']"
7023411,"['한우사골 곰탕', '계란노른자', '대파 약간 ', '소금 약간', '후춧가루 약간 ']"
7023410,"['한우사골 곰탕', '대파 넉넉히', '다진마늘', '고춧가루', '들기름', '표고버섯 넉넉히', '소금 약간 ', '당면']"
7023409,"['콩나물', '대파 넉넉히', '다진마늘', '천일염 약간 ', '국간장']"
7023408,"['계란', '분홍소시지', '소금 약간 ', '쪽파 약간']"
7023407,"['도토리묵', '코인육수', '계란', '참치액', '통깨', '김가루 약간 ', '배추김치 넉넉히', '쪽파 약간 ']"
7023406,"['혼합 쌀', '물']"
7023405,"['감자', '계란', '스위트콘', '설탕', '소금', '후추', '버터']"
7023404,"['우삼겹', '훈제오리', '새우', '중국당면', '대파', '양파', '알배추', '숙주', '마늘', '마라샹궈 소스', '마라샹궈 소스', '생크림', '토마토소스', '간장', '식용유', '후추 조금']"
7023403,"['식빵', '달걀', '우유', '설탕', '시나몬가루 약간', '버터', '슈가파우더 약간 (또는 시럽)', '채소', '과일', '우유']"
7023402,"['메밀국수', '삶은계란', '양반 김', '오이', '깨 조금', '사과', '진간장', '고춧가루', '매실청', '식초', '들기름', '다진마늘', '면수']"
7023401,"['감자', '버터', '설탕', '소금 약간']"
7023400,"['가지', '양파', '대파', '다진마늘', '범일불간장', '올리고당', '맛술', '고춧가루', '참기름', '통깨 소금 약간']"
7023399,"['스파게티면', '감태', '김', '땅콩 또는 캐슈넛', '들깻가루', '트러플오일', '참기름', '올리브유', '소금', '간장']"
7023398,"['사과', '설탕', '물', '얼그레이티백', '시나몬스틱', '시나몬파우더']"
7023397,"['크리스피 핫도그', '양배추 적당량', '오이 적당량', '당근 적당량', '마요네즈 적당량', '케찹 적당량']"
7023396,"['라면', '물', '대파', '고추장', '설탕']"
7023395,"['마늘', '닭가슴살', '식용유 적당량', '고추장', '케첩', '고춧가루', '설탕', '물엿', '진간장', '후추 적당량', '통깨 적당량', '떡볶이떡 적당량', '라면사리']"
7023394,"['밀가루', '물', '소금', '식용유']"
7023393,"['쌀 먹을만큼 (쌀', '물']"
7023392,"['미지근한 물', '계란', '미림', '맛소금', '참기름', '진간장', '쪽파 적당량 (생략가능)']"
7023391,"['새송이버섯', '올리브오일 적당량', '소금 적당량', '후추 적당량']"
7023390,"['식빵', '물', '설탕', '버터', '우유']"
7023389,"['주꾸미', '삼겹살', '깻잎', '양파', '청양고추', '홍고추', '대파', '당근 약간', '밀가루', '생강가루 약간 ', '진간장', '굴 소스', '고춧가루', '고추장', '물엿', '맛술', '설탕', '다진 마늘', '참기름', '후춧가루 약간 ']"
7023388,"['냉동 바지락', '굵은소금', '물 적당량']"
7023387,"['초코쿠키믹스', '무염버터', '물', '다크초콜릿']"
7023386,"['오이', '양파', '대파', '고추장', '고춧가루', '진간장', '설탕 평평하게', '식초', '마늘', '통깨', '소금 평평하게']"
7023385,"['참나물', '양파', '사과', '고춧가루', '멸치 액젓', '매실액', '다진 마늘', '설탕', '식초', '참기름', '통깨']"
7023384,"['방풍나물', '된장', '고추장', '간장', '다진 마늘', '들기름', '통깨', '굵은소금']"
7023383,"['콩나물', '대파', '다진 마늘', '홍고추', '국간장', '까나리액젓', '다시팩', '물']"
7023382,"['오징어 젓갈', '밥', '고추', '통마늘', '굴소스', '참기름', '통깨']"
7023381,"['오징어', '육수', '무', '국간장', '간마늘', '고춧가루', '고추장', '파', '소금']"
7023380,"['메추리알', '분홍소세지', '파프리카 조금', '깨 조금', '진간장', '물', '설탕', '꿀', '다시마']"
7023379,"['쑥', '멥쌀', '콩가루 (선택사항)', '참기름', '소금']"
7023378,"['두부', '식용유 조금', '된장', '부추', '다진마늘', '다진양파', '다진대파', '물', '참기름', '깨 조금']"
7023377,"['김치', '참치캔', '양파', '부침가루', '튀김가루', '냉수', '후춧가루', '식용유 넉넉히', '파슬리가루 약간']"
7023376,"['건취나물', '다진마늘', '다진대파', '들기름', '국간장']"
7023375,"['닭다리살', '대파', '청양고추', '홍고추', '통마늘', '전분가루', '물', '우유', '소금', '후춧가루', '식용유 넉넉히', '설탕', '진간장', '맛술', '올리고당', '다진 마늘']"
7023374,"['물', '된장', '다시다', '애호박', '양파', '감자', '두부', '팽이버섯', '청양고추']"
7023373,"['브로콜리', '느타리버섯', '식초', '굵은소금', '식용유 조금', '다진마늘', '굴소스', '가는소금', '참기름', '깨소금', '후추 조금']"
7023372,"['오이', '부추', '당근', '굵은소금', '물', '고춧가루', '액젓', '다진마늘', '다진생강', '다진양파', '매실청']"
7023371,"['소면', '열무김치', '고추장', '진간장', '고춧가루', '올리고당', '식초', '참기름', '통깨 약간']"
7023370,"['돼지고기다짐육', '쪽파', '다진마늘', '다진생강', '양파', '후추', '소주', '맵찔이', '소금', '양조간장', '돼지고기 소', '붉은 새우', '가지', '부침가루', '계란', '소금 조금']"
7023369,"['병어', '감자', '양파', '고구마줄기', '청양고추', '홍고추', '대파', '고구마줄거리', '다진마늘', '고추가루', '국간장', '고추가루', '다진마늘', '다진생강', '국간장', '미림', '참치액젓', '들기름', '해물육수']"
7023368,"['사각어묵', '식용유 넉넉히', '다진마늘', '진간장', '굴소스', '고춧가루', '올리고당', '참기름', '통깨', '후추 조금']"
7023367,"['쑥', '밀가루', '소금']"
7023366,"['양파', '베이컨', '계란', '슬라이스치즈', '소금', '후춧가루']"
7023365,"['순대', '양배추', '깻잎', '양파', '대파', '당근', '표고버섯', '마늘 기름', '소금', '후추']"
7023364,"['쪽파', '액젓', '설탕', '굵은소금', '배즙', '볶은통깨 충분히', '찬밥']"
7023363,"['쪽파', '양파', '사과', '고춧가루', '멸치 액젓', '새우젓', '참치 액', '설탕', '물엿', '다진 마늘', '생강', '통깨']"
7023362,"['김치만두', '멸치육수', '계란', '국간장', '후추', '대파']"
7023361,"['계란', '크래미', '버터', '후추 톡톡']"
7023360,"['오징어', '미나리', '양파', '시판초고추장', '고추가루', '통깨']"
7023359,"['쑥', '습식 쌀가루', '소금', '설탕', '물']"
7023358,"['파스타면', '새우', '밀가루', '양파', '양송이', '버터', '루꼴라', '올리브 적당량', '그라나 파다노 치즈 적당량']"
7023357,"['우삼겹', '식용유', '양파', '카레가루', '고추가루', '물', '파슬리가루', '밥']"
7023356,"['소고기 불고기', '부추', '고추가루', '간장', '설탕', '식초', '참기름', '통깨']"
7023355,"['참치', '신김치', '김치국물', '물', '알약 육수', '국간장', '고추가루', '청양고추']"
7023354,"['메추리알', '물', '간장', '설탕', '맛술', '통깨']"
7023353,"['우삼겹', '양배추', '진간장', '굴소스', '후추', '통깨']"
7023352,"['당면', '부추', '어묵', '양파', '느타리버섯', '소금', '간장', '설탕', '물', '참기름', '깨']"
7023351,"['다시마채', '초고추장', '통깨', '고추장', '식초', '사이다', '설탕']"
7023349,"['차돌박이', '세발나물', '파스타면', '마늘', '양파 약간', '크래쉬드 레드페퍼', '소금 적당량', '진간장', '요리당', '맛술', '굴소스', '참치액']"
7023348,"['브로콜리', '새송이버섯', '당근 조금', '순두부', '들깨가루', '참치액', '알롤로스', '소금', '통깨']"
7023347,"['핫도그빵', '양배추', '오이', '당근 조금', '햄 조금', '소세지', '케찹', '마요네즈']"
7023346,"['굴', '밀가루', '계란', '빵가루', '식용유', '마요네즈', '피클', '양파', '파슬리가루']"
7023345,"['세발나물', '대파', '다진마늘', '된장', '참기름', '통깨', '식초']"
7023344,"['당면', '오이', '당근', '깻잎', '굵은소금 약간', '고춧가루', '고추장', '간장', '다진마늘', '올리고당', '식초', '후추', '참기름']"
7023343,"['토마토', '오이', '양파', '소금', '설탕', '레몬즙', '올리브오일', '후추', '파슬리가루 (생략가능)', '식초', '굵은소금 약간']"
7023341,"['밥새우', '포도씨유', '원당', '간장', '통깨', '참기름 듬뿍 ', '밥', '밥 새우볶음', '통깨', '참기름', '체다치즈']"
7023340,"['팽이버섯', '파']"
7023339,"['표고버섯', '꽈리고추', '대파 조금', '올리브유', '다진마늘', '고추가루', '진간장', '굴소스', '올리고당', '참기름 조금', '통깨 조금']"
7023338,"['삼겹살', '물', '양파', '통후추', '된장', '대파', '소주']"
7023337,"['삼겹살', '통후추', '양파', '대파', '월계수잎', '통마늘', '된장', '새우젓']"
7023336,"['세발나물', '소면', '통깨', '들기름', '고추장', '고춧가루', '간장', '매실청', '식초', '들기름', '연겨자', '세발나물']"
7023335,"['부채살', '쌀', '물', '멸치육수 티백', '양파', '마늘', '버터', '올리브유', '참치액', '쪽파', '후추 조금', '허브솔트 조금', '물', '진간장', '맛술', '올리고당']"
7023334,"['황기', '쌀', '잡곡 조금', '당근']"
7023333,"['김밥용 김', '밥', '사각 어묵', '데친 시금치', '식용유 약간', '맛소금', '참기름', '통깨', '고춧가루', '고추장', '진간장', '맛술', '설탕']"
7023332,"['파', '어묵', '마늘', '간장', '고춧가루', '맛술', '깨', '후추']"
7023331,"['감자', '오이', '사과', '당근', '슬라이스햄', '파프리카', '스위트콘 (생략가능)', '꽃소금', '머스터드', '마요네즈', '체다치즈', '양념용 소금', '파슬리가루']"
7023330,"['깻잎', '아몬드', '다진 마늘', '소금', '그라노파다노 치즈', '올리브오일']"
7023329,"['쌀', '말린 곤드레', '들기름', '간장', '생수', '다진 마늘', '설탕', '고춧가루', '청양고추']"
7023328,"['달걀', '김', '소금', '식물성기름 약간 (올리브유)', '물']"
7023327,"['돼지고기다짐육', '쪽파', '다진마늘', '다진생강', '양파', '후추', '소주', '맵찔이', '소금', '양조간장', '부침가루', '계란', '소금 조금', '오이맛고추']"
7023326,"['두부면', '냉이', '양파', '다진마늘', '냉동새우', '가리비', '양송이버섯', '비엔나소세지', '소금', '올리브오일', '파마산치즈가루', '들깨가루']"
7023325,"['소고기 불고기용', '양파', '배', '대파', '양조간장', '다진마늘', '간생강', '올리고당', '후추가루 조금', '설탕 취향껏', '생강술', '참기름 조금', '통깨 조금', '물']"
7023324,"['활전복 특대사이즈', '생강술']"
7023323,"['활전복 특대', '찹쌀', '맵쌀', '밥', '당근 조금', '양배추 조금', '쪽파', '올리브유', '생강술', '소금 취향껏', '후추가루 아주조금', '볶은깨 갈아준것', '참기름']"
7023322,"['어묵', '양파', '고춧가루', '고추기름', '마늘', '진간장', '굴소스', '물엿', '설탕', '맛술', '참기름', '통깨', '어묵']"
7023321,"['삼겹살', '고추장', '진간장', '고춧가루', '후추', '맛술', '굴소스', '카레가루', '다진마늘', '생강청', '양파', '대파', '삼겹살']"
7023320,"['브라운브레드', '바질페스토', '카야잼', '베이컨', '새싹채소 넉넉히', '할라피뇨 넉넉히', '절인 토마토']"
7023319,"['우유', '엑설런트 아이스크림', '에스프레소']"
7023318,"['샐러리', '당근', '감자', '양파', '올리브오일 적당히', '통마늘', '버터', '토마토 소스', '브로콜리', '카레']"
7023317,"['부추', '당근', '청양고추', '달걀', '밀가루', '물', '소금']"
7023316,"['건 시래기', '물', '다시팩', '된장', '다진 마늘', '양파', '청양고추', '홍고추', '대파 조금']"
7023315,"['우유', '딸기', '스피룰리나 취향껏', '꿀']"
7023314,"['베이글', '버터 넉넉히', '계란', '소금 조금', '우유 조금', '마요네즈', '메이플시럽 넉넉히', '치즈']"
7023313,"['풋고추', '된장', '고춧가루', '설탕', '매실액', '참기름', '깨']"
7023312,"['당근라페', '식빵', '계란', '상추', '슬라이스햄', '홀그레인머스타드']"
7023311,"['미나리', '당근', '양파', '대파', '고춧가루', '참치액', '소금', '다진 마늘', '매실청', '식초', '설탕', '간 깨', '참기름', '통깨 조금', '식초']"
7023310,"['계란', '굵은소금', '물', '식초']"
7023309,"['부추', '고춧가루', '진간장', '꽃게액젓', '매실청', '설탕', '식초', '참기름', '깨 약간']"
7023308,"['취나물', '쏭쏭 썬 대파', '멸치액젓', '다진마늘', '참기름', '통깨', '소금 약간 (부족한 간 맞추기)', '굵은소금', '식초']"
7023307,"['돼지고기 (다짐육)', '두부', '대파', '당근', '부추', '다진생강', '다진마늘', '간장', '참기름', '소금', '후추', '달걀', '부침가루']"
7023306,"['링귀니', '새우', '맛술', '마늘', '베이컨', '우유', '버터', '참치액', '치킨스톡', '고운 청양고춧가루', '체다치즈', '파르지미아노 레지아노 치즈', '후추 약간']"
7023305,"['삶은 곤드레', '쌀', '표고버섯', '물', '쯔유', '들기름', '국간장', '들기름']"
7023304,"['당근', '소금', '올리브유', '레몬즙', '홀그레인 머스터드', '꿀', '후추 약간', '당근라페 적당량', '베이글', '베이컨', '치즈', '달걀', '토마토', '바질페스토 약간', '마요네즈 약간']"
7023303,"['모닝빵', '가염버터', '히말라야 솔트 약간']"
7023302,"['국수', '양파', '애호박', '당근 조금', '청양고추', '다시마', '무우', '다진마늘', '소금', '참치액젓', '물', '간장', '고추가루', '다진마늘', '청양고추', '홍고추', '대파 조금', '설탕', '참기름', '후추 조금', '깨소금']"
7023301,"['닭가슴살', '새우', '계란', '부침가루 적당량', '빵가루 적당량', '소금', '후추 적당량']"
7023300,"['숙주', '멸치액젓', '참기름', '깨소금 약간', '가자미', '식용유', '달래장 약간', '표고버섯', '꽈리고추', '마늘', '식용유', '멸치액젓', '참기름', '깨소금 약간', '우거지', '청양초', '육수', '된장', '마늘 약간']"
7023299,"['베이컨', '계란', '김밥김', '로메인', '적겨자잎', '마요네즈 적당량', '참기름 적당량', '홀스래디쉬 적당량 ', '통깨']"
7023298,"['민들레 잎', '찬밥', '굵은소금', '설탕', '다진마늘', '액젓', '볶은통깨 약간', '배즙']"
7023296,['고구마']
7023295,"['도토리묵', '달래장', '통깨 약간', '쑥', '육수', '된장', '들깻가루']"
7023292,"['닭', '감자', '양파', '대파', '청양고추', '소금', '물', '진간장', '고춧가루', '설탕', '다진 마늘', '쌈장 듬뿍']"
7023291,"['김장김치', '비엔나소세지', '다진마늘', '매실액', '천연조미료 가루', '멸치액젓', '물']"
7023290,"['산낙지', '양파', '당근', '양배추', '밀가루', '쪽파', '청양고추', '식용유', '고춧가루', '고추장', '진간장', '간마늘', '올리고당', '설탕', '간생강']"
7023289,"['대패삼겹살', '실파', '간장 (1:1:1 비율)', '참기름 (1:1:1 비율)', '감식초 (1:1:1 비율)', '깨소금 약간']"
7023288,"['차돌박이', '알배추', '자른미역', '청양고추', '홍고추', '샤브샤브 육수']"
7023287,"['돼지고기다짐육', '쪽파', '다진마늘', '다진생강', '양파', '후추', '소주', '맵찔이', '소금', '양조간장', '깻잎', '부침가루', '계란', '소금 조금']"
7023285,"['밥', '오트밀', '소고기', '오이', '당근', '양송이버섯', '채수 육수']"
7023284,"['돼지 앞다리살', '당근', '대파', '다진마늘', '진간장', '맛술', '매실액', '설탕', '올리고당', '참기름', '후춧가루 약간']"
7023283,"['가지', '부침가루', '튀김가루', '차가운 물', '쪽파', '홍고추', '청양고추', '간장', '고춧가루', '식초', '다진마늘', '매실액', '통깨 약간', '올리고당 약간']"
7023282,"['표고버섯', '무', '양파', '대파', '멸치', '다시마', '물', '육수', '국간장', '참치액', '맛술', '쭈꾸미', '알배추', '청경채', '콩나물', '팽이버섯', '표고버섯', '밀가루 약간', '다진양파', '다진마늘', '육수', '진간장', '설탕', '레몬즙', '깨소금 약간']"
7023281,"['와인', '배', '오렌지', '감', '키위', '레몬', '팔각', '정향', '카다멈', '시나몬 스틱', '원당', '과일 건지', '원당']"
7023280,"['계란', '노른자', '백설탕', '꿀', '박력분', '옥수수 전분', '무염버터', '우유', '바닐라익스트랙', '물', '설탕', '키르슈', '생크림', '화이트커버춰', '생크림', '딸기']"
7023279,['롤유부초밥 (동원)']
7023278,"['목살', '닭가슴살', '녹말가루', '후추가루 조금', '소금 조금', '간장', '맛술', '칠리소스', '올리고당', '설탕', '레몬즙', '고추가루', '고추장', '다진마늘', '물']"
7023277,"['사골육수', '순대', '대파', '들깨가루 취향껏', '사골육수', '새우젓', '고춧가루', '후춧가루 톡톡']"
7023276,"['꽁치통조림', '김치', '대파', '양파', '청양고추', '설탕', '들기름', '카놀라유', '된장', '다진마늘', '물', '쌀가루']"
7023275,"['절단낙지', '새우살', '양념불고기', '채썬 양배추', '양파', '당근', '대파', '청양고추', '홍고추', '다시육수', '고춧가루', '국간장', '다진마늘', '생강가루', '참치액젓', '맛술', '후추 조금']"
7023266,"['소알꼬리', '물', '소알꼬리', '물', '소알꼬리', '물', '소알꼬리', '물']"
7023265,"['모닝빵', '달걀', '후추 약간', '소금 약간', '햄', '양배추 취향껏', '케첩 약간', '마요네즈 약간', '딸기잼 약간']"
7023264,"['소고기', '맛술', '밥', '새송이버섯', '양파', '국간장', '참치액', '물', '소금 약간', '참기름', '카놀라유', '참기름 약간', '통깨 약간']"
7023263,"['소알꼬리', '물', '대파', '통마늘', '월계수잎', '물', '양파', '대파', '통마늘', '다진생강', '통후추', '소알꼬리 (삶기전', '청양고추', '우동면', '고추장', '맛술', '다진마늘', '간장', '설탕', '올리고당', '고춧가루', '매운 고춧가루', '물', '후춧가루 톡톡톡']"
7023262,"['밥', '참기름 약간', '맛소금 약간', '맛살', '김밥용햄', '단무지', '우엉 김밥세트', '시금치', '김', '달걀', '소금 약간']"
7023261,"['참나물', '설탕', '간장', '고춧가루', '식초', '참기름', '통깨 약간']"
7023260,"['돼지고기앞다리살', '대파', '양파', '청양고추', '물', '고추장', '고추장', '다진마늘', '설탕', '고춧가루', '참기름', '통깨 약간']"
7023259,"['순대', '물', '양배추', '대파', '양파', '청양고추', '깻잎', '들깻가루', '식용유', '간장', '간마늘', '굵은 고춧가루', '황설탕', '고추장', '물', '후춧가루 약간']"
7023258,"['우삼겹', '알배추', '새송이버섯', '표고버섯', '청경채', '부추 약간', '두부 약간', '청양고추', '홍고추', '간장', '굴소스', '식초', '맛술']"
7023257,"['봄동', '튀김가루', '물']"
7023256,"['달걀', '영양부추', '물', '소금', '참기름', '올리브유 약간 (또는 식물성부침기름)']"
7023255,"['대패삼겹살', '콩나물', '대파', '양파', '청양고추', '홍고추', '고추장', '고춧가루', '진간장', '맛술', '설탕', '다진마늘', '참기름']"
7023254,"['치킨무', '고춧가루', '다진마늘', '멸치액젓']"
7023253,"['돼지고기', '대파', '양파', '마늘', '고추장', '진간장', '설탕', '고춧가루', '깨소금', '참기름', '후추 (조절)', '소금 (조절)']"
7023252,"['달걀', '오이', '스위트콘', '물', '소금', '식초', '마요네즈', '허니머스터드', '설탕', '후추', '맛소금']"
7023251,"['도토리묵', '오이', '당근', '양파', '미나리 약간 (또는 쑥갓)', '청양고추', '간장', '고춧가루', '설탕', '다진마늘', '참기름']"
7023250,"['식빵', '계란', '우유', '버터', '소금', '설탕']"
7023249,"['부라타치즈', '올리브오일', '썬드라이토마토', '그라나파다노치즈', '발사믹소스', '샐러드채소', '방울토마토']"
7023248,"['닭다리살', '소금', '후추 톡톡', '우유', '전분', '마늘', '청양고추', '홍고추 조금', '파채', '간장', '원당', '맛술', '조청']"
7023247,"['무말랭이', '깻잎', '고추가루', '설탕', '참치액', '매실액', '다진마늘', '간장', '올리고당']"
7023246,"['카라멜', '에스프레소', '얼음 적당량', '우유']"
7023245,"['무', '천일염', '설탕', '물', '밀가루', '고춧가루', '멸치액젓', '설탕', '새우젓', '다진마늘', '소금', '생강가루', '쪽파 약간']"
7023244,"['돼지목살', '식용유 약간', '진간장', '물', '맛술', '설탕', '올리고당', '다진 마늘', '참기름']"
7023243,"['해초미역국수', '두부', '우유', '통깨', '소금 약간', '오이 약간 (채썬)', '삶은계란', '방울토마토']"
7023242,"['순두부', '스팸', '청양고추', '고춧가루', '설탕', '굴소스', '진간장', '대파 넉넉히', '후춧가루 약간']"
7023241,"['레몬', '베이킹파우더 적당량', '소금 적당량']"
7023240,"['건미역', '소고기', '참기름', '국간장', '까나리액젓', '육수코인']"
7023239,"['상추', '참나물', '방울토마토', '소금', '발사믹식초', '올리브오일']"
7023238,['아보카도']
7023237,"['찬밥', '콩나물', '다진돼지고기', '간장', '맛술', '설탕', '청양고추', '홍고추', '양파', '다진마늘', '통깨', '참기름', '물']"
7023236,"['두부', '당근', '계란', '부침가루', '전분', '대파', '돌산갓', '소금']"
7023235,"['냉동만두', '물 적당량']"
7023234,"['양배추', '사과', '올리브오일', '레몬즙', '알룰로스', '씨겨자', '다진마늘', '소금']"
7023233,"['오징어', '대파', '깻잎', '양파', '당근', '청양고추', '소금', '밀가루', '식용유', '고춧가루', '마늘', '생강', '진간장', '굴 소스', '고추장', '설탕', '물엿', '감자전분', '통깨', '참기름']"
7023232,"['연근', '동그랑땡반죽', '파프리카', '계란', '소금', '식초', '부침가루', '해바라기유 조금']"
7023231,"['감자수제비', '감자', '양파', '양송이', '고추', '대파 약간', '닭육수', '소금 약간']"
7023230,"['레몬즙', '토닉워터', '레몬타임', '꿀', '얼음 약간']"
7023229,"['유럽점나도 나물', '맛소금', '참기름', '통깨', '다진마늘 약간', '굵은소금']"
7023228,"['쌀국수면', '양배추', '오이', '냉면육수', '고추장', '굵은고춧가루', '다진마늘', '설탕', '식초']"
7023227,"['감자', '부추', '애호박', '청양고추', '육수', '된장', '고추장', '고춧가루', '다진마늘']"
7023226,"['사각어묵', '무 조금', '어간장', '대파', '마늘', '코인육수', '물']"
7023225,"['주꾸미', '양파', '홍고추', '청양고추', '대파', '고추장', '고추가루', '양조간장', '설탕', '참치액젓', '다진생강', '다진마늘', '참기름', '깨소금']"
7023224,"['염장다시마', '양파', '설탕', '고춧가루', '액젓', '다진마늘', '참기름', '통깨']"
7023223,"['식빵', '계란', '당근', '양파', '양배추', '훈제삼겹살', '파', '캐찹 적당히', '딸기잼 적당히', '설탕']"
7023222,"['LA갈비', '대파', '청양고추', '홍고추', '다진 마늘', '다진 생강', '전분가루', '물', '물', '설탕', '식초', '진간장', '소금 약간', '후춧가루 약간', '맛술']"
7023221,"['데친 봄나물', '된장', '고추장', '간 깨', '참기름', '다진 마늘', '데친 봄나물', '국간장', '간 깨', '참기름', '다진 마늘']"
7023220,"['순두부', '다진고기', '다진대파', '다진마늘', '양파', '계란', '청양고추', '고춧가루', '올리브유', '들기름', '설탕', '진간장', '다시다', '후추 조금']"
7023219,"['돼지고기', '김치', '양파', '대파', '황설탕', '고추장', '진간장', '간마늘', '고춧가루', '참기름', '물', '생강가루 약간 (생략가능)']"
7023218,"['감자수제비', '애호박', '양파', '당근', '감자', '표고버섯', '김치', '김치국물 약간', '멸치육수', '간장 (or 소금으로 간맞추기)', '고춧가루']"
7023217,"['밥', '햄', '당근', '파프리카', '양파', '달걀', '식용유', '케찹', '굴소스', '소금 약간', '후춧가루 약간']"
7023216,"['달걀', '소금 조금', '식용유 조금']"
7023215,"['쇠미역', '청양고추', '통마늘', '물', '진간장', '설탕', '식초']"
7023214,"['꽈리고추', '부침가루', '물 약간', '고춧가루', '진간장', '매실액', '올리고당', '다진마늘', '참기름', '다진대파', '통깨']"
7023213,"['북어', '콩나물', '두부', '대파', '청양고추', '물', '맛소금', '국간장', '다진마늘', '참기름', '맛소금']"
7023212,"['돼지고기 다짐육', '대파', '청양고추', '밥', '식용유', '진간장', '굴소스', '우스터소스', '맛술', '설탕', '다진마늘', '다진생강', '후추']"
7023211,"['베이글', '버터', '다진마늘', '알룰로스', '파슬리 약간']"
7023210,"['강력분', '인스턴트드라이이스트', '탈지분유', '소금', '설탕', '물', '달걀', '무염버터', '팥앙금', '물 약간', '흑임자 약간', '생크림', '설탕', '연유', '초코 머핀', '달걀노른자', '우유']"
7023209,"['달래', '간장', '메이플시럽', '식초', '고춧가루', '깨 조금']"
7023208,"['동물성 휘핑크림', '흑임자 파우더', '설탕', '얼음 적당량', '우유', '에스프레소']"
7023207,"['당근', '계란', '버터', '아몬드슬라이스', '호두', '유자청', '녹인버터', '크림치즈', '꿀', '레몬즙']"
7023206,"['납작 만두', '피자치즈', '다진 청양고추', '깨', '꿀', '식용유']"
7023205,"['납작 만두', '달걀', '소시지', '다진 파', '슬라이스 치즈', '식용유', '후추 조금']"
7023203,"['강력분', '드라이이스트', '소금', '설탕', '달걀', '탈지분유', '물', '버터']"
7023202,"['애호박', '당근', '두부', '새우젓', '천일염', '후추', '다진 마늘', '육수']"
7023201,"['연탄 불고기', '양파', '올리브 오일 조금', '식빵', '갈릭디핑소스']"
7023200,"['동부묵', '만능간장', '올리고당', '쪽파', '참기름', '조미김 큰거', '깨']"
7023199,"['콩비지', '돼지고기', '김치', '다진마늘', '대파', '양파', '설탕 약간', '소금 약간', '액젓 약간', '고춧가루']"
7023198,"['깻잎', '간장', '물', '고춧가루', '설탕', '다진 양파', '다진 파', '다진 마늘', '통깨']"
7023197,"['만두피', '칵테일새우', '소금', '후추']"
7023196,"['만두', '양배추', '고춧가루', '설탕', '식초', '설탕', '통깨 약간', '고추장']"
7023195,"['쪽파', '사각 어묵', '마늘', '국찌개용 맛간장', '설탕', '고추가루', '참기름', '통깨']"
7023194,"['고구마', '전분가루', '우유', '검은깨']"
7023193,"['월동무', '사과', '홍고추', '쪽파 조금', '양파 작은것', '마늘', '배', '굵은소금', '멸치액젓', '생수', '소금 취향껏', '설탕']"
7023192,"['총각무김치 넉넉히', '들기름', '설탕', '통깨', '다진마늘']"
7023191,"['치즈스틱', '김밥용김', '공기밥', '스팸햄', '참기름', '통깨 약간', '소금 약간']"
7023190,"['콩', '물', '베어그릭스 비건 유산균']"
7023189,"['귀리번', '오이', '로메인 적당량', '마요네즈 적당량', '타르타르소스 적당량', '홀그레인 머스타드 적당량', '소금 적당량', '후추 적당량']"
7023188,"['참치', '퀵 오트밀', '계란', '대파', '마늘', '김가루 약간', '물', '치킨스톡', '들기름', '통깨']"
7023187,"['생새우', '계란', '밀가루 적당량', '빵가루 적당량']"
7023186,"['콩고기', '피망', '양파', '통마늘', '홍고추', '콩고기', '간장', '다진마늘', '설탕', '참기름', '후추 조금', '굴소스', '깨소금', '참기름', '후추 조금']"
7023185,"['돼지고기사태', '고추장', '다진마늘', '감자', '양파 작은거', '호박', '새송이버섯', '손두부', '대파', '청양고추', '홍고추', '새우젓', '간장', '고추가루', '후추 톡톡']"
7023184,"['세발나물', '부침가루', '당근', '계란', '칵테일새우 취향껏 (생략가능)', '양파', '청양고추', '소금', '물']"
7023183,"['현미밥', '오이', '참치', '계란', '양파', '김가루 약간 (조미김 사용)', '저당 고추장', '알룰로스 액체형', '참기름']"
7023182,"['참나물', '고추가루', '설탕', '식초', '양조간장', '참기름', '참깨 약간']"
7023181,"['쑥', '당근', '양파', '가는 우엉', '오일', '튀김가루', '튀김가루', '얼음', '물', '물', '식초']"
7023180,"['바지락', '소금', '올리브유', '마늘', '페페론치노', '청양고추', '청주', '파스타면', '면수', '통후추 약간']"
7023179,"['발효 콩비지', '다진 당근', '다진 양파', '다진 새송이버섯', '봄동', '다진 홍고추', '다진 풋고추', '부침가루', '계란', '후춧가루 약간', '생강가루 약간', '다진 마늘', '참치액젓', '식용유 적당량']"
7023178,"['삼겹살', '김치', '설탕', '밥', '김자반']"
7023177,"['양배추', '두부', '다진양파 작은거', '청양고추', '다진마늘', '된장', '고추장', '매실액', '참기름', '통깨']"
7023176,"['돼지고기다짐육', '쪽파', '다진마늘', '다진생강', '양파', '후추', '소주', '맵짤이', '소금', '양조간장', '표고버섯', '부침가루', '계란', '소금 조금']"
7023175,"['당근', '홀그레인머스타드', '꿀', '올리브유', '레몬즙']"
7023174,"['계란', '참치액', '모짜렐라치즈', '식용유']"
7023173,"['잔멸치', '올리브유', '간장', '올리고당', '통깨']"
7023172,"['서리태', '물', '진간장', '맛술', '올리고당', '참기름', '통깨']"
7023171,"['삭힌 고추장아찌', '고추장', '고춧가루', '매실청', '물엿', '통깨']"
7023170,"['우엉', '식초', '다시마육수', '참기름', '통깨 약간', '식용유', '진간장', '황설탕', '맛술', '조청']"
7023169,"['참나물', '국간장', '참기름', '다진 마늘', '다진 대파', '소금 기호껏']"
7023168,"['닭가슴살', '오이', '홍 파프리카', '노랑 파프리카', '양파', '통후추', '월계수잎', '맛술', '소금 약간', '후춧가루 약간', '연겨자', '식초', '설탕', '다진 마늘', '진간장', '참기름']"
7023167,"['퍼프 패스츄리생지 (시판)', '아몬드 슬라이스', '설탕 (분당)', '달걀 노른자', '설탕 A', '우유', '설탕 B', '바닐라 빈', '체 친 박력분', '무염버터', '차가운 생크림', '설탕', '코앵트로']"
7023166,"['소고기 다짐육', '양파', '대파', '간마늘', '설탕', '식용유', '맛술', '생강청', '홍게간장', '고추장', '식용유']"
7023165,"['밥', '새우', '배추', '표고버섯', '마', '굴소스', '소금 약간', '후춧가루 약간', '참기름']"
7023164,"['파프리카돼지고기반죽 ', '가지', '부침가루', '계란', '해바라기유']"
7023163,"['백오이', '콜라비', '쪽파', '소금', '고추가루', '다진마늘', '멸치액젓', '새우젓', '설탕', '통깨 조금']"
7023162,"['돼지고기 다짐육', '당근 조금', '양배추 조금', '부추 조금', '두부', '계란', '빨간 파프리카', '노란 파프리카', '부침가루', '소금', '후추가루 아주조금', '해바라기유']"
7023161,"['떡볶이떡', '어묵꼬치', '삶은계란', '대파 넉넉히', '채소육수', '고추장', '설탕', '물엿', '매실액 약간 ', '고춧가루']"
7023160,"['한우양지', '통마늘', '청양고추', '홍고추', '다시마', '진간장', '설탕', '물엿', '통깨', '후춧가루 약간 ']"
7023159,"['냉동암 꽃게', '어묵 (길쭉어묵)', '사각어묵', '무', '대파', '청양홍고추', '된장', '국간장', '고춧가루', '청주', '다진마늘', '후춧가루', '멸치육수']"
7023158,"['데친 미역', '국간장', '식초', '매실청', '고춧가루', '간 깨', '참기름', '다진마늘']"
7023157,"['얼갈이배추', '냉동 홍합살', '두부', '고추씨', '된장', '고추가루', '다진마늘', '후추가루 조금', '생강술']"
7023156,"['무우', '다시마', '쌀', '잡곡 조금']"
7023155,"['고등어자반', '무', '파', '물', '간장', '멸치액젓', '매실액', '고춧가루', '다진마늘', '설탕', '후추 약간']"
7023154,"['두부', '식용유 적당량', '달래', '양조간장', '들기름', '고춧가루', '다진마늘', '올리고당', '통깨']"
7023153,"['닭 볶음탕용', '묵은지', '대파', '감자', '단호박', '양파', '당근', '청양고추', '꽈리고추', '고추장', '고춧가루', '진간장', '매실청', '설탕', '맛술', '다진마늘', '후춧가루 약간', '참기름']"
7023152,"['갓', '쪽파 조금', '갓', '쪽파 약간', '데침용 굵은소금', '갓 절인것 (봄갓)', '밀가루풀', '고춧가루', '액젓', '설탕', '다진마늘', '미원', '굵은소금 약간', '볶은통깨 충분히', '배즙', '사과즙']"
7023151,"['바지락살', '순두부', '코인육수', '양파', '마늘', '청양고추', '대파', '팽이버섯', '계란', '고추가루', '국간장', '참치액', '식용유']"
7023150,"['호밀식빵', '바나나', '땅콩버터']"
7023149,"['절단 낙지', '냉동 새우살', '멸치육수', '호박', '당근', '양파', '대파', '홍고추', '청양고추', '국간장', '맛술', '다진마늘', '참치액젓', '소금 조금', '후추 조금', '밀가루', '물', '카놀라유', '소금']"
7023148,"['삼겹살', '맛술', '후추 약간', '범일콩된장', '다진 마늘', '설탕', '통깨', '참기름']"
7023147,"['한우 육회', '육회소스', '어린잎 넉넉히', '계란 노른자', '깨 조금']"
7023146,"['감자', '통조림햄', '튀김가루', '소금']"
7023145,"['유부초밥세트', '두부', '참치']"
7023144,"['쪽파', '초고추장']"
7023143,"['닭안심', '양파', '청양고추', '감자', '양념소스', '대파']"
7023142,"['닭다리', '간장', '설탕', '꿀', '물', '다진마늘', '후추', '맛술', '우유', '굵은소금', '치킨가루', '쌀가루', '물']"
7023141,"['오이', '소금', '설탕', '식초', '깨 넉넉히']"
7023140,"['현미국수 (100원짜리 동전 크기 *', '양파', '당근', '애호박', '표고버섯', '계란', '물', '다시마', '멸치', '표고버섯', '국간장', '대파', '다진마늘', '진간장', '알룰로스', '통깨', '후추', '참기름']"
7023139,"['어묵', '대파', '홍고추', '진간장', '맛간장', '요리당', '맛술', '통깨', '마늘', '후추 톡톡 ']"
7023138,"['돼지고기', '양파', '생강', '대파', '진간장', '설탕', '청주', '가쓰오다시', '미림', '백후추 조금 (흑후추 가능)']"
7023137,"['서더리', '무', '다시마', '양파', '당근', '대파', '청양고추', '홍고추', '새송이버섯', '미나리', '깻잎 생강술', '식초', '고추가루', '마늘 ', '고추장', '고추가루', '마늘', '청주', '집간장', '참치액', '후추']"
7023136,"['참치', '양파', '대파', '고추장', '설탕', '후추', '참기름', '참깨', '물 또는 육수']"
7023135,"['봄나물 취향껏', '매실액', '식초', '설탕', '간장', '고춧가루', '고추장', '다진마늘', '참기름', '통깨']"
7023134,"['쑥', '양파', '물', '부침가루', '튀김가루']"
7023133,"['만두피', '칵테일새우', '양파', '할라피뇨', '베이컨', '모차렐라치즈', '식용유 조금', '토마토스파게티소스']"
7023132,"['생크림', '계란', '바닐라오일 약간', '박력분', '베이킹파우더', '설탕', '소금', '아몬드슬라이스 적당량']"
7023131,"['환삼덩굴어린순', '환삼덩굴어린순', '간장', '설탕', '다진마늘', '고춧가루', '참기름', '볶은통깨', '맛소금', '참기름', '고춧가루', '볶은통깨', '굵은 소금']"
7023130,"['감자', '통조림햄 작은것', '당근 조금', '양파', '소금', '통깨 조금']"
7023129,"['계란', '냉동해물', '냉동새우', '퀵 오트밀', '대파', '물', '참기름', '통깨', '치킨스톡', '미림', '후추']"
7023128,"['구운계란', '고구마', '마늘', '간장', '술', '매실액', '생강청', '참기름']"
7023127,"['호밀식빵', '계란', '오리고기', '양상추', '치즈', '저당 케찹', '저당 머스타드']"
7023126,"['알배추', '숙주', '팽이버섯', '오리고기']"
7023125,"['오이', '간 깨', '진간장', '식초', '올리고당', '참기름']"
7023124,"['닭가슴살', '양파', '체다치즈', '통밀또띠아', '계란']"
7023123,"['알배추', '굵은소금', '고추가루', '새우젓', '멸치액젓', '마늘', '생강즙', '설탕', '쪽파']"
7023122,"['사각어묵', '무', '간장', '후추 약간', '간마늘', '소금', '파', '육수']"
7023121,"['김치', '부침가루', '밀가루', '물', '소금', '설탕', '양파']"
7023120,"['물파래', '무 약간', '굵은소금', '액젓', '다진마늘', '고춧가루', '생강청', '식초', '깨']"
7023119,"['양배추', '올리브유', '올리고당', '두부', '견과류', '소금', '레몬즙']"
7023118,"['누들떡', '크림소스 적당히', '쪽파 약간', '삶은계란', '코인육수', '물', '소시지', '고추장', '고춧가루', '물엿', '설탕', '매실액 약간']"
7023117,"['어묵꼬치', '코인육수', '대파 넉넉히', '청양고추', '홍고추', '삶은계란', '참치액', '무 약간 ']"
7023116,"['달래', '진간장', '맛술', '설탕', '고춧가루', '통깨', '참기름']"
7023115,"['쌀', '다시마', '세멸치', '간장', '소금 약간 ', '맛술', '국간장', '쪽파']"
7023114,"['돼지고기', '물', '대파', '양파', '사과', '월계수잎', '소주', '된장', '생강즙', '후추 톡톡 ']"
7023113,"['두부', '참치', '양파', '청양고추', '저당 고추장', '알룰로스', '들기름']"
7023112,"['식빵', '버터', '파슬리 가루 적당량 (또는 바질 가루)']"
7023111,"['잔멸치', '꽈리고추', '통마늘', '홍고추', '대파 흰대', '고추장', '고추가루', '간장', '다진마늘', '생강', '물엿', '설탕', '깨소금']"
7023110,"['양배추', '밥', '계란', '마른 새우', '대파', '오일', '액젓', '굴소스', '참기름', '참깨', '후추 약간']"
7023109,"['열무', '양파', '사과', '홍고추', '대파 흰부분', '찬밥', '마늘', '멸치액젓', '매실청', '고춧가루', '소금', '깐쪽파', '굵은소금', '물']"
7023108,"['양배추', '팽이버섯', '냉동새우', '편마늘', '참치액', '페페론치노 조금', '소금', '후추 톡톡']"
7023107,"['김장김치', '올리브오일', '다진마늘', '후추', '마늘허브소금', '바질가루', '로즈마리', '토마토파스타소스', '홀토마토소스', '코인육수', '물', '김칫국물', '면수', '펜네', '리가토니 파스타', '꼰길리에파스타']"
7023106,"['왕교자', '또띠아', '스파게티소스', '슬라이스햄', '모짜렐라치즈', '체다슬라이스치즈']"
7023105,"['등갈비', '양파', '대파', '월계수잎', '소주', '청양고추', '홍고추', '묵은지', '고추장', '된장', '진간장', '다진마늘', '설탕', '맛술', '고춧가루', '카레가루', '참치액']"
7023104,"['초코', '설탕', '밀가루', '계란', '포도씨유', '생크림', '핫초코가루']"
7023103,"['양파', '청양고추', '홍고추', '흑설탕', '진간장', '식초', '물']"
7023102,"['발효 비지', '배추김치', '김칫 국물', '다진 양파', '다진 당근', '다진 새송이버섯', '부침가루', '계란', '참치액젓', '소금 약간', '식용유 적당량', '초간장 적당량']"
7023101,"['김', '깻잎', '단무지', '우엉', '맛살', '얇은 햄', '밥', '소금', '참기름', '통깨']"
7023100,"['돼지목살', '양파', '대파', '다진 마늘', '고추장', '굵은고춧가루', '참기름', '매실액', '맛술', '식초', '후춧가루']"
7023099,"['물', '간장', '계란', '참기름', '낫토', '밥', '김가루']"
7023098,"['방아잎', '홍합', '애호박', '당근', '양파', '청양고추', '식용유 약간', '튀김가루', '검정깨', '새우가루', '소금', '물 약간']"
7023097,"['고형카레', '칵테일새우', '감자', '당근', '양파', '애호박', '양배추', '다진 소고기', '식용유 약간', '우유', '요구르트', '물', '밥', '청주', '버터', '소금', '후추']"
7023096,"['다시마', '가쓰오부시', '계란', '대파', '두부', '물', '국간장', '청주', '소금']"
7023095,"['손질한 박하지', '청주', '콩나물', '양파', '청경채', '새송이버섯', '물', '팽이버섯', '쑥갓', '청양고추', '대파', '된장', '고추장', '고춧가루', '청주', '다진마늘', '후춧가루', '참치액', '소금', '내장제거한 멸치', '디포리(밴댕이)', '건홍청양 고추', '무', '대파뿌리', '편생강', '양파껍질', '다시마']"
7023094,"['시래기', '건표고버섯', '된장', '다진마늘', '고운고춧가루', '들기름', '물', '물', '청양고추', '홍고추', '대파 (어슷썬 대파)', '국간장', '들깨가루', '내장제거한 멸치', '디포리', '건홍청양 고추', '표고버섯 대', '무', '대파뿌리', '편생강', '양파껍질']"
7023093,"['물', '육수팩', '다진마늘', '참치액', '양조간장', '대파', '김밥김', '후춧가루', '계란', '소금', '식용유']"
7023092,"['메츄리알', '마늘', '말린표고', '다시마', '물', '진간장', '흑설탕', '조청']"
7023091,"['더덕', '소금 약간', '참기름 약간', '고추장', '간장', '다진마늘', '황설탕', '물엿', '꿀', '참기름', '쪽파', '통깨 약간', '검은깨 약간']"
7023090,"['잔멸치', '견과류', '올리고당', '흑설탕', '참기름', '참깨']"
7023089,"['우엉', '현미유', '물', '진간장', '조청', '다진마늘', '올리고당', '들기름', '참깨']"
7023088,"['돼지고기', '양배추', '감자', '당근', '양파', '오뚜기 분말소스', '버터', '설탕']"
7023087,"['어묵', '작은 양파', '미니 표고버섯', '현미유', '진간장', '꿀', '다진마늘', '참기름', '참깨']"
7023086,"['닭', '육수 (삼계탕 육수스틱)', '전복', '마늘 ( 또는 한방 재료)']"
7023085,"['미나리', '소금', '다진마늘', '참기름', '깨']"
7023084,"['삼겹살', '팽이버섯', '대파', '고추장', '고춧가루', '간장', '설탕', '다진마늘', '참기름', '깨']"
7023083,"['대파', '참소스', '고춧가루', '참기름', '깨']"
7023082,"['깻잎', '양배추잎', '물', '설탕', '식초', '소금', '통후추', '베트남고추', '월계수잎']"
7023081,"['도토리묵', '오이', '쪽파', '상추', '깻잎', '청양고추', '홍고추', '양파', '간장', '고춧가루', '다진마늘', '설탕', '깨소금', '참기름']"
7023080,"['가지', '돼지고기', '대파', '소금', '생강술', '후추', '전분가루', '튀김가루', '물', '진간장', '물', '유자청', '식초', '설탕', '레몬즙', '홍고추', '쪽파']"
7023079,"['오징어', '삼겹살', '당근 조금', '대파', '양파', '다진마늘', '고추장', '고춧가루', '간장', '올리고당', '설탕', '미림', '후추', '물', '참기름', '깨소금 살짝']"
7023078,"['다시마채', '홍고추', '쪽파', '멸치액젓', '고추가루', '다진마늘', '생강술', '설탕', '참기름', '통깨']"
7023077,"['양배추', '올리브오일', '레몬즙', '홀그레인 머스타드', '설탕', '꿀', '소금', '후추 약간', '물', '식초', '식빵', '크림소스 취향껏', '쨈 취향껏']"
7023076,"['포항초', '다진마늘', '다진파', '고추장', '식초', '조청', '통깨', '참기름 조금']"
7023075,"['오징어', '무', '물 or 육수', '다진마늘', '국간장', '고춧가루', '대파', '청양고추', '소금 약간']"
7023074,"['바게트', '야생 루꼴라', '소시지', '계란', '쨈', '크림치즈', '오일']"
7023073,"['모닝빵', '슬라이스 햄', '치즈', '우유', '설탕', '계란', '소금 약간', '버터']"
7023072,"['명란젓', '쪽파', '홍고추', '고추가루', '올리고당', '생강술', '참기름', '통깨']"
7023071,"['엉겅퀴 적당히', '대파', '쌀뜬물 넉넉히', '된장', '다진마늘', '국간장', '맛소금 조금']"
7023070,"['훈제오리', '양배추', '미나리', '고춧가루', '다진마늘', '간장', '소금', '식초', '스테비아']"
7023068,"['만두', '김밥용김', '무순 적당량', '양배추', '간장', '고춧가루', '쪽파 약간', '마늘']"
7023067,"['표고버섯', '간장', '마요네즈', '실파', '통깨 약간']"
7023066,"['얼갈이 배추', '다진 파 조금', '다진 마늘', '국간장', '참치 액젓', '참기름', '깨 조금']"
7023065,"['두부', '당근', '오이', '풋고추', '계란', '김밥김', '소금']"
7023064,"['다슬기', '다진 마늘', '소금', '된장', '들깨가루', '청양고추', '부추']"
7023063,"['알감자', '소금', '버터', '소금', '설탕', '파슬리가루 약간']"
7023062,"['느타리버섯', '풋고추', '다진마늘', '간장', '굴소스', '들깨가루', '참기름', '깨']"
7023061,"['브로콜리', '식용유', '다진마늘', '통마늘', '소금', '들깨가루']"
7023060,"['식빵', '맛살', '샌드위치 햄', '슬라이스치즈', '잼', '무순 (또는새싹 초록잎 아무거나 대체가능)']"
7023059,"['얼음 적당량', '우유', '동물성크림', '에스프레소']"
7023058,"['돼지고기 찌개용', '신김치', '파김치', '들기름', '김치국물', '다진마늘', '설탕', '물', '두부', '다시다']"
7023057,"['오이', '달래', '양파', '고추장', '식초', '설탕', '고춧가루', '통깨 약간', '참기름', '다시다', '다진마늘']"
7023056,"['닭날개', '물', '설탕', '맛술', '간장', '대파', '당근', '참기름', '통깨 약간']"
7023055,"['곤약', '다시마', '간장', '설탕', '미림', '참기름', '참깨']"
7023054,"['가래떡', '물', '고춧가루', '설탕', '고추장', '올리고당']"
7023053,"['달걀', '밥', '김가루 적당량', '간장', '버터', '쪽파', '참기름', '통깨 약간']"
7023052,"['등갈비', '김치', '양파', '대파', '고춧가루', '고추장', '맛술', '설탕', '다진 마늘', '사골육수', '물', '술']"
7023051,"['또띠아', '양상추', '오이', '토마토', '치킨텐더', '마요네즈', '머스타드', '할라피뇨']"
7023050,"['목이버섯', '오이', '대파', '홍고추', '설탕', '식초', '진간장', '소금 약간', '물엿', '통깨 약간']"
7023049,"['훈제오리', '양파', '파프리카', '대파 흰 부분', '통마늘', '대파 초록부분', '다진 마늘', '다진 생강', '고춧가루', '식용유', '굴소스', '간장', '설탕', '통깨 (약간)']"
7023048,"['냉이', '튀김가루', '계란', '식용유', '물']"
7023047,"['호박고구마', '감자전분가루', '소금 후추', '알룰로스', '양송이', '양파', '다진마늘', '시판토마토소스 적당히', '아몬드브리즈 적당히 (OR 우유)']"
7023046,"['두부', '캐슈너트', '아몬드', '케일 쌈용', '소금 조금']"
7023045,"['밥', '햄', '양파', '새송이버섯', '콘', '케챂', '마요네즈', '설탕', '후추 약간', '돈까스 소스', '버터', '소금', '물']"
7023044,"['오트밀', '물', '두부면', '들깨가루', '브로콜리 (필요한만큼)', '소금 조금']"
7023043,"['감자', '양파', '청양홍고추', '오일', '참기름', '통깨 적당량', '간장', '맛술', '올리고당', '설탕', '다진마늘', '후춧가루', '물']"
7023042,"['세발나물', '곱창김', '진간장', '맛술', '요리당', '참치액', '으깬 마늘', '매운 고추']"
7023041,"['서리태콩', '식용유', '간장', '올리고당', '맛술', '소금', '참기름', '물']"
7023040,"['밥', '단호박', '양파', '물', '치킨 스톡', '생크림']"
7023039,"['계란', '식용유', '케찹', '통깨', '참기름', '공기밥']"
7023038,"['고춧가루', '매운 고춧가루', '콩가루', '어간장', '국간장', '청주', '알룰로스']"
7023037,"['공기밥', '우유', '캔참치', '시금치페스토']"
7023036,"['달래', '간장', '맛술', '다진마늘', '고춧가루', '설탕', '참기름', '통깨', '후추 약간']"
7023035,"['계란', '볶은 은행', '단 새우', '쑥갓 잎', '소금 조금', '정종', '미림', '참기름']"
7023034,"['한우 산적용', '대파', '맛간장', '조청', '매실액', '다진마늘', '다진생강', '맛술', '후추']"
7023033,"['박력쌀가루', '쑥가루', '계란', '소금', '베이킹 파우더', '설탕', '버터', '우유', '견과류 적당량 (선택)']"
7023032,"['두부', '양파', '파', '식용유', '참기름', '물', '진간장', '고춧가루', '굴소스', '맛술', '설탕', '다진마늘', '참기름', '깨']"
7023030,"['밥', '족발', '대파', '양파', '애호박', '당근', '식용유', '굴소스', '참기름', '볶은참깨']"
7023029,"['알배추', '오이', '굵은소금', '물 총', '설탕', '소금', '멸치액젓', '생강', '베트남건고추', '식초']"
7023028,"['돼지고기 등심', '감자 작은 것', '당근 작은 것', '브로콜리', '양파', '카레 순한맛 분말가루', '물', '올리브유']"
7023027,"['도토리묵', '오이', '당근', '아기맛 간장', '매실청', '들기름', '조미김', '깨', '올리고당']"
7023026,"['바지락', '소금', '청주', '마늘', '페페론치노', '쪽파', '올리브오일', '버터', '후추 약간']"
7023025,"['양파', '어묵', '게맛살', '다진마늘', '식용유', '진간장', '올리고당', '참기름', '통깨']"
7023024,"['무', '납작 어묵', '고추씨', '대파 조금', '참치액', '생강술', '소금 조금']"
7023022,"['두부', '양파', '청양고추', '홍고추', '식용유', '진간장', '매실액', '물엿']"
7023021,"['카레', '양파', '새우 취향껏']"
7023020,"['냉이', '고추장', '된장', '다진마늘', '식초', '매실액', '들기름', '깨']"
7023019,"['냉동 김치만두', '달걀', '소금', '황설탕', '물', '우유', '검정깨 약간', '참기름', '파슬리가루 약간']"
7023018,"['통밀 프레첼', '유기농밀 올리브치아바타', '사과', '계란', '아보카도', '상추', '민들레 조금', '머스타드 소스 적당량', '딸기잼 적당량', '올리브 오일 적당량']"
7023017,"['흰 다리 새우', '후추', '튀김가루', '다진 고추', '양파 작은크기', '계란', '청주']"
7023016,"['밥', '닭가슴살', '마늘쫑', '빨간 파프리카', '감자', '소금 약간', '식용유', '참기름', '맛술', '간장', '후춧가루 약간']"
7023015,"['라이스페이퍼', '훈제오리', '빨간 파프리카', '노란 파프리카', '당근', '오이', '부추', '양파', '적양배추', '깻잎', '무순', '새싹채소', '진간장', '식초', '레몬즙', '알룰로스', '다진 청양고추', '다진 홍고추']"
7023014,"['진미채', '마요네즈', '고추장', '고춧가루', '진간장', '다진마늘', '참기름', '조청', '올리고당', '통깨']"
7023013,"['미나리', '당근 약간', '부침가루', '계란', '마른 새우', '식용유', '달래초 간장 약간']"
7023012,"['홍 새우', '진간장', '꿀', '마요네즈', '참기름', '통깨']"
7023011,"['식빵', '딸기', '바나나', '크림치즈 적당량 (또는 잼)', '식초']"
7023010,"['맛살', '계란', '밥', '대파 흰 부분', '팽이버섯', '쪽파', '범일진간장', '굴 소스', '설탕', '맛술', '식초', '물', '전분물']"
7023009,"['봄동', '대파', '홍고추', '메밀부침가루', '물', '소금']"
7023008,"['냉이', '바지락', '대파', '멸치', '다시마', '물', '된장', '고추장', '참치액', '맛술', '다진 마늘', '고춧가루', '소금 약간']"
7023007,"['사각 어묵', '떡볶이떡', '대파', '라면사리', '참치액', '간마늘', '고추장', '고추가루', '설탕', '진간장', '다시국물']"
7023006,"['닭다리살', '양배추', '양파', '대파', '고구마', '떡', '간장', '고추장', '간장', '술', '매실액', '생강청']"
7023005,"['박력분', '설탕', '소금 약간', '베이킹파우더', '무염버터', '계란', '우유', '계란 물 약간', '팥앙금 적당량', '무염버터 적당량']"
7023004,"['파스타면', '브리치즈', '방울토마토', '생바질', '올리브유', '마늘', '소금', '후추']"
7023003,"['감자', '당근', '카레가루', '후추 약간', '소금', '식용유', '물']"
7023002,"['달래', '밥새우', '감자전분', '달걀', '양파', '홍고추', '소금', '물']"
7023001,"['두부', '양파', '간장', '올리고당']"
7023000,"['닭육수', '차돌박이', '숙주', '쌀국수', '양파', '소금 약간']"
7022999,"['시금치', '굵은소금', '진간장', '다진마늘', '참기름', '통깨 약간']"
7022998,"['메추리알', '버섯', '양파', '돼지고기 안심', '간장', '물엿', '맛술']"
7022997,"['세발나물', '옥수수 알', '부침가루', '전분가루', '물']"
7022996,"['컬리플라워', '비트', '스위트콘', '마요네즈', '마요네즈', '소금', '후추']"
7022992,"['삼겹살', '신김치', '설탕', '치킨스톡', '고춧가루']"
7022991,"['우동 사리면', '냉동새우', '양배추', '당근', '대파', '마늘', '참기름', '간장', '굴소스', '고춧가루', '설탕']"
7022990,"['브로콜리', '달걀', '냉동새우', '당근', '양파', '부침가루', '소금']"
7022989,"['양파', '베이컨', '밥', '설탕', '맛술', '진간장', '굴소스', '다진마늘', '고추기름']"
7022987,"['어묵', '콩나물', '대파', '청고추', '홍고추', '국간장', '어간장', '다진마늘', '멸치육수', '소금 적당량', '후춧가루 적당량']"
7022986,"['토마토', '오렌지', '상추', '오이', '민들레 조금', '다진마늘', '머스타드 소스', '레몬즙', '발사믹식초', '스테비아', '올리브오일']"
7022985,"['무우', '새송이 버섯', '찰현미', '다시마']"
7022984,"['김밥김', '현미밥', '김밥햄', '단무지', '맛살', '미나리 무침', '당근채 볶은 것 넉넉히', '계란지단 ', '꽃소금 조금', '통깨', '참기름']"
7022983,"['쪽파', '굵은소금', '고춧가루', '참치액', '알룰로스', '참기름', '갈은깨']"
7022982,"['계란', '새우', '맛술', '꽃소금', '참기름', '물', '다시마', '청주']"
7022981,"['식빵', '햄슬라이스', '체더치즈', '토마토', '상추', '딸기잼']"
7022980,"['파스타면', '시금치', '올리브유 적당량', '마늘', '페페론치노', '소금', '참치액', '치즈 적당량 (파마산치즈로 대체 가능)', '후추 적당량']"
7022979,"['냉이', '두부', '홍청양 고추', '대파썬것', '코인육수', '된장', '다진마늘', '국간장', '참치액', '물', '식초']"
7022978,"['양배추', '통들깨', '들기름', '참치액', '소금 조금']"
7022977,"['양송이', '양파', '마늘', '생크림', '우유', '밀가루', '무염 버터', '소금 적당량', '후추 적당량']"
7022976,"['크래미', '단무지', '김', '부침가루', '계란', '식용유']"
7022975,"['유채나물', '소불고기', '양파', '대파', '굴소스', '통마늘', '간장', '미림', '다진마늘', '설탕', '참기름', '후추', '깨소금']"
7022974,"['비름나물', '다진 마늘', '쪽파', '고추장', '참기름', '들기름', '까나리액젓', '매실청', '통깨 솔솔 ', '물', '굵은소금']"
7022973,"['참치캔', '대파', '양파', '당근', '계란', '부침가루', '식용유 넉넉하게']"
7022972,"['계란', '모짜렐라치즈', '대파', '양파', '당근', '소금', '식용유 ']"
7022971,"['계란', '양파', '홍고추', '청양고추', '물', '진간장', '멸치 액젓', '설탕', '올리고당', '으깬 통깨', '후추 약간', '굵은소금', '식초']"
7022970,"['참치캔', '신김치', '대파', '양파', '다진 마늘', '물', '설탕', '고춧가루', '진간장', '참기름', '후추 약간', '통깨 약간']"
7022969,"['사각어묵', '햄', '대파', '양파', '당근', '계란', '밥', '식용유', '진간장', '굴 소스', '참기름', '후추 약간', '통깨 약간']"
7022968,"['밥', '오트밀', '닭고기', '적채', '감자', '애호박']"
7022967,"['그릭요거트', '블루베리', '바나나', '귤', '씨리얼', '메이플시럽']"
7022966,"['오징어', '콩나물', '무', '대파', '양파', '청양고추', '물', '국간장', '멸치 액젓', '다진 마늘', '고춧가루', '소금 약간']"
7022965,"['세발나물', '양파', '고춧가루', '진간장', '멸치 액젓', '매실청', '식초', '다진 마늘', '참기름', '으깬 통깨', '식초']"
7022964,"['월동무', '쪽파', '양파 작은것', '알 마늘', '찹쌀풀국', '무절일때 소금', '고추가루', '멸치액젓', '새우젓', '설탕', '통깨 넉넉하게']"
7022963,"['두부', '대파', '어린잎 채소']"
7022962,"['사각어묵', '떡볶이 떡', '대파', '코인 육수', '간장', '소금']"
7022961,"['깐 마늘', '홍고추', '올리브유', '양조간장', '올리고당', '설탕 조금', '참기름', '통깨 조금']"
7022959,"['소고기 등심부위', '소금 약간', '후추 약간', '밀가루', '계란', '빵가루']"
7022958,"['소고기 (불고기용)', '팽이버섯', '대파', '간장', '물엿', '설탕', '다진마늘', '양파', '후추', '참기름']"
7022957,"['실파', '부침가루', '물', '새우살', '계란', '식용유', '양념장 약간']"
7022956,"['브로콜리', '마요네즈', '들깨가루', '진간장', '올리고당', '레몬즙', '들기름']"
7022955,"['쪽파', '홍게액젓', '매실즙', '찹쌀풀', '고추가루', '통깨']"
7022954,"['버터', '레몬', '딜']"
7022953,"['옥수수통조림', '우유', '물', '양파', '무염버터', '후추', '맛소금']"
7022951,"['건 곤드레', '쌀', '들기름', '집간장', '진간장', '어간장', '고춧가루', '다진대파', '다진마늘', '참기름', '참깨']"
7022949,"['마늘쫑', '맛소금', '고춧가루', '다진마늘', '참깨', '참기름', '설탕']"
7022948,"['밥', '계란', '오일', '달래', '참기름', '참깨', '양조간장', '맛술', '굴소스', '설탕', '물']"
7022947,"['쌀', '톳', '멍게', '우엉', '일본솥밥소스', '물 (평소보다', '양조간장', '청양고추', '다진 양파', '다진파', '다진 미나리', '다진 마늘', '참기름', '참깨']"
7022945,"['치즈돈까스', '밀가루', '버터', '케찹', '황설탕', '우스터소스', '식초', '물']"
7022944,"['오렌지', '베이킹 소다', '식초']"
7022943,"['스팸', '김치', '밥', '조미김', '설탕', '고춧가루', '굴소스', '들기름']"
7022942,"['면', '물', '액상스프', '고추가루 스프', '대파']"
7022941,"['순두부찌개', '멸치칼국수라면', '물']"
7022940,"['칼국수면', '애호박', '당근', '감자', '멸치다시마육수', '국간장', '멸치액젓', '굵은소금']"
7022939,"['바지락', '페페론치노', '마늘', '화이트와인', '올리브오일', '후춧가루 약간']"
7022938,"['에스프레소', '우유']"
7022937,"['무염버터', '설탕', '흑설탕', '소금 약간', '노른자', '바닐라오일 약간', '박력분', '베이킹파우더', '베이킹소다', '화이트초콜릿', '견과류 믹스']"
7022936,"['연두부', '계란', '참치액젓', '맛술']"
7022935,"['꽃게', '무', '호박', '양파', '두부', '대파', '청양고추', '홍고추', '새송이버섯', '멸치육수', '된장', '맛술', '생강가루', '다진마늘', '소금 약간', '고춧가루 조금']"
7022934,"['꼬치어묵', '물 넉넉히', '참치액젓 약간', '소금 약간 (부족한 간 맞추기)', '국간장 약간', '국물용 멸치', '건새우', '조각 다시마', '무', '대파', '표고버섯']"
7022933,"['신김치', '식용유', '참치 기름', '참치캔', '양파', '대파', '설탕', '고춧가루', '참기름', '통깨']"
7022932,"['냉이 적당량', '부침가루', '소금', '물', '계란', '양파', '당근', '다진마늘', '진간장', '대파', '참기름', '통깨']"
7022930,"['깐도라지', '오이', '대파', '소금', '고추장', '다진마늘', '진간장', '식초', '올리고당', '참기름', '통깨']"
7022928,"['황태채', '오징어채', '양파', '대파', '다진마늘', '소금 톡톡', '들기름', '참기름', '부침가루', '후추', '계란']"
7022927,"['함박스테이크', '새우까스', '상추', '슬라이스치즈', '토마토', '양파', '버거소스', '감자브리오쉬번']"
7022925,"['목살', '청주', '후춧가루 톡톡', '고추장', '간장', '맛술', '설탕', '올리고당', '다진마늘', '생강가루', '참기름', '후춧가루 톡톡']"
7022924,"['쪽파', '천일염', '맛간장', '들기름', '고추가루', '통깨']"
7022923,"['오이', '레몬', '딜', '그릭요거트', '소금 적당량', '후추 적당량', '올리브유']"
7022922,"['고구마 중사이즈7개', '물']"
7022921,"['유부초밥', '청양고추', '크래미 맛살', '마요네즈', '머스타드소스']"
7022920,"['양배추', '참치', '계란', '굴소스', '한라 참치액']"
7022919,"['달래', '두부', '애호박', '양파', '된장', '쌈장', '다진마늘', '고춧가루']"
7022918,"['닭', '통마늘', '전분가루', '오일스프레이', '허브솔트']"
7022917,"['쪽파', '맛살', '초고추장']"
7022916,"['딸기', '마시멜로우', '꿀', '물', '얼음']"
7022914,"['동태포', '계란', '부침가루', '소금 적당량', '후추 적당량']"
7022912,"['샐러드 믹스', '토마토', '삶은계란', '발사믹 드레싱', '닭가슴살']"
7022911,"['깻잎', '양파', '당근', '대파', '다진마늘', '진간장', '맛술', '들기름', '올리고당', '통깨 솔솔 (옵션)']"
7022910,"['감자', '양파', '당근 소량', '다진파', '고운소금', '식용유', '다진마늘', '후춧가루 소량', '깨']"
7022909,"['어묵', '무', '대파', '대파', '양파', '다진마늘', '국간장', '진간장', '다시팩', '동전 육수', '물']"
7022908,"['도미', '표고버섯', '빨강파프리카', '피망', '계란', '식용유 조금', '간장', '물', '물엿', '설탕', '맛술', '베트남고추', '대파', '통마늘', '저민생강', '통후추']"
7022907,"['김치', '어묵', '양파', '식용유', '물', '대파', '설탕', '참치액']"
7022906,"['소고기 구이용', '참기름', '다진마늘', '떡국떡', '물', '사골육수', '만두', '국간장', '소금', '계란', '식용유 약간 (계란지단 만들때)', '소금', '김가루 약간', '실고추 약간', '대파 약간', '깨소금 약간']"
7022905,"['돼지고기 앞다리살', '대파', '당근', '표고버섯', '청양고추', '식용유', '설탕', '고춧가루', '고추장 듬뿍', '맛술', '진간장', '멸치액젓', '올리고당', '다진 마늘', '후추 약간', '통깨 약간']"
7022904,"['표고버섯', '대파', '양파', '당근', '식용유', '다진마늘', '맛술', '진간장', '굴소스', '참기름', '통깨 약간']"
7022903,"['사각 어묵', '소세지', '대파', '양파', '당근', '식용유', '다진 마늘', '설탕', '고춧가루', '진간장', '멸치 액젓', '굴 소스', '올리고당', '참기름', '통깨 약간']"
7022902,"['구운 김', '대파', '홍고추', '진간장', '맛술', '올리고당', '다진 마늘', '참기름', '으깬 통깨']"
7022900,"['작은 로메인상추', '고추가루', '양조간장', '설탕', '식초', '참기름', '다진마늘', '참깨']"
7022899,"['두부', '식용유', '양파', '대파', '고추장', '고춧가루', '설탕', '간장', '맛술', '다진마늘', '후추 약간', '통깨 (약간)', '참기름']"
7022897,"['밥', '참치', '양파', '마요네즈', '참기름', '김', '소금', '깨']"
7022896,"['잔멸치', '오일', '마늘', '양조간장', '올리고당', '꿀', '참기름', '참깨']"
7022895,"['감자', '양파', '우유', '올리브유', '버터', '치킨스톡큐브', '소금 약간', '후추 약간']"
7022894,"['파래', '무', '쪽파', '참치액', '설탕', '식초', '마늘', '통깨']"
7022893,"['토마토소스', '달걀', '소시지', '베이컨', '미니 파프리카', '양파', '양송이버섯', '모짜렐라치즈', '곁들일 허브 취향껏', '마늘', '올리브오일', '소금 약간 ', '후추 약간 ', '설탕 약간 ']"
7022892,"['펜네 파스타', '페페론치노', '마늘', '엑스트라버진 올리브유', '면수', '후추 약간', '파슬리 약간', '소금', '물']"
7022891,"['다진 소고기', '표고버섯', '고추장', '올리고당', '매실청', '다지 마늘', '들기름', '소금 조금', '후추 약간']"
7022890,"['김밥용김', '달걀', '양배추', '씨 없는 오이', '씨 없는 오이맛고추', '당근', '키토 단무지', '소금', '엑스트라버진 올리브오일 조금', '생들기름 조금']"
7022889,"['오징어', '쪽파', '계란', '부침가루', '찬 물', '시판 초장', '매실액', '고추장', '식초']"
7022888,"['감자', '베이컨', '계란', '모짜렐라치즈 취향껏', '쪽파 조금', '식용유 넉넉히']"
7022887,"['양배추', '다진마늘', '굴소스', '후추', '식용유']"
7022886,"['밥', '해산물', '당근', '양파', '청양홍고추', '대파', '오일', '굴소스', '핫소스', '청주', '후춧가루 톡톡']"
7022885,"['짜장라면', '대파', '물', '소고기다짐육', '식용유', '고춧가루', '청양고추']"
7022884,"['크래미', '계란', '김가루', '공기밥', '참기름']"
7022883,"['감자', '오이', '당근', '양파', '계란', '그릭요거트', '스테비아', '메이플 시럽', '후추 조금']"
7022882,"['어묵', '대파', '공기밥', '식용유', '진간장', '굴소스', '통깨', '후추 적당량', '참기름']"
7022881,"['소고기', '배', '무', '대파뿌리', '찹쌀', '소금', '물', '죽염']"
7022880,"['음료수', '설탕']"
7022878,"['소면', '쪽파', '진간장', '올리고당', '다진마늘', '설탕', '참기름', '후춧가루']"
7022877,"['봄동', '방울토마토', '홀그레인머스타드', '레몬즙', '올리브오일', '설탕']"
7022876,"['양송이', '다진마늘', '간장', '소금', '후추', '트러플오일', '통밀식빵', '베이컨', '모짜렐라']"
7022875,"['새우', '마늘가루', '소금', '후추', '파프리카파우더', '큐민', '아보카도', '요거트', '레몬즙', '소금', '후추', '망고', '방울토마토', '이탈리안파슬리', '레몬즙', '올리브오일', '소금', '후추', '또띠아']"
7022874,"['동물성 휘핑크림', '슈크림파우더', '얼음 적당량', '우유', '에스프레소']"
7022873,"['머위', '굵은 소금', '고춧가루', '참치액젓', '다진마늘', '참기름', '깨소금']"
7022872,"['전복', '은행', '표고버섯', '맵쌀', '찹쌀', '버터', '참기름', '쪽파 약간']"
7022871,"['도토리묵', '조미김', '쪽파 넉넉히', '소금 약간', '참기름', '후춧가루 약간', '다진마늘']"
7022870,"['콩나물', '김치', '대파', '새우젓']"
7022869,"['뼈없는 닭다리살', '소금 약간', '술 약간']"
7022868,"['얼갈이배추', '대파', '청양고추', '새송이버섯', '집된장', '육수코인']"
7022860,"['쪽파', '마늘', '멸치액젓', '참치액젓', '고추가루', '설탕', '배', '양파', '찹쌀가루']"
7022859,"['냉동 차돌박이', '숙주', '청경채', '알배추', '부추 소량', '팽이버섯', '청주', '맛술', '후추 소량', '양조간장', '맛술', '식초', '물', '연겨자 취향껏', '청양고추', '양파 소량']"
7022858,"['우동사리', '오이', '계란', '김치 소량 (약50g)', '고춧가루', '설탕', '식초', '간장', '후추', '우스터소스', '고추장', '다진마늘', '참기름', '사이다']"
7022857,"['코다리', '무', '청양고추', '홍고추', '양파', '대파', '멸치육수', '통깨 소량 (플레이팅용 생략가능)', '쪽파 소량 (플레이팅용 생략가능)', '고춧가루', '양조간장', '참치액', '청주', '맛술', '생강 소량', '후추가루 소량', '다진마늘', '올리고당']"
7022856,"['봄동', '홍고추', '청양고추', '물', '밀가루', '부침가루', '다진마늘', '참치액', '양조간장', '식초', '설탕']"
7022855,"['참나물', '양파', '설탕', '멸치액젓', '간마늘', '고춧가루', '올리고당', '참기름', '통깨 솔솔']"
7022854,"['미나리', '오징어', '삼겹살', '청양고추', '홍고추', '양파', '당근 소량', '대파', '통깨 소량', '양조간장', '참치액', '고추장', '고춧가루', '올리고당', '다진마늘', '맛술', '후추가루 소량']"
7022853,"['밀가루', '통밀가루', '드라이 이스트', '소금', '미지근한 물']"
7022852,"['고구마', '올리브오일']"
7022851,"['머위', '멸치액젓', '참기름', '깨소금 약간', '마늘대', '고춧가루', '고추장', '매실액', '식초', '참기름', '깨소금 약간', '시금치', '새송이버섯', '멸치액젓', '참기름', '깨소금 약간', '브로콜리', '새우살', '미니파프리카', '굴소스', '맛술', '마늘', '식용유', '참기름', '깨소금 약간']"
7022850,"['찬밥', '돼지고기 조금', '김치 조금', '양파', '청양고추', '대파', '계란', '다진마늘', '소금', '후추 조금', '참기름']"
7022849,"['모닝빵', '베이컨', '로메인', '토마토', '계란', '마요네즈']"
7022848,"['흰쌀', '물', '들기름', '통깨', '진간장']"
7022847,"['도토리가루', '물', '소금', '참기름', '간장', '국간장', '고춧가루', '매실액', '올리고당 약간', '다진마늘', '부추', '홍고추', '참기름', '통깨 약간']"
7022845,"['무염버터', '계란', '설탕', '코코아파우더', '소금', '박력분', '슈가파우더 적당량']"
7022844,"['딸기', '스테비아', '레몬즙']"
7022843,"['밥', '바질페스토', '트러플오일', '냉동새우 마음껏 (31-40미)', '소금', '후추 (기호에 따라)', '크러쉬드페퍼 (기호에 따라)']"
7022842,"['밥', '버터', '리챔', '간장', '버터', '간장', '설탕', '물']"
7022840,"['설도', '소금 약간', '올리브오일 약간']"
7022839,"['꼬막살', '상추', '미나리 약간', '당근 약간', '초고추장']"
7022838,"['집된장 크게', '무 약간', '새송이버섯', '양파', '두부', '달래', '청양고추', '다진마늘', '육수코인']"
7022837,"['라면', '자숙꼬막', '새우살', '대파', '청양고추', '다진마늘', '고춧가루', '청경채', '물', '맛술', '굴소스', '후추 조금']"
7022836,"['에스프레소', '얼음 적당량', '우유', '바닐라시럽']"
7022835,"['계란', '분홍소시지', '쪽파 약간', '소금 약간']"
7022834,"['닭볶음탕용', '감자', '당근', '양파', '대파 넉넉히', '다진마늘', '쌀뜨물', '고추장', '설탕', '진간장', '맛술', '후춧가루 약간']"
7022833,"['냉이', '바지락', '두부', '애호박', '감자', '양파', '청양고추', '된장', '고춧가루', '다진마늘', '다시마멸치육수']"
7022832,"['도라지', '소금', '멸치다시마육수', '들기름', '다진 마늘', '소금 약간', '통깨 약간']"
7022831,"['냉이', '된장', '고추장', '다진마늘', '참기름', '통깨 약간']"
7022830,"['라면', '삶은계란', '떡국떡', '어묵', '대파', '양파', '고추장', '설탕']"
7022829,"['꼬시래기', '당근', '파프리카', '오이', '배 조금', '삶은계란', '고추장', '식초', '설탕', '다진마늘']"
7022828,"['두부', '애호박', '올리브오일 조금', '소금', '후추', '라이스페이퍼']"
7022827,"['숙주', '베이컨', '홍고추', '통마늘', '대파', '굴소스', '진간장', '올리브오일', '쪽파 약간 (옵션)', '후추 톡톡 ', '통깨 솔솔 ']"
7022826,"['도라지', '오이', '굵은소금 약간', '황설탕 약간', '참기름 약간', '통깨 약간', '고춧가루', '고추장', '다진마늘', '참치액', '매실액', '식초', '황설탕', '다진파', '물엿']"
7022825,"['훈제오리', '쌈무', '당근', '무순', '빨간 파프리카', '노란 파프리카', '양파', '부추 조금', '설탕', '식초', '겨자']"
7022824,"['삶은계란', '그릴닭가슴살', '편마늘', '페페론치노 조금 (매운고추)', '월계수잎', '진간장', '굴소스', '올리고당', '설탕 조금', '물', '생강술', '후추가루 조금', '참기름', '통깨 조금']"
7022823,"['딸기', '바나나', '우유', '설탕']"
7022821,"['봄동', '달래', '홍고추', '고추장', '간장', '식초', '조청', '통깨', '참기름']"
7022820,"['쌀 계량', '표고버섯', '곤드레나물 취향껏 (데친)', '간장', '참기름', '설탕', '고춧가루', '깨 취향껏']"
7022819,"['느타리버섯', '대파', '다진마늘', '맛소금', '참기름']"
7022818,"['참치캔', '마른미역', '소금', '들기름']"
7022817,['삼겹살']
7022816,"['계란', '소금', '당근', '대파']"
7022815,"['돼지고기목살', '묵은김치', '대파', '다진마늘', '고추가루', '진간장', '올리고당', '설탕', '후추가루 조금', '생강술', '참기름', '통깨 조금']"
7022814,"['무우', '대파', '고춧가루', '멸치액젓', '소금 취향껏', '식초', '설탕', '다진마늘']"
7022813,"['계란', '연두부', '참치액', '맛술']"
7022812,"['굴림만두', '다진양파', '스파게티소스', '버터', '피자치즈', '파슬리가루 적당량']"
7022811,"['베이컨', '계란', '부침가루']"
7022808,"['파마산 치즈', '옥수수', '햄 조금', '토마토소스', '설탕 조금', '소금 조금', '후추 조금', '왕만두피', '올리브오일 넉넉히']"
7022806,"['돼지고기 등갈비', '물', '간장', '설탕', '다진마늘', '맛술', '참기름', '통깨 조금']"
7022805,"['참나물', '천일염', '쪽파', '진간장', '참치액젓', '들기름', '통깨']"
7022804,"['실곤약', '당근', '명란젓', '식용유', '맛술', '진간장']"
7022803,"['연근', '식초', '식용유', '소금', '후춧가루 약간', '파슬리가루 약간']"
7022802,"['도토리묵', '오이', '양파', '상추', '부추', '진간장', '참치액젓', '매실청', '식초', '설탕', '고춧가루', '참기름', '들기름', '통깨']"
7022801,"['냉이', '된장', '두부', '대파', '물', '동전육수', '참치액젓', '물', '소금']"
7022800,"['빈츠', '마시멜로우']"
7022799,"['대패삼겹살', '부추', '설탕', '진간장', '국간장', '깨']"
7022798,"['무', '대파', '고춧가루', '액젓', '생강청', '식초', '깨', '굵은소금']"
7022797,"['계란', '새송이버섯', '치즈', '소금', '후추', '저당 케찹']"
7022796,"['고기만두', '시금치 약간', '가지', '방울토마토', '시판 토마토소스', '크림치즈', '모짜렐라치즈 취향껏', '슬라이스치즈', '소금 약간', '후추 약간', '식용유 약간']"
7022794,"['달래', '애호박', '양파', '된장', '고춧가루', '천일염', '멸치육수', '쌀뜨물']"
7022793,"['동물성 휘핑크림', '설탕', '초코 케이크시트', '딸기 적당량']"
7022792,"['다진김치', '두부', '삶은 당면', '삶은 숙주', '부추', '양파', '대파', '쪽파']"
7022791,"['마늘쫑', '간장', '국간장', '올리고당', '식용유', '물', '참기름', '통깨']"
7022790,"['냉동블루베리', '달걀', '식빵', '시나몬파우더 약간', '슈가파우더 약간', '블루베리잼', '바나나', '소금 약간 (1g)', '설탕', '우유']"
7022789,"['봄동', '양파', '홍고추', '청고추', '진간장', '물', '다시마', '식초', '설탕', '매실액']"
7022788,"['돼지뒷다리살', '대파', '양파', '생강', '된장', '베트남고추', '월계수잎', '통후추', '소주', '콜라', '무우', '쪽파', '양파', '홍고추', '고추가루', '새우젓', '설탕', '다진마늘', '다진생강', '깨소금', '참기름']"
7022787,"['표고버섯', '간장', '굴소스', '설탕', '식초', '맛술', '레몬즙', '물', '전분물', '전분가루', '찹쌀가루', '식용유 넉넉히']"
7022786,"['계란', '토마토', '드레싱소스', '머스터드소스', '식초', '올리브유', '소금', '후추 톡톡 ', '꿀']"
7022785,"['대패삼겹살', '콩나물', '고춧가루', '다진마늘', '대파 넉넉히', '설탕', '굴소스', '통깨']"
7022784,"['계란', '카레가루', '고춧가루', '쪽파 약간', '양파']"
7022783,"['계란', '소금 약간', '맛살', '쪽파 넉넉히', '케찹 약간']"
7022782,"['콩나물', '잘익은 배추김치', '된장', '멸치다시마육수', '물', '다진파', '다진마늘', '멸치액젓']"
7022781,"['현미떡국떡', '만두', '사골육수', '조미김 약간', '다진마늘', '송송썬대파', '들깨가루', '국간장', '참치액', '맛술', '후추 톡톡']"
7022780,"['냉이 크게', '멸치육수', '집된장', '고추가루', '두부', '표고버섯', '양파', '애호박']"
7022779,"['새송이버섯', '팽이버섯', '표고버섯', '참기름', '올리브유', '소금', '굴소스', '통깨']"
7022778,"['손질 문어', '미나리', '사과', '고춧가루', '진간장', '식초', '올리고당', '다진마늘', '참기름', '통깨 약간']"
7022777,"['밥', '김밥김', '돼지불고기 적당량', '단무지', '분홍소세지', '크래미', '오이', '계란', '당근', '참기름 적당량', '쯔유', '맛술', '설탕', '참깨', '소금 적당량']"
7022776,"['김치', '삼겹살', '양파', '대파', '쌀뜨물', '고추장', '된장', '고춧가루', '진간장', '다진 마늘', '후춧가루', '설탕', '올리고당']"
7022775,"['시금치', '소금', '물 넉넉히', '다진 마늘', '참치액', '참기름', '깨소금', '소금']"
7022774,"['무', '물', '굵은소금', '설탕', '치자', '식초']"
7022773,"['갑오징어', '깐 더덕', '쪽파', '회초장', '고춧가루', '양조간장', '다진쪽파', '다진마늘', '맛술', '깻잎']"
7022772,"['진미채', '파슬리가루 톡톡', '가염버터', '땅콩버터', '설탕']"
7022771,"['신김치', '캔참치', '물', '김치국물', '국간장', '고춧가루', '설탕', '대파']"
7022770,"['백미', '찹쌀', '물', '콩나물', '돼지고기다짐육', '진간장', '설탕', '후추 조금', '쪽파 넉넉히', '진간장', '다진마늘', '설탕', '통깨', '참기름', '부추']"
7022769,"['쑥', '쌀가루', '건대추', '소금', '설탕', '삼성당', '물']"
7022768,['소금빵']
7022767,"['미나리', '굵은 소금', '대파', '다진마늘', '까나리액젓', '참기름', '깨소금']"
7022766,"['명란', '오이', '밥', '달걀', '두부', '간장', '들기름']"
7022765,"['두부', '슬라이스 체다치즈', '비엔나소세지', '머스타드소스 약간', '들기름', '식용유', '소금 약간']"
7022764,"['손질한 고등어', '쌀뜨물', '카레가루', '부침가루', '식용유']"
7022763,"['식빵', '계란', '양배추 샐러드', '크림치즈', '라즈베리잼', '야채스프레드&딥소스']"
7022762,"['쑥가루', '우유', '생크림']"
7022761,"['잔멸치', '해바라기씨', '진간장', '요리당', '설탕', '참치액젓', '청양고추', '통깨 적당량']"
7022760,"['양배추', '새송이버섯', '청양고추', '대파', '계란', '된장', '참치액', '참기름', '소금', '다진마늘']"
7022759,"['초벌부추', '양파', '멸치액젓', '고춧가루', '감식초', '참기름', '깨소금 약간', '계란', '식용유', '밥', '부추겉절이 (초벌부추겉절이)', '참기름', '깨소금 약간']"
7022758,"['삼색 옹떡이', '감자', '양파', '당근', '홍초', '육수', '멸치액젓', '마늘', '양배추', '사과', '당근', '수제요거트', '아보카도', '발사믹소스', '소금', '참기름', '깨소금 약간']"
7022757,"['프랑크소시지', '스팸', '알배추', '양파', '대파', '김치', '두부', '고춧가루', '고추장', '간장', '맛술', '다진마늘', '사골육수', '소금 약간', '후추 약간', '슬라이스 치즈', '라면사리']"
7022756,"['익은 김치', '김치국물', '고등어통조림', '양파', '두부', '대파', '식용유', '고춧가루', '매실액', '맛술', '다진 마늘', '소금 약간']"
7022755,"['건취나물', '양조간장', '다진마늘', '물', '식용유', '참기름', '깨소금']"
7022754,"['떡볶이떡', '사각어묵', '대파', '물', '식용유', '고추장', '마라탕소스', '물엿', '간장', '황설탕', '고춧가루', '후추 약간']"
7022753,"['쑥', '건새우', '당근', '식용유 약간', '달걀', '튀김가루', '참기름', '소금', '찬물 약간']"
7022752,"['삼겹살', '양파', '대파', '김치', '고추장', '다진마늘', '설탕', '고춧가루', '진간장']"
7022751,"['깻잎', '대파', '당근', '양파', '홍고추', '청양고추', '진간장', '멸치액젓', '고춧가루', '황설탕', '간마늘', '간 깨', '물']"
7022750,"['백오이', '미나리', '부추', '소금', '고추가루', '다진마늘', '멸치액젓', '까나리액젓', '설탕', '통깨']"
7022749,"['오이', '달래', '고춧가루', '국간장', '매실청', '식초', '다진 마늘', '참기름 약간', '통깨 약간']"
7022748,"['싸리버섯 (야생버섯염장한것)', '밤버섯', '버섯', '돼지고기목살', '대파', '고추가루', '고추장 크게', '진간장', '다진마늘', '올리고당', '설탕 조금', '후추가루 조금', '생강술 (맛술)', '미림', '참기름', '통깨 조금']"
7022747,"['고추참치캔', '청양고추', '홍고추', '애호박', '양파', '팽이버섯', '순두부', '대파', '계란', '물', '고춧가루', '참치액', '다진마늘', '국간장 기호껏', '후추 소량', '식용유 소량']"
7022746,"['어묵', '양파', '다진마늘', '고추가루', '굴소스', '진간장', '올리고당']"
7022745,"['또띠아', '피자 치즈', '방울토마토', '냉동새우', '버터', '다진마늘', '꿀 소량', '파슬리 소량', '후추 소량']"
7022744,"['냉이', '두부', '무', '청양고추', '홍고추', '대파', '물', '다시팩', '토장 된장', '참치액', '다진마늘']"
7022743,"['배추', '쪽파', '당근 약간', '천일염', '배', '양파', '홍고추', '찬밥', '시판 사골육수', '고춧가루', '멸치액젓', '새우젓', '매실청', '다진 마늘', '간 생강', '꽃소금']"
7022742,"['삼겹살', '묵은지', '쌈장 넉넉히', '참기름 적당히', '생와사비 조금', '깨 조금']"
7022741,"['우유', '초코파우더', '얼음 넉넉히']"
7022740,"['더덕', '고추장', '고춧가루', '다진 마늘', '간장', '설탕', '깨', '참기름']"
7022739,"['우유', '토피넛 파우더']"
7022738,"['콩나물', '칵테일새우', '계란', '김가루 약간', '청양고추', '대파 약간', '코인육수', '새우젓', '다진마늘', '후추 약간']"
7022737,"['찐 고구마', '볶은 아몬드', '볶은 검정깨', '찹쌀가루', '소금 약간', '설탕', '우유', '식용유 조금']"
7022736,"['알감자', '간장', '설탕', '올리고당', '깨', '참기름']"
7022735,"['가지', '다진돼지고기', '대파', '다진마늘', '소금', '맛술', '간장', '굴소스']"
7022734,"['새송이버섯', '버터', '간장', '다진 마늘', '굴소스', '맛술']"
7022733,"['오이소박이 김치', '김치 국물', '생수', '청양고추', '다진 마늘', '간장', '매실액', '식초', '깨', '참기름']"
7022732,"['청국장', '된장', '냉이', '고춧가루', '다진 마늘', '다시마 멸치육수', '두부', '새송이버섯', '양파', '대파', '청양고추']"
7022731,"['묵은지', '김치 국물 약간', '돼지고기 앞다리살', '식용유 약간', '소금', '물', '대파', '통마늘', '멸치액젓', '간장', '설탕', '다진마늘 듬뿍']"
7022730,"['계란', '당근', '김', '참치액젓', '식용유']"
7022729,"['무우', '간장', '매실즙', '마늘', '올리브유', '페페론치노', '올리고당', '생수']"
7022728,"['감자', '잔멸치', '진간장', '맛술', '설탕', '실고추 약간 ', '통깨 약간 ', '쪽파 넉넉히', '후춧가루 약간 ']"
7022726,"['달래', '간장', '다진 마늘', '고춧가루', '참기름', '올리고당', '통깨']"
7022725,"['김치', '돼지고기 목살', '물', '다진마늘', '대파', '고춧가루', '국간장', '참치액']"
7022724,"['만두', '묵은지', '모듬해물', '청양고추', '대파', '식용유', '물', '국간장', '치킨스톡', '다진마늘', '설탕', '고춧가루']"
7022723,"['흙생강', '꿀 적당량']"
7022722,"['딸기', '설탕']"
7022721,"['방풍나물', '홍고추', '부침가루', '튀김가루', '물']"
7022720,"['알배추', '채썬 당근', '채썬 대파', '메밀가루', '물', '소금']"
7022719,"['밥', '참치', '청양고추', '조미김 전장', '고추장', '마요네즈', '참기름', '통깨', '후추 약간']"
7022718,"['두부', '양파', '파', '들기름', '맛간장', '고춧가루', '설탕', '통깨', '참기름', '물']"
7022717,"['쌀국수', '닭가슴살', '계란', '통마늘', '청양고추', '올리브유', '굴소스', '액젓', '후추', '참기름', '참깨 (조금)']"
7022716,"['초코 제누와즈', '딸기 적당량', '동물성 휘핑크림', '연유', '설탕', '다크초콜릿', '동물성 휘핑크림', '뜨거운 물', '설탕']"
7022715,"['쌀', '참송이버섯', '참기름', '쯔유', '쪽파', '채수', '달걀노른자', '우삼겹', '맛간장', '맛술', '설탕', '다진마늘', '참기름']"
7022714,"['스팸', '양파', '계란', '김자반', '설탕', '올리브오일', '밥', '마요네즈', '허니머스타드', '와사비', '레몬즙', '쯔유', '설탕', '맛술', '후추 톡톡', '물', '쯔유', '맛술', '후추 톡톡']"
7022713,"['두부', '소금', '쪽파', '간장', '매실청', '설탕', '올리고당', '다진 마늘', '고춧가루', '참기름', '통깨']"
7022712,"['감자', '전분가루', '소금', '후추', '파슬리', '식용유 ']"
7022711,"['캔옥수수', '부침가루', '계란', '고춧가루', '소금 약간', '모짜렐라치즈', '쪽파']"
7022710,"['게맛살', '계란흰자', '멸치육수팩', '물', '대파', '올리브오일', '다진마늘', '다진생강', '녹말가루', '굴소스', '맛술', '참치액', '후추 톡톡', '소금']"
7022709,"['밥', '오트밀', '소고기', '순두부', '새송이', '브로콜리', '채수 육수']"
7022708,"['닭가슴살', '당근', '간장', '청양고추', '올리고당', '후추']"
7022707,"['사각어묵', '표고버섯', '달걀', '양파', '당근', '대파흰대부분', '소금 약간', '후추 약간', '케찹 취향껏', '머스타드소스 취향껏']"
7022706,"['무', '찹쌀가루', '물', '양파', '쪽파', '굵은소금', '굵은 고춧가루', '고운 고춧가루', '매실청', '새우젓', '까나리액젓', '참깨', '다진마늘', '다진생강']"
7022705,"['코다리', '꽈리고추', '무', '양파', '대파', '고춧가루', '다진마늘', '간장', '매실청', '설탕', '맛술', '후춧가루 약간', '참기름 약간']"
7022704,"['두부', '우렁', '된장', '다진마늘', '다진 파', '들기름', '알룰로스']"
7022703,"['소고기', '건미역', '다진마늘', '생강술', '국간장', '참치액', '들깨가루', '후추가루 아주조금']"
7022702,"['페퍼민트', '청귤청', '탄산수', '얼음', '레몬즙']"
7022701,"['풋마늘대', '청양고추', '홍고추', '대파흰대 조금', '고춧가루', '국간장', '참치액젓', '깨소금', '참기름', '설탕']"
7022700,"['냉동새우', '달걀', '굴소스', '케찹', '밥', '다진 마늘', '버터']"
7022699,"['수제비', '애호박', '감자', '양파', '청양고추', '멸치다시마육수', '고추장', '고춧가루', '참치액', '다진 마늘', '국간장']"
7022698,"['당근', '소금', '마늘', '참기름', '통깨']"
7022697,"['당근', '소금', '중 새우', '청양고추', '홍고추', '튀김가루', '계란']"
7022696,"['두부', '애호박', '표고버섯', '양파', '홍고추', '쪽파', '된장', '물', '고춧가루', '유러피안샐러드 (또는 상추)', '귀리밥']"
7022695,"['생 닭발', '월계수잎', '소주', '물파래', '고춧가루', '간생강', '다진마늘', '된장', '고추장', '설탕', '진간장', '매실액', '굴소스', '치킨스톡', '양파', '후추 조금']"
7022694,"['우유', '물', '설탕', '올리고당', '돈가스소스', '케첩', '다진마늘', '후추', '양송이버섯', '당근', '양파', '애호박', '햄', '식용유', '밥', '굴소스', '계란']"
7022693,"['자몽', '꿀']"
7022692,"['느타리버섯', '굵은소금', '당근', '쪽파', '계란', '깨소금', '가는소금', '후추 조금', '식용유 넉넉히']"
7022691,"['두부', '식용유', '다진마늘', '간장', '고춧가루', '설탕', '대파']"
7022690,"['돼지고기 앞다리살', '감자', '애호박', '양파', '멸치육수', '고추장', '고춧가루', '진간장', '맛술', '다진마늘', '된장', '설탕', '참기름', '후추 조금']"
7022689,"['감자', '소금', '설탕', '후추 약간', '통깨 약간', '파', '햄', '식용류 약간']"
7022688,"['패스츄리 생지', '잼', '슈가파우더 약간']"
7022687,"['키조개관자', '생칵테일 새우', '브로커리', '깐마늘', '라구소스', '토마토소스', '후추', '디포리해물 육수', '물']"
7022686,"['절단 닭', '대파', '양파', '당근', '감자', '청양고추', '물', '통깨 약간', '표고버섯', '설탕', '고춧가루', '고추장 듬뿍', '진간장', '멸치 액젓', '다진 마늘', '생강가루', '월계수잎', '통후추']"
7022685,"['돼지고기', '양파', '당근', '청양고추', '대파', '양배추', '우동면', '통깨 약간', '후추 약간', '맛소금 약간', '고추장', '고춧가루', '설탕', '진간장', '맛술', '다진 마늘']"
7022684,"['가지', '양파', '대파', '마늘', '고춧가루', '식용유 약간', '홍고추', '두반장', '굴소스', '설탕', '참기름', '후추 약간']"
7022683,"['플레인요거트', '그래놀라', '딸기', '알룰로스']"
7022682,"['쭈꾸미', '밀가루', '양배추', '양파', '당근', '콩나물', '대파', '고춧가루', '고추장', '다진마늘', '간장', '맛술', '설탕', '매실액', '후추 톡톡', '참기름', '통깨']"
7022681,"['부추', '오징어', '모짜렐라 치즈', '부침가루', '물', '계란']"
7022680,"['딸기', '마시멜로우', '초코펜']"
7022679,"['시금치', '대파', '국간장', '다진 마늘', '소금', '참기름', '통깨', '소금']"
7022678,"['꽈리고추', '잔멸치', '마늘', '간장', '올리고당', '맛술', '후추', '물', '통깨', '식초']"
7022677,"['오징어', '부추', '양파', '당근', '청양고추', '식용유 넉넉하게', '튀김가루', '물', '멸치 액젓', '물', '진간장', '식초', '설탕', '고춧가루 약간']"
7022676,"['순두부', '돼지고기 다짐육', '양파', '대파', '홍고추', '멸치육수', '다진마늘', '간장', '맛술', '고춧가루', '후추', '통깨', '전분가루', '물']"
7022675,"['계란', '꽈리고추', '건표고버섯', '마늘', '대파', '편생강', '식초', '소금', '간장', '맛술', '설탕', '올리고당', '후추', '통깨', '물']"
7022674,"['무', '대파', '굵은소금', '설탕', '다진마늘', '액젓', '고춧가루', '통깨']"
7022673,"['참치캔', '감자', '대파', '양파', '홍고추', '청양고추', '물', '설탕', '고춧가루', '고추장', '된장', '다진 마늘', '진간장']"
7022672,"['두부', '부추', '홍고추', '물', '진간장', '올리고당', '설탕', '참기름', '다진마늘', '된장', '참치액', '전분', '물']"
7022671,"['감자', '당근', '양파', '대파', '다진 마늘', '올리브오일', '소금', '통깨']"
7022670,"['두부', '달래', '양파', '멸치액젓', '식초', '고춧가루', '참기름', '깨소금 약간']"
7022669,"['미역줄기', '당근', '양파', '다진 마늘', '올리브오일', '소금', '맛소금', '들기름', '통깨 솔솔 ']"
7022668,"['계란', '소금', '들기름 ']"
7022667,"['오징어', '신김치', '멸치육수', '대파', '국간장', '새우젓', '맛술', '소금 약간', '후추']"
7022666,"['김', '식용유', '참기름', '파', '파프리카', '간장', '굴소스', '맛술', '알룰로스', '깨소금']"
7022665,"['달걀', '무염버터', '우유', '설탕', '꿀', '바닐라익스트랙', '박력분', '베이킹파우더']"
7022664,"['연어', '간장 (회간장)', '홀스래디쉬소스', '고추냉이', '양파', '무순', '레몬 (생략가능)', '양파후레이크 (생략가능)', '밥', '식초', '설탕', '소금']"
7022663,"['달래', '간장', '다진마늘', '매실청', '참기름', '통깨']"
7022662,"['콩나물', '무나물', '물', '참기름', '소금']"
7022661,"['동치미 무', '쪽파', '고추가루', '다진마늘', '설탕', '소금 조금', '참기름', '통깨']"
7022660,"['햇감자', '냉동유부', '편마늘 조금', '대파 조금', '올리브유', '진간장', '올리고당', '설탕 조금', '물']"
7022659,"['떡국 떡', '사골 육수', '물', '파 송송', '국 간장', '계란', '김밥용김']"
7022657,"['통삼겹살', '사과 작은것', '대파', '월계수잎', '편생강', '통후추', '생강술', '인스턴트커피']"
7022656,"['묵은지', '돼지고기목살', '청국장 (주먹크기)', '두부', '대파 조금', '청양고추', '된장', '다진마늘', '고추가루', '생강술', '후추가루 조금', '소금 조금']"
7022655,"['부침두부', '건표고버섯', '양파 큰거', '대파', '홍고추', '다진마늘', '고춧가루', '표고버섯불린물', '참기름', '식용유', '감자전분가루', '생수', '맛술', '두반장', '설탕', '생강가루', '소금 약간', '후춧가루 약간']"
7022654,"['떡', '대파', '당근', '사과', '간장', '설탕', '고춧가루', '다진마늘', '올리고당', '물']"
7022653,"['소고기등심', '계란', '토마토', '식빵', '피클', '양상추', '모짜렐라치즈', '돈까스 소스', '식용유']"
7022652,"['만두', '김밥용김', '식용유', '진간장', '굴소스', '식초', '맛술', '고춧가루', '물엿', '참기름', '물']"
7022651,"['오징어', '칵테일 새우', '밥', '파프리카', '청피망', '양파', '당근', '마늘', '버터', '맛술', '굴소스', '참기름']"
7022650,"['깨', '참치', '김치', '참깨', '참기름']"
7022649,"['콩나물', '대파', '식용유', '마늘', '맛술', '고추가루', '참기름', '소금 약간', '녹말가루', '고추장', '통깨']"
7022648,"['누룽지', '김장김치', '생수', '참기름', '참치액 (간이 싱거울때)']"
7022647,"['물만두', '소세지', '케찹', '간장', '올리고당', '고추장']"
7022646,"['새우', '쌀국수', '청양고추', '양파', '마늘', '건새우', '쪽파', '아몬드', '계란', '참치액젓', '설탕', '간장', '식초', '물']"
7022645,"['포두부', '올리브유 (분사형 스프레이)']"
7022644,"['밥', '계란', '양파', '대파', '식용유', '진간장', '굴소스', '참기름', '깨']"
7022643,"['쑥', '바지락 살', '멸치 육수', '된장', '다진 마늘', '들깨 가루', '국간장']"
7022642,"['굴', '무', '생수', '대파', '마늘', '맛소금', '후추 톡톡 ']"
7022641,"['닭가슴살', '통마늘', '올리브유', '소금 약간', '후춧가루 약간', '올리브유', '진간장', '맛술', '매실청', '물엿']"
7022640,"['파스타면', '간마늘', '새우', '계란', '레몬', '버터', '후추', '소금']"
7022639,"['스파게티 면', '소시지', '피망', '양파', '올리브오일', '소금', '올리브오일', '토마토 케찹', '맛술', '진간장', '면수']"
7022638,"['미역줄기', '당근', '참치액', '마늘', '참기름', '통깨']"
7022636,"['닭', '부추', '간장', '다진마늘', '설탕', '맛술', '청양고추', '베트남고추']"
7022635,"['밥', '오트밀', '물', '참치', '치즈', '고추장', '알룰로스', '케첩']"
7022634,"['사과', '비트', '올리브유', '유자청', '소금', '후추', '사과식초']"
7022633,"['양배추', '청양고추', '물', '간장', '소금', '설탕', '식초', '매실청']"
7022632,"['무염버터', '설탕', '마스코바도', '소금', '계란', '바닐라오일 약간', '중력분', '베이킹파우더', '베이킹소다', '다크초콜릿']"
7022631,"['순두부', '양파', '빨간 파프리카', '노란 파프리카', '청양고추', '파스타소스', '피자치즈 원하는만큼', '후추 톡톡']"
7022630,"['오이', '참치캔', '계란', '밥', '김자반', '참기름', '마요네즈', '와사비', '후추 톡톡', '레몬즙', '설탕', '진간장', '참깨', '설탕', '식초', '소금']"
7022629,"['생굴', '무', '대파', '청양고추', '멸치코인육수', '물', '다진마늘', '멸치액젓', '맛술', '소금 약간', '굵은소금']"
7022628,"['버터', '옥수수가루', '분당', '중력분', '강력분', '바닐라에센스 (생략가능)']"
7022627,"['삶은 무청시래기', '멸치육수팩', '물', '다진마늘', '들깨가루', '들기름', '된장', '고추장', '고춧가루', '참치액', '표고버섯가루', '맛술', '소금']"
7022626,"['느타리버섯', '올리브 오일 적당히', '간장', '메이플 시럽', '굴소스', '치즈식빵', '체다 치즈', '트러플 오일 넉넉히']"
7022625,"['보리새우', '물', '간장', '올리고당', '매실액']"
7022624,"['소면', '자숙 뿔소라', '양파', '로메인상추', '홍고추', '물', '고추장', '설탕', '매실청', '식초', '참기름', '참깨', '진간장', '맛술']"
7022623,"['식초', '설탕', '소금', '밥', '연어', '아보카도', '김밥김']"
7022622,"['계란', '팽이버섯', '대파', '다진 마늘', '참치액', '소금', '물', '후추 톡톡 (옵션)']"
7022621,"['팽이버섯', '당근', '건 새우가루', '부침가루', '튀김가루', '달걀']"
7022620,"['마늘쫑', '어묵', '물', '간장', '미림', '올리고당', '소금', '식용유', '참기름']"
7022619,"['데친 시금치', '참치액젓', '참기름', '간 깨']"
7022618,"['소시지', '베이컨', '양파', '달걀', '다진 마늘', '모짜렐라치즈', '스파게티 토마토소스', '물']"
7022617,"['닭가슴살', '토마토', '오이', '올리브오일', '레몬즙', '설탕', '소금']"
7022616,"['청양고추', '물', '진간장', '설탕', '식초']"
7022615,"['백미', '찹쌀', '물', '다시마', '순살갈치', '참기름', '진간장', '쪽파 넉넉히']"
7022614,"['갑오징어', '돼지고기 찌개용', '양파', '대파', '양파', '대파', '고추장', '고춧가루', '양조간장', '조청', '매실액', '다진마늘', '다진생강', '맛술', '후추', '소주']"
7022613,"['돼지갈비', '월계수잎', '소주', '물', '고춧가루', '진간장', '맛술', '설탕', '다진마늘', '고추장', '된장', '양파', '다시다', '올리고당', '후추 조금', '당근', '떡국떡', '표고버섯', '대파']"
7022612,"['냉동만두', '팽이버섯', '호박', '감자', '양파', '당근', '알배추', '청경채', '숙주', '소고기 샤브용', '다진마늘', '느타리버섯', '깻잎', '대파', '양파', '육수한알', '표고버섯기둥', '대파뿌리', '다시마']"
7022611,"['돼지고기 앞다리살', '팽이버섯', '간장', '간마늘', '설탕', '후추 약간', '식용유']"
7022610,"['매실', '설탕']"
7022609,"['소고기등심', '밥', '참기름', '소금', '깨', '계란', '돈까스소스']"
7022608,"['매실', '담금주']"
7022607,"['밥', '스팸', '참치', '당근', '양파', '계란', '식용유', '케찹']"
7022606,"['소세지', '새송이버섯', '칵테일 새우', '마늘', '파프리카', '브로콜리 조금', '페페론치노', '올리브오일', '후춧가루']"
7022605,"['순두부', '대패삼겹살', '멸치동전 육수', '물', '양파', '호박', '청양고추', '파', '식용유', '다진마늘', '고춧가루', '참치액젓', '진간장', '국간장', '후추가루']"
7022604,"['강력분', '소금', '꿀', '이스트', '올리브오일', '물']"
7022603,"['냉동만두', '계란', '부추 조금', '청양고추', '소금 조금', '후춧가루 조금', '오일 약간', '물']"
7022602,"['황태채', '맛술', '간장', '고추장', '다진 마늘', '설탕', '매실청', '깨', '참기름']"
7022601,"['스파게티면 ', '오일스프레이', '토마토소스', '모짜렐라치즈']"
7022600,"['절임 갓', '고춧가루', '다진마늘', '식초', '간장', '참기름', '깨']"
7022599,"['우엉', '들기름', '소금', '쯔유', '통깨', '쪽파']"
7022598,"['오이', '양파', '고수', '간장', '고추장', '고춧가루', '설탕', '요리당', '참치액젓', '식초', '마늘', '참기름 적당량', '통깨 적당량']"
7022597,"['반건조 오징어', '당근', '무우', '양파', '간장', '스테비아', '물']"
7022596,"['계란', '크래미', '후추 적당량', '식용유', '깨소금']"
7022595,"['소면', '물 적당량', '시금치페스토', '닭가슴살', '올리브오일']"
7022594,"['암 꽃게', '물', '대파', '된장', '소주', '공기밥', '꽃게 살', '김가루', '참기름 약간', '깨소금 약간', '라면', '물', '된장', '꽃게 다리', '대파', '고춧가루']"
7022593,"['대패 삼겹살', '두부', '양파', '대파', '청양고추', '후춧가루 조금', '마늘', '설탕', '고춧가루', '진간장', '액젓', '들기름', '물', '통깨 조금']"
7022592,"['새송이버섯', '들깨가루', '간장', '소금', '물 적당량 (또는 채수)']"
7022591,"['참치캔', '세발나물', '마요네즈', '고추냉이', '참기름', '밥']"
7022590,"['라면사리', '대파', '식용유', '진간장', '굴소스', '설탕']"
7022589,"['알배추', '닭가슴살', '청양고추', '홍고추', '두부', '진간장', '참기름', '다진마늘', '전분가루', '후추 톡톡 ', '진간장', '식초', '물', '설탕', '고추기름', '다진마늘']"
7022588,"['냉동 노바시 새우', '쪽파', '부침가루', '계란', '소금', '식용유 조금', '소금', '맛술', '물']"
7022587,"['밥', '방울토마토', '베이컨', '계란', '대파', '식용유', '굴소스', '참기름', '후춧가루', '파슬리가루']"
7022586,"['동그랑땡반죽 (동그랑땡 요리 참고)', '빨강 파프리카', '노랑 파프리카', '피망', '부침가루 조금', '계란', '소금', '식용유 적당히']"
7022585,"['잡채', '달걀', '식용유 적당량']"
7022584,"['깐 쪽파', '멸치액젓', '양파', '배즙', '찬밥', '새우젓', '다진마늘', '다진생강', '고춧가루', '매실청', '깨']"
7022583,"['쑥', '양파', '대파흰대', '청양고추', '콩가루', '멸치', '된장', '다진마늘']"
7022582,"['쇠고기', '풋마늘', '소금', '후추 약간', '깨소금', '굵은소금', '식용유 약간', '간장', '참기름', '감식초']"
7022581,"['육수', '가자미', '쑥', '멸치액젓', '마늘', '소금', '실파 약간']"
7022580,"['건미역', '캐슈넛', '양파', '소금 듬뿍', '참기름', '물']"
7022579,"['쌀뜨물', '쑥', '냉이', '된장', '들깨가루', '마늘 약간', '쇠고기', '양파', '미니파프리카', '홍초', '파인애플 약간', '간장', '맛술', '쌀조청', '마늘', '후추', '참기름', '깨소금 약간', '미나리', '멸치액젓', '참기름', '깨소금 약간', '파프리카', '막장 약간']"
7022578,"['감자', '양파', '대파', '요리유', '버터', '소금 (기호에 맞게)', '다진 마늘']"
7022576,"['쌀', '물', '자숙문어', '달래 약간', '버터', '다진마늘', '진간장', '맛술', '설탕', '참기름', '깨소금']"
7022575,"['닭', '감자', '양파', '당근', '대파', '청양고추', '홍고추', '납작당면 약간', '식용유 약간', '물', '후추 약간', '간장', '고추장', '고춧가루', '케첩', '카레가루', '다진마늘', '다진생강', '황설탕', '물엿', '된장', '맛술']"
7022574,"['반건조 가자미', '옥수수전분', '카레가루', '천일염 약간', '식용유 약간']"
7022573,"['마', '그릭요거트', '우유', '꿀']"
7022572,"['두부', '양파', '대파 조금', '올리브유', '고추가루', '진간장', '참치액', '다진마늘', '올리고당', '설탕 조금', '생강술', '참기름', '통깨 조금']"
7022571,"['소고기 국거리용', '대파', '무', '다진 마늘', '국간장', '참치액젓', '참기름', '멸치육수', '고춧가루', '국간장', '물', '다진 청양고추', '다진 마늘']"
7022570,"['느타리버섯', '양파', '파 조금', '다진마늘', '맛소금', '참기름', '후추 조금', '깨 조금']"
7022569,"['흰다리 새우', '후추 약간', '대파', '다진 마늘', '식용유', '버터', '고춧가루', '케첩', '식초', '설탕', '매실청', '간장']"
7022568,"['닭고기', '냉동채소', '소금 약간', '후추 약간']"
7022567,"['돼지고기 등뼈', '콜라', '생강즙', '통후추', '물', '콜라', '간장', '맛술', '다진마늘', '유자청', '계핏가루', '양파', '떡볶이떡', '감자', '당근', '대파', '후추', '참기름', '통깨']"
7022566,"['김밥김', '달걀지단', '깻잎', '단무지', '당근', '소세지']"
7022565,"['무 큰것', '깻잎', '제로 사이다', '식초', '소금']"
7022564,"['청국장', '쌀뜨물', '청양고추', '홍고추', '고춧가루 약간 ', '대파 넉넉히', '무 약간 ', '들기름']"
7022563,"['오징어', '무', '대파', '양파', '청양고추', '홍고추', '물', '들기름', '국간장', '멸치액젓', '다진 마늘', '소금 (취향껏)']"
7022562,"['건식 찹쌀가루', '설탕', '소금', '끓는 물']"
7022561,"['두부', '양파', '청양고추', '고추참치', '고추장', '대파', '참기름', '깨 넉넉히']"
7022560,"['핫초코 마시멜로', '물', '아이스크림 바닐라맛']"
7022559,"['계란', '카레가루', '양파', '고춧가루']"
7022558,"['두부', '양파', '대파', '식용유', '진간장', '국간장', '맛술', '고춧가루', '다진마늘', '물엿', '물']"
7022557,"['김밥김', '밥', '달걀', '묵은지', '맛살', '깻잎', '소금 약간', '참기름', '깨소금 약간', '소금', '맛술', '식용유 약간', '들기름', '황설탕']"
7022556,"['냉동 고기만두', '또띠아', '모짜렐라치즈', '블랙올리브', '미니파프리카', '다진 불고기 약간 (패쓰가능)', '할라피뇨체다 소스 약간 (시판소스)', '식용유 약간']"
7022555,"['쌀가루', '계란', '닭가슴살', '찐고구마 ', '오일', '캐롭파우더']"
7022554,"['깻잎', '계란', '홍고추', '대파(하얀부분) ', '맛살', '부침가루', '맛소금', '후추 톡톡 ']"
7022553,"['크리스피 핫도그', '양배추', '당근', '마요네즈', '케첩', '후추 약간']"
7022552,"['미나리', '양배추', '양파', '미니 오징어', '고추장', '고춧가루', '다진마늘', '매실청', '설탕', '식초', '참기름 약간', '참깨 약간']"
7022551,"['쌈무', '파프리카', '당근', '게맛살', '무순']"
7022550,"['얼음 적당량', '우유', '에스프레소']"
7022549,"['스파게티', '소불고기', '참나물', '상추', '세발나물 약간', '시판 샐러드 드레싱 약간']"
7022548,"['따뜻한 밥', '아보카도', '저염 명란젓', '김가루', '계란후라이 반숙', '식용유 약간', '참기름']"
7022547,"['중멸치', '마늘', '들기름', '술', '간장', '생강청', '매실액', '깨']"
7022546,"['소고기 샤브용 ', '알배추', '청경채', '느타리버섯', '팽이버섯', '육수', '범일콩된장', '참치액', '진간장', '후추 약간', '칼국수', '냉동만두', '밥', '계란', '당근', '대파', '참기름', '김가루 약간']"
7022545,"['아보카도', '바나나', '우유', '요구르트']"
7022544,"['당면', '숙주', '새우', '달걀', '표고버섯', '당근', '양배추', '양파', '꼬마새송이', '다진마늘', '간장', '굴소스', '매실액', '참치액', '고춧가루', '올리고당', '설탕', '후추 톡톡']"
7022543,"['돼지 앞다리살', '된장', '카누커피 미니', '물']"
7022542,"['광어회', '연어회', '새우', '로메인상추', '홍고추', '밥', '버터', '다진마늘', '고추장', '쌈장', '매실청', '참기름', '식초', '설탕', '와사비', '참깨']"
7022541,"['스팸', '밥', '양배추', '곰취', '굴소스']"
7022540,"['계란', '청양고추', '물', '간장', '설탕', '다시마']"
7022539,"['양배추', '달걀', '참치', '굴소스', '참치액']"
7022538,"['습식 쌀가루', '쑥', '병아리콩', '크랜베리', '물', '끓는 물', '식초', '설탕']"
7022537,"['감자', '대파 적당량 (또는 쪽파)', '부침가루', '간장', '고춧가루']"
7022536,"['새우패티', '귀리번', '로메인 적당량', '양배추 적당량', '슬라이스 치즈', '홀스레디쉬 적당량', '마요네즈 적당량', '생새우', '계란', '밀가루 적당량', '빵가루 적당량']"
7022535,"['무', '굵은 소금', '다진마늘', '멸치액젓', '새우젓', '설탕', '고추가루', '파프리카가루', '찹쌀가루', '참깨']"
7022534,"['두부', '올리브 오일 넉넉히', '간장', '메이플 시럽', '식초', '고춧가루', '참기름', '깨 조금']"
7022533,"['멸치육수', '곱창김', '계란', '연두', '액젓', '굵은소금', '다진대파', '후추 조금']"
7022532,"['당면', '당근', '부추 작은거', '후추 약간', '통깨 약간', '간장', '양파', '소고기', '설탕', '참기름 약간', '표고버섯', '어묵']"
7022531,"['순대', '라이스페이퍼', '깨소금 조금', '파슬리 조금', '식용유 넉넉히', '고추장', '다진마늘', '케찹', '진간장', '올리고당', '참기름']"
7022530,"['공기밥', '김밥용김', '깻잎', '순살치킨', '계란', '소금 약간', '통깨', '참기름']"
7022529,"['찜용 돼지갈비', '월계수잎', '소주', '무', '당근', '대파', '건표고버섯', '참기름', '후추 조금', '물', '진간장', '흑설탕', '맛술', '다진마늘', '간생강', '배음료', '간 양파']"
7022528,"['만두', '식용유', '청양고추', '대파', '고춧가루', '식용유', '다진마늘', '진간장', '굴소스', '식초', '설탕', '물']"
7022527,"['만두', '계란', '식용유 적당량']"
7022526,"['도다리', '쑥', '무', '대파', '청양고추', '홍고추', '쌀뜨물', '된장', '참치액', '다진마늘', '소금 약간 (부족한 간 맞추기)']"
7022525,"['사각어묵', '깻잎', '계란', '소금', '밀가루', '식용유 넉넉히']"
7022524,"['당근', '부침가루', '찬 물', '계란', '식용유 (넉넉히)']"
7022523,"['물김', '굵은소금', '무', '쪽파', '다진마늘', '고춧가루', '진간장', '액젓', '참기름', '깨소금']"
7022522,"['카레용 야채', '돼지고기 앞다리살', '감자', '토마토', '화조유', '스파이시치킨빈달루', '매운 카레가루', '물']"
7022521,"['브로콜리', '새송이버섯', '들깨', '마요네즈', '진간장', '식초', '설탕']"
7022520,"['돼지고기 보쌈용 한돈', '김장김치', '다진마늘', '다진생강', '대파', '매실액', '갈치액젓', '김치국물', '천연조미료가루', '물', '소주']"
7022519,"['히비스커스티백', '뜨거운 물', '라임즙', '설탕시럽', '민트잎 약간']"
7022518,"['소고기 홍두깨살', '깐메추리알', '통마늘', '꽈리고추', '다시마', '대파', '건표고버섯', '홍고추', '양파', '간장', '참치액', '청주', '올리고당', '비정제설탕', '육수']"
7022517,"['항정살', '된장', '소주', '홍어', '배추겉절이', '파김치', '볶음김치', '마늘', '고추장', '새우젓', '기름장']"
7022516,"['크래미', '양배추', '숙주', '청경채', '썬파', '다진마늘', '데리야끼소스', '굴소스', '맛술', '마늘맛 후리가케', '후추', '가스오부시 원하는만큼']"
7022515,"['다진 소고기', '대파', '양파', '다진 마늘', '고추장', '꿀', '생강술', '식용유', '후추']"
7022514,"['딸기', '설탕', '레몬즙', '식초', '딸기청', '생딸기', '우유', '생크림 조금']"
7022513,"['쑥가루', '참기름', '물']"
7022512,"['물미역', '당근', '양파', '대파', '굵은소금', '고추장', '설탕', '식초', '다진마늘', '참치액', '통깨', '참기름']"
7022511,"['냉동새우', '냉동모둠해물', '양파', '애호박', '새송이버섯', '두부면', '시판 토마토소스', '다진마늘']"
7022510,"['취나물', '다진 파', '굵은소금', '국간장', '참치 액', '다진 마늘', '간 깨', '참기름']"
7022509,"['쑥', '도다리', '밀가루', '무', '대파', '청양고추', '홍고추', '멸치 육수', '쌀가루', '물', '소금', '식초', '마늘', '된장', '액젓', '맛술', '제피가루']"
7022508,"['계란', '꽈리고추', '양파', '쪽파', '코인육수', '물', '고춧가루', '진간장', '설탕', '올리고당', '고추장', '참기름', '통깨', '후추가루 조금', '소금', '식초']"
7022507,"['냉이', '두부', '홍청양 고추', '대파 썬것', '코인육수', '된장', '다진마늘', '국간장', '참치액', '물', '식초']"
7022506,"['소고기', '새송이버섯', '느타리버섯', '팽이버섯', '청경채', '알배추', '숙주', '비트', '당근', '깻잎', '파프리카', '양파', '양배추', '새싹채소', '물', '멸치', '디포리', '보리새우', '다시마', '양파', '대파', '무', '가쓰오부시', '소금', '멸치 액젓']"
7022505,"['돼지고기 카레용', '김치', '들기름', '매실액', '두부', '들기름', '통깨']"
7022504,"['백 오이', '당근', '양파', '부추', '물', '소금', '마늘', '생강청', '설탕', '고춧가루', '액젓', '새우젓', '매실청', '통깨']"
7022503,"['창란젓', '무', '대파', '굵은소금', '올리고당', '간 마늘', '고춧가루', '올리고당', '통깨']"
7022502,"['아욱', '굵은소금', '바지락살', '소금', '대파', '청양고추', '계란', '소금', '물', '마늘', '된장', '액젓', '맛술', '고춧가루']"
7022501,"['사각어묵', '당근', '양파', '대파', '식용유', '마늘', '진간장', '굴 소스', '올리고당', '물', '참기름', '통깨']"
7022500,"['콩비지', '소금', '코코아가루', '두유', '아몬드슬라이스', '박력분', '베이킹파우더', '설탕']"
7022499,"['닭 볶음용', '양파', '파', '감자', '다진마늘', '진간장', '고춧가루', '설탕', '쌈장']"
7022498,"['꼬막', '양파', '아삭이고추', '청양고추', '대파', '간장', '고춧가루', '맛술', '매실액', '설탕', '다진마늘', '물', '통깨', '참기름']"
7022497,"['두부', '새우', '계란', '다진마늘', '쪽파', '물', '전분', '물', '진간장', '맛술', '참치액', '물엿', '고추장', '후추 톡톡', '설탕', '식초']"
7022496,"['돼지고기 앞다리살', '양파', '대파', '당근 약간', '식용유', '간장', '고춧가루', '고추장', '마늘', '올리고당', '설탕', '생강가루 약간', '후추가루 약간', '깨 약간']"
7022495,"['밥', '참기름', '다진 양파', '다진 당근', '토비코 날치알', '볶은 김치', '김  약간 ']"
7022493,"['돌나물', '무', '미나리', '쪽파', '오이', '사과', '굵은소금', '생수', '소금', '설탕', '매실액', '고춧가루', '다진 마늘', '다진 생강']"
7022492,"['달래', '마른김 취향껏', '진간장', '설탕', '맛술', '물', '참기름', '통깨']"
7022491,"['김치', '돼지고기 목삼겹살', '두부', '청양고추', '양파', '대파', '맛술', '후춧가루', '고추가루', '국간장', '설탕', '된장', '다진마늘', '새우젓']"
7022490,"['양배추', '당근', '냉동새우', '계란', '소금', '식용유', '케찹', '마요네즈', '가쓰오부시']"
7022489,"['간고등어', '양파', '대파', '청양고추', '다시마 육수', '진간장', '굵은 고춧가루', '고운 고춧가루', '된장', '설탕', '맛술', '다진 마늘', '다진 생강', '쌀뜨물 약간', '다진 마늘', '맛술']"
7022488,"['알배추', '버섯', '소고기 샤브용 ', '청경채', '미나리', '다진마늘', '액젓', '된장', '고추장', '간장', '고추가루']"
7022487,"['깐메추리알', '건표고 슬라이스', '새송이버섯', '마늘', '무', '다시마', '청양고추', '물', '진간장', '흑설탕', '맛술', '물엿']"
7022486,"['양배추', '양파 작은거', '백명란젓', '콘옥수수', '계란', '김가루 조금', '간장', '저칼로리 마요네즈', '스테비아 설탕', '와사비']"
7022485,"['냉이', '바지락 살', '파프리카', '애호박', '양파', '표고버섯', '된장', '다진 마늘', '고춧가루', '미림', '참기름', '육수']"
7022484,"['생파래', '잔파', '간 마늘', '참치 액', '어간장', '고춧가루', '참기름', '통깨']"
7022483,"['쑥', '흰 다리 새우', '된장', '다진 마늘', '다시마 멸치육수', '볶은 콩가루', '대파']"
7022482,"['진미채', '땡초', '다시마간장', '올리고당', '고추장', '참기름', '고춧가루', '후추 톡톡 ', '깨소금']"
7022481,"['미나리', '양파', '식초', '마늘', '고추가루', '고추장', '매실액', '스테비아', '참기름', '깨 조금']"
7022480,"['완숙 토마토', '감자', '양배추', '찰현미', '잡곡 조금']"
7022479,"['쥐포채', '식용유', '다시마간장', '깨소금 톡톡']"
7022478,"['소고기 국거리용', '무 넉넉히', '대파 적당히', '국간장', '다진마늘', '소금 약간 ']"
7022477,"['차돌박이', '감자', '애호박', '양파', '두부', '대파', '청양고추', '다진 마늘', '시판된장', '쌈장', '소금', '식초', '물']"
7022476,"['된장', '고추장', '물', '양파', '청양고추', '두부', '부추']"
7022475,"['깻잎', '참치', '대파', '밥', '진간장', '맛소금', '참기름', '마요네즈', '김가루', '식용유']"
7022474,"['달걀', '깻잎', '샌드위치용햄', '맛소금', '후추', '맛술', '식용유', '물']"
7022473,"['식빵', '계란', '베이컨 (빵크기만큼)', '체다치즈', '버터', '마요네즈 (빵', '머스타드 (빵']"
7022472,"['봄동', '튀김가루', '물', '얼음 몇조각', '홍고추']"
7022471,"['라면', '계란', '식용유', '깨']"
7022470,"['주꾸미', '돼지고기 삼겹살', '양파', '당근', '대파', '미나리', '고춧가루', '고추장', '간장', '설탕', '맛술', '매실액', '다진 마늘', '식용유', '후추 (약간)', '참기름', '통깨']"
7022469,"['물만두', '양파', '대파', '계란', '밥', '간장', '물', '올리고당', '설탕', '소금']"
7022468,"['아몬드슬라이스', '옥수수전분', '설탕', '계란흰자', '녹인 버터']"
7022467,"['두부', '다진소고기', '양파', '대파', '소금 약간', '식용유', '물', '맛술', '생강가루 톡톡', '후춧가루 약간', '국간장', '진간장', '매실청', '물엿', '고춧가루', '다진 마늘', '다진 대파', '들기름']"
7022466,"['통마늘', '식용유 넉넉히', '소금 약간', '파슬리가루 약간']"
7022465,"['다진마늘', '마요네즈', '설탕', '파슬리 약간', '식빵', '슬라이스치즈', '파슬리 약간']"
7022464,"['소고기', '미역', '국간장', '참치액', '다진마늘', '소금', '참기름']"
7022463,"['통밀가루', '식물성 오일', '계란', '찐 고구마', '삶은당근', '삶은파프리카 (노랑/빨강)', '삶은브로콜리', '유기농 아기치즈']"
7022462,"['갈치', '무', '집간장', '대파', '다진마늘', '생강 조금', '간장', '다시마물', '청양고추', '홍고추']"
7022461,"['보리가루', '막걸리', '꿀', '삶은 팥']"
7022460,"['마라탕소스', '물', '사골육수 코인', '청경채', '배추', '숙주', '어묵', '유부', '팽이버섯', '소시지', '분모자', '우삼겹']"
7022459,"['달래', '오이', '당근', '양파', '고춧가루', '참기름', '참깨', '설탕', '식초', '다진마늘']"
7022458,"['다진 소고기', '미나리', '대파', '홍고추', '쌀', '육수', '참기름', '범일 간장', '물', '참치액', '고춧가루', '통깨', '참기름', '다진마늘']"
7022457,"['돼지고기 불고기감', '대파', '양파', '당근', '깻잎', '진간장', '참기름', '맛술', '생강즙', '마늘', '고추가루', '고추장', '설탕', '후추 톡톡 ', '통깨']"
7022456,"['얼갈이배추', '된장', '고추장', '고춧가루', '다진마늘', '다진파', '참기름', '깨', '고운소금', '설탕']"
7022455,"['닭다리살', '소금', '후추 약간', '미림', '식용유 약간', '대파', '진간장', '식초', '들기름', '올리고당', '설탕', '고추장', '고추기름', '다진마늘', '간장', '굴소스', '물']"
7022454,"['새우살', '옥수수콘', '양파', '식용유', '소금 약간', '후추 약간', '미림', '고춧가루', '케찹', '식초', '물엿', '물']"
7022453,"['식빵', '딸기잼', '치즈', '계란', '우유 조금']"
7022452,"['김치', '다짐육', '다진마늘', '고춧가루', '올리고당', '마요네즈', '밥']"
7022451,"['la갈비', '베이컨', '취나물 볶음', '찬밥', '식용유', '진간장', '참치액', '깨소금', '허니머스터드 소스 약간', '마요네즈 약간', '스리라차소스 약간']"
7022450,"['달걀', '소금', '식초']"
7022449,"['팽이버섯', '다진마늘', '식용유', '물', '쪽파 약간 (데코용으로 생략 가능)', '통깨 약간', '대파', '청양고추', '다진마늘', '매실청', '맛술', '진간장', '올리고당', '굴소스', '고춧가루', '물', '후추 톡톡']"
7022448,"['오징어', '튀김가루', '물', '식용유 넉넉히']"
7022447,"['두부', '참치', '양파', '대파', '홍고추', '코인육수', '물', '고춧가루', '진간장', '맛술', '들기름', '다진 마늘', '새우젓']"
7022446,"['식빵', '버터', '설탕']"
7022445,"['오트밀', '아몬드 가루', '그릭요거트', '설탕', '버터', '소금', '베이킹파우더']"
7022444,"['깻잎', '튀김가루', '부침가루', '물', '식용유']"
7022443,['사과']
7022442,"['양배추', '당근', '샌드위치햄', '모닝빵', '설탕', '케첩', '마요네즈', '후추']"
7022441,"['밥', '김치', '소세지', '계란', '모짤렐라 치즈', '굴소스', '참기름', '깨', '식용유']"
7022440,"['시금치', '감자전분', '물', '달걀', '밥새우', '양파', '소금', '포도씨유', '들기름', '모짜렐라치즈 취향껏']"
7022439,"['무', '들기름', '다진마늘', '다진 대파', '소금', '코인육수']"
7022438,"['김', '청양고추', '물', '다진마늘', '간장', '소금', '맛술', '된장', '후춧가루']"
7022437,"['연어 구이용', '껍질콩', '양파', '소금 약간', '올리브오일 약간', '고추장', '매실액', '생강청', '다진마늘', '간장', '술']"
7022436,"['손질한 멸치', '청양고추', '양파', '고추장', '간장', '다진마늘', '설탕', '올리고당', '맛술', '후춧가루', '깨']"
7022435,"['찬밥', '소세지', '새송이버섯', '당근', '양파', '청양고추', '굴소스', '간장', '후춧가루', '참기름', '깨']"
7022434,"['멸치', '식용유', '고추장 크게', '간장', '설탕', '올리고당', '다진마늘', '맛술', '참기름', '깨']"
7022433,"['된장', '설탕', '간마늘', '참기름', '통깨 약간', '양배추']"
7022432,"['고추', '된장', '고추장', '참기름', '마늘', '설탕', '깨 조금']"
7022431,"['무', '고춧가루', '설탕', '파', '액젓', '굵은소금', '간마늘', '식초']"
7022430,"['데친 깻잎', '참기름', '간장', '다진마늘', '들깨가루']"
7022429,"['닭다리살', '꽈리고추', '소금', '후추 약간', '허브솔트']"
7022428,"['청양고추', '당근', '어묵', '김밥김', '단무지', '간장', '맛술', '설탕', '굴소스', '다진마늘', '크래미', '마요네즈', '설탕', '레몬즙']"
7022427,"['감자', '양파', '마늘', '우유', '생크림', '버터', '밀가루', '소금 적당량', '후추 적당량']"
7022426,"['오이', '크래미', '밥', '참기름', '소금', '스리라차소스 ', '마요네즈', '생와사비']"
7022425,"['다진김치', '참기름', '물', '오트밀', '참치액', '계란', '통깨', '김가루']"
7022424,"['미역', '양파', '청양고추', '고추장', '식초', '고추가루', '설탕', '다진마늘', '진간장', '참기름', '통깨']"
7022423,"['미니 로메인', '양송이', '계란', '우유', '마늘', '크러쉬드 레드페퍼 적당량', '올리브유 적당량', '소금 적당량']"
7022422,"['냉이', '소금 (데치기용)', '통깨', '집된장', '고추가루', '다진마늘', '참기름']"
7022421,"['피꼬막살', '양배추', '두부면', '당근', '양파 반개', '깻잎', '통깨 약간', '고춧가루', '스리라차 칠리소스', '매운 굴 소스', '참치 액젓', '다진 마늘', '맛술', '물', '맛술', '소금']"
7022420,"['우삼겹', '떡국떡', '멸치육수', '계란', '국간장', '진간장', '맛술', '참기름']"
7022419,"['쪽파', '김가루', '소금', '설탕', '참기름', '통깨']"
7022418,"['견과류 바', '샐러드', '프레인 요거트', '견과류']"
7022417,"['돼지고기 앞다리살', '고춧가루', '간장', '올리고당', '다진 마늘', '미림', '생강술', '소금', '통깨', '후추']"
7022416,"['상추', '밥', '쌈장', '참기름', '소금 약간']"
7022415,"['불닭볶음면', '대패삼겹살', '대파', '물', '깨 적당']"
7022414,"['바지락', '집된장', '다담 된장찌개 양념', '생수', '양파', '감자', '두부', '팽이버섯', '청양고추']"
7022413,"['오이고추', '무', '물', '진간장', '설탕', '식초', '맛술']"
7022412,"['순두부', '계란', '애호박', '당근 약간', '대파', '다진마늘', '새우젓', '참치액', '후추', '멸치육수']"
7022411,"['묵은지김치', '두부', '참치', '들기름', '올리고당', '참깨']"
7022410,"['돼지고기다짐육', '소고기 다짐육', '양파', '대파', '찹쌀가루', '설탕', '간장', '다진마늘', '맛술', '후추', '참기름', '간장', '참기름', '꿀']"
7022409,"['사각어묵', '무 손질 후', '대파', '멸치육수', '국간장', '참치액', '다진마늘', '후추']"
7022408,"['쑥갓', '오징어 큰 것', '양파', '당근', '청고추', '홍고추', '튀김가루', '부침가루', '물', '생강가루', '다진마늘', '참치액젓']"
7022407,"['소깐양', '마늘', '양파', '대파', '다진마늘', '굴소스', '굵은 고춧가루', '진간장', '설탕', '후춧가루', '맛술']"
7022406,"['풋마늘', '고춧가루', '간장', '참기름', '멸치액젓', '식초', '설탕', '갈은깨']"
7022405,"['쭈꾸미 중', '달래', '양파', '청양고추', '홍고추', '대파', '고추장', '고추가루', '양조간장', '설탕', '참치액젓', '다진생강', '다진마늘', '참기름', '깨소금']"
7022402,"['큰 두부', '양파', '청양고추', '마늘', '파', '설탕', '고추장', '고춧가루', '간장', '연두', '액젓', '다시 육수 분말', '물']"
7022401,"['미나리', '소고기 스테이크용', '밥', '소금', '올리브오일', '간장', '물', '참치액', '참기름', '고춧가루', '다진마늘', '다진파', '통깨']"
7022400,"['당면', '양파', '당근', '느타리버섯', '시금치', '돼지고기 잡채용', '참기름', '깨', '식용유', '다진마늘', '후춧가루 소량', '간장', '굴소스', '미림', '설탕']"
7022399,"['생강', '파인애플', '바나나', '케일', '사과', '야쿠르트']"
7022398,"['참나물', '쪽파 조금', '다진마늘', '국간장', '진간장', '들기름', '통깨']"
7022397,"['톳', '두부', '대파 조금', '맛소금', '들깨가루', '참기름', '통깨 조금']"
7022396,"['검은콩', '소금', '견과류', '꿀']"
7022395,"['무염버터', '설탕', '박력분', '아몬드 가루', '딸기크런치 (생략가능)', '무염버터', '슈가 파우더', '달걀 노른자', '바닐라 익스트랙', '소금', '박력분', '아몬드 가루', '베이킹 파우더', '저당딸기잼']"
7022394,"['애호박', '순두부', '우삼겹', '양파', '새송이버섯', '청양고추', '홍고추', '대파', '고추기름', '멸치육수', '국간장', '멸치액젓', '고춧가루', '다진 마늘']"
7022393,"['견과류 믹스', '꿀', '올리브유']"
7022392,"['달걀', '맛살', '쪽파 조금', '소금 조금']"
7022391,"['돌나물', '쪽파 조금', '초고추장', '들기름', '통깨', '다진마늘']"
7022390,"['닭가슴살', '통마늘', '굵은 멸치', '당근', '파', '김', '배추잎', '소금 조금', '참기름 적당량', '통깨']"
7022389,"['볶은 멸치', '물', '마늘', '보리새우', '구운 다시마', '아욱', '대파', '새우', '된장', '마늘', '간장', '참기름', '들기름', '소금', '들깻가루', '밀가루']"
7022388,"['계란', '샌드위치햄', '쪽파 초록 부분', '소금', '식용유']"
7022387,"['쑥', '양파', '홍고추', '북어포 자투리', '부침가루', '생콩 가루', '물', '통깨', '검은깨', '소금']"
7022386,"['엿기름', '찹쌀', '단호박', '비트', '설탕', '물']"
7022385,"['구운 김밥김', '참기름', '통깨', '밥 작은', '설탕 조금', '소금 조금', '식초 조금', '참기름', '계란', '미림 조금', '얇은 어묵', '다진마늘', '간장', '설탕', '고추가루']"
7022384,"['깻잎', '간장', '액젓', '고춧가루', '당근', '양파', '홍고추', '쪽파', '통깨']"
7022383,"['무', '두부', '대파', '들기름', '국간장', '소금', '다진마늘', '멸치다시마육수']"
7022382,"['칼국수', '돼지고기', '배추잎', '양파', '청양고추', '대파', '표고버섯', '양송이버섯', '고추가루', '다진마늘', '간장', '참치액젓', '설탕', '굴소스', '후추 조금', '물']"
7022381,"['토마토', '감자', '양파', '사과', '당근', '브로콜리', '양배추', '680ml 토마토퓨레', '샐러리', '소고기', '다진마늘', '버터', '올리브유 적당량', '카레가루']"
7022380,['레몬']
7022379,"['생물고등어', '무', '대파', '양파', '청고추', '홍고추', '물', '간장', '고춧가루', '설탕', '굴소스', '식초', '된장', '다진마늘', '다진생강', '굵은소금', '맛술', '후추']"
7022378,"['양배추', '캔참치', '계란', '밥', '올리브오일', '저당 굴소스', '참치액젓', '참기름 적당량', '통깨 적당량']"
7022377,"['동물성 휘핑크림', '설탕', '에스프레소', '솔티 카라멜시럽', '뜨거운 우유', '코코아파우더 약간']"
7022376,"['콩나물', '고춧가루', '다진 마늘', '참치액', '참기름', '통깨 약간']"
7022375,"['떡볶이떡', '사각어묵', '양배추', '고추장', '설탕', '고춧가루', '간장', '올리고당', '다시마육수']"
7022374,"['신김치', '참치캔', '대파', '양파', '청양고추', '참치액', '다진 마늘', '설탕', '고춧가루', '쌀뜨물']"
7022373,"['번데기', '물', '양파', '대파', '청양고추', '홍고추', '소금', '후추']"
7022372,"['시금치', '소고기 부채살', '홍고추', '청양고추', '다진마늘', '액젓', '간장', '매실액', '굴소스', '생강청', '술', '들기름']"
7022371,"['소고기', '상추', '참나물 약간', '세발나물', '액젓', '다진마늘', '다진파', '매실액', '생강청', '술', '발사믹식초', '레몬즙', '올리브오일', '소금']"
7022370,"['크래미', '달걀', '소금']"
7022368,"['부추', '양파', '고춧가루', '식초', '간장', '참기름', '깨 조금']"
7022367,"['코다리', '청양고추', '간장', '고춧가루', '맛술', '다진 마늘', '후춧가루', '식용유', '올리고당']"
7022366,"['쪽파', '찹쌀가루', '물', '고춧가루', '다진마늘', '까나리액젓', '양파', '매실액', '설탕', '깨']"
7022365,"['오이', '물', '소금', '부추', '당근', '양파', '고춧가루', '까나리액젓', '다진마늘', '설탕', '조청', '물', '깻잎']"
7022364,"['쪽파 뿌리', '설탕', '식초', '물', '간장', '소금']"
7022363,"['멥쌀가루', '삶은쑥', '소금', '물']"
7022362,"['다진 돼지고기', '얼린 시금치', '계란', '맛술', '설탕', '간장', '굴소스', '참치액', '후추 톡톡', '다진마늘', '올리고당']"
7022361,"['통밀', '강력분', '소금', '설탕', '버터', '달걀', '우유', '드라이이스트', '호두', '메이플시럽', '슈가파우더']"
7022360,"['식빵', '계란', '바나나', '우유 약간', '버터', '설탕', '소금 적당량', '시나몬 파우더 적당량']"
7022358,"['신라면', '베이컨', '냉동새우', '슬라이스 치즈', '마늘', '우유', '고춧가루', '라면 스프', '라면 후레이크', '쪽파', '올리브오일']"
7022357,"['닭다리살 정육', '소금', '후추 약간', '올리브오일', '건조 마늘가루', '바질마요네즈 약간']"
7022356,"['바질', '마요네즈', '레몬즙', '현미식초', '설탕', '우유', '그라나파다노치즈', '소금', '달걀 노른자']"
7022355,"['잡채', '라이스페이퍼', '식용유']"
7022354,"['돼지고기 목살', '배즙', '계란후라이', '파인애플 통조림 취향껏', '방울토마토 취향껏', '소금 약간 (구울때)', '후추 약간 (구울때)', '설탕', '간장', '올리고당', '굴소스', '데리야끼소스', '스테이크소스', '배즙']"
7022352,"['냉동대패삼겹살', '볶을때 황설탕', '신김치', '두부', '대파', '마늘', '양파', '청양고추', '홍고추', '식용유', '후춧가루 톡톡 (마지막에)', '고추장', '고춧가루', '다진 마늘', '진간장', '올리고당']"
7022350,"['사과', '설탕', '시나몬파우더', '레몬즙', '박력분', '베이킹파우더', '시나몬파우더 약간', '설탕', '소금 약간', '무염버터', '아이스크림', '카라멜 약간']"
7022349,"['가지', '올리브 오일 적당히', '대파', '굴소스', '깨 조금']"
7022348,"['완숙토마토', '오이', '머스타드 소스', '올리브오일', '발사믹식초', '레몬즙', '죽염', '바질가루 조금']"
7022347,"['마늘쫑', '멸치', '고추장', '간장', '맛술', '매실즙', '올리고당', '다진마늘', '생수', '통깨 적당히']"
7022346,"['살구', '설탕 (손질한 과육의', '레몬즙', '식초 약간']"
7022345,"['도다리', '쑥', '소금', '새우젓', '액젓', '다시다', '된장', '마늘', '대파', '물']"
7022344,"['황태포', '배트남 고추', '전분가루', '맛술', '소금 약간', '후춧가루 약간', '통깨 약간', '튀김기름 약간', '고추장', '진간장', '맛술', '굴소스', '요리당', '설탕', '다진 마늘', '다진 생강', '물', '참기름 약간']"
7022343,"['요거트', '핫도그']"
7022342,"['수박', '초콜릿', '쌀', '와사비', '김', '밤양갱']"
7022341,"['또띠아', '토마토 소스', '양파', '올리브 오일 조금', '베이컨', '파인애플 조금', '파마산 치즈 가루 적당히']"
7022340,"['쌀', '취나물', '물', '국간장', '참기름', '국간장', '간장', '매실청', '맛술', '참기름', '통깨']"
7022339,"['봄동', '배', '대파', '홍고추', '참치액젓', '진간장', '마늘', '매실액', '고춧가루', '통깨', '참기름']"
7022338,"['냉동 오징어', '황태채', '무', '대파 조금', '청양고추', '고추가루', '다진마늘', '생강술', '소금 조금 (또는 국간장)', '후추가루 조금', '해물품은한알']"
7022337,"['밥', '김밥 김', '계란', '비트 가루 조금', '단무지 조금', '맛소금', '통깨', '참기름']"
7022336,"['치커리', '사과', '당근', '대파', '진간장', '액젓', '마늘', '고춧가루', '매실청', '식초', '설탕', '들기름', '참기름', '통깨']"
7022335,"['풋마늘', '식초', '설탕', '진간장', '물', '소주', '식초']"
7022334,"['동태포', '오징어', '당근', '부추', '청양고추', '계란', '전분가루', '소금', '후춧가루']"
7022333,"['달래', '구운김', '물', '진간장', '설탕', '청주', '물엿', '마늘', '건고추', '고춧가루', '통깨', '다진 땅콩 약간']"
7022332,"['돼지고기', '소금', '물', '다진 대파', '다진 청양고추', '간 마늘', '설탕', '국간장', '고춧가루', '식초', '참기름', '깨소금']"
7022331,"['아욱', '건새우', '집된장', '다진마늘', '쌀뜨물', '생수']"
7022330,"['섬초', '굵은소금', '집된장', '깨', '참기름']"
7022329,"['오징어 귀채', '대추', '마요네즈', '식용유', '설탕', '진간장', '맛술', '올리고당', '참기름', '통깨']"
7022328,"['신 파김치', '참가자미', '대파', '다진마늘', '생강가루', '술', '물']"
7022327,"['팜콘 옥수수', '오일', '어니언시즈닝', '커피사탕']"
7022326,"['두부', '대파', '간장', '고춧가루', '참치액', '맛술', '올리고당', '다진 마늘', '참기름']"
7022325,['양배추']
7022324,"['숙주나물', '당근', '세발나물', '물', '맛술', '마늘', '맛소금', '액젓', '깨소금', '참기름', '검은깨 조금']"
7022323,"['양배추', '계란', '올리브오일', '소금 약간', '후추 약간']"
7022322,"['달래', '고춧가루', '국간장', '진간장', '물', '매실청', '깨소금', '참기름', '통깨']"
7022321,"['무염버터', '일반 설탕', '황설탕', '소금', '실온 계란', '레몬즙', '박력분', '베이킹파우더']"
7022320,['순살고등어']
7022319,"['물만두', '아몬드', '케찹', '올리고당', '간장', '고추장']"
7022318,"['참치', '떡', '어묵', '파', '양파 원하는만큼', '고추장', '설탕']"
7022317,"['닭갈비', '부추', '밥', '김', '굴소스']"
7022316,"['카레가루', '양파', '토마토', '호박', '당근', '식용유', '밥', '모짜렐라치즈']"
7022315,"['곱창김', '계란', '사각어묵', '돼지갈비 자른것', '묵은지 볶음', '식용유', '밥', '참기름', '깨', '소금']"
7022314,"['호떡믹스', '모짜렐라치즈', '물 (따뜻한 물)', '식용유']"
7022313,"['닭살', '찜닭양념', '밥', '굴소스', '참기름', '깨']"
7022312,"['아귀', '미나리', '콩나물', '느타리버섯', '당근', '양파', '대파', '소금', '물', '전분', '물', '참기름', '깨', '설탕', '진간장', '국간장', '고춧가루', '고추장', '다진마늘']"
7022311,"['닭곰탕', '칼국수면', '대파', '소금', '후추']"
7022310,"['당근', '계란', '단무지', '김밥용김', '소금', '참기름', '식용유', '다진 마늘', '밥']"
7022309,"['잘 익은 김치', '꼬들단무지 적당히 (또는 단무지)', '참치캔', '달걀', '찬밥', '설탕', '다진마늘', '쌈장', '참기름', '참깨 조금', '김가루 조금']"
7022308,"['멸치칼국수 라면', '배추김치', '계란', '대파', '청양고추', '물']"
7022307,"['닭', '찜닭양념', '파', '청양고추', '감자', '당면', '물']"
7022306,"['무', '양파', '파', '다진마늘', '들기름', '소금']"
7022305,"['무', '다진마늘', '생강', '꽃소금', '양파', '배', '새우젓', '고춧가루', '소주', '요구르트']"
7022304,"['감자', '모짜렐라 치즈', '청양고추']"
7022303,"['양배추', '소고기 (불고기용)', '밥', '청양고추', '대파', '깨', '쌈장']"
7022302,"['흰쌀밥', '오이', '김밥 김', '소금', '참기름', '깨']"
7022301,"['레몬', '꿀', '설탕']"
7022300,"['햄버거빵', '청상추', '치즈', '샌드위치햄', '양배추 약간', '토마토', '양파', '햄버거패티', '하인즈 버거소스', '마요네즈', '소금 약간', '후추 약간', '올리브유']"
7022299,"['건미역', '바지락살', '물', '코인육수', '국간장', '참기름', '마늘']"
7022298,"['소고기 다짐육', '표고버섯', '양파', '청양고추', '홍고추', '대파', '들기름', '물', '소금 약간', '후춧가루 약간', '된장', '다진마늘', '고춧가루']"
7022297,"['다진 돼지고기', '다진 양배추', '양파', '식용유 넉넉히', '소금 약간', '달걀물', '빵가루', '소금 약간', '후춧가루 약간', '우스터소스', '달걀', '빵가루 적당량', '밀가루']"
7022296,"['코코넛가루', '박력분 밀가루', '설탕', '식물성오일', '무첨가 두유']"
7022295,"['삼겹살', '양파', '대파', '청양고추', '물', '다진마늘', '다진생강', '고추장', '고추가루', '소금', '설탕', '물엿', '참치액젓']"
7022294,"['고구마', '양파', '당근', '깻잎', '튀김가루', '탄산수', '참치액']"
7022293,"['밥', '참치', '김치', '김치국물', '굴소스', '계란', '소금', '식용유', '참기름', '후춧가루']"
7022292,"['체다치즈', '식빵', '마가린']"
7022291,"['짠무', '물', '식초', '고추가루', '청양고추 조금', '얼음']"
7022290,['곱창김']
7022289,"['명란', '아보카도', '양파', '식초', '올리브유', '참기름', '깨소금', '김가루', '고춧가루', '설탕', '계란', '새싹채소']"
7022288,"['박력분', '황설탕', '베이킹파우더', '계란', '버터', '땅콩버터', '땅콩버터', '꿀']"
7022287,"['베이컨', '오일', '다진마늘', '고춧가루', '소금', '다진마늘', '소금', '후추']"
7022285,"['다시마육수', '사각어묵', '콩나물', '아기간장', '다진마늘', '대파']"
7022284,"['공기밥', '짜장', '계란', '식용유']"
7022283,"['애호박', '두부', '양파', '홍고추', '대파', '다진마늘', '참기름', '고춧가루', '시판 된장', '쌀뜨물']"
7022282,"['명란', '무', '청양고추', '홍고추', '애호박', '두부', '대파', '쌀뜨물', '까나리액젓', '다진마늘', '새우젓']"
7022281,"['옥돔', '레몬', '부침가루 적당량', '진간장', '식초', '설탕', '와사비 조금']"
7022280,"['두부', '부침가루', '전분가루', '들기름']"
7022279,"['강력분', '소금', '설탕', '우유', '물', '드라이 이스트', '슈가 파우더 약간']"
7022278,"['옥수수', '마요네즈', '스테비아', '치즈', '식빵']"
7022277,"['시금치', '다진마늘', '스테비아', '식초', '참치액', '매운 고춧가루', '고추장', '참기름', '깨 조금']"
7022275,"['컵라면', '계란', '일회용 비닐봉지']"
7022274,"['우삼겹', '콩나물', '대파 넉넉히', '고춧가루', '설탕', '굴소스', '다진마늘']"
7022273,"['전복', '다시마', '무', '맛술', '청양고추', '전복내장', '버터', '맛술', '쯔유']"
7022272,"['생크림', '레몬', '설탕']"
7022271,"['냉동오징어', '고추장', '고춧가루', '간장', '다진마늘', '설탕', '대파', '애호박', '당근', '물엿']"
7022270,"['돌문어', '무', '밀가루', '참기름', '소금', '후추 약간', '통깨']"
7022269,"['오코노미야끼 파우더', '물', '양배추', '숙주', '대파', '베이컨', '새우', '달걀', '가쓰오부시 취향것', '오꼬노미야끼 소스 취향것', '마요네즈 취향것']"
7022268,"['쌀뜨물', '삶은메추리알', '팽이버섯', '파', '다진 마늘', '미소된장']"
7022267,"['알배추', '튀김가루', '물', '부추', '홍고추', '청양고추', '소금', '간장', '식초', '고춧가루', '후추 약간', '올리고당 약간']"
7022266,"['동물성 휘핑크림', '피스타치오 퓨레', '설탕', '다크초콜릿 적당량', '헤이즐넛 약간', '에스프레소', '코코아파우더 약간']"
7022265,"['오징어', '미나리', '쪽파', '오이', '양파', '소금', '회초장', '고추장', '고춧가루', '다진마늘', '올리고당']"
7022264,"['장조림 약간', '적겨자잎', '계란', '간장 적당량', '마늘', '참기름 적당량', '쪽파 적당량']"
7022263,"['닭 가슴살', '밥', '통마늘', '계란', '올리브유', '청양고추', '소금']"
7022262,"['짜장가루', '대패삼겹살', '당근', '감자', '양파', '양배추', '대파', '느타리버섯', '계란', '올리브오일', '물', '밥 적당량', '굴소스', '맛술', '전분물', '참기름', '다진마늘', '다진생강', '설탕']"
7022261,"['양지 수육', '양지 육수', '양지 육수진액', '미나리', '대파', '후추', '물']"
7022260,"['세발나물', '양파', '당근 약간', '홍고추', '다진마늘', '간장', '액젓', '식초', '설탕', '고춧가루', '참기름', '통깨', '식초']"
7022259,"['애호박', '양파', '홍고추', '식용유', '소금', '다진 마늘', '다진 파', '참기름', '깨']"
7022258,"['시금치', '소금', '물', '참치액', '들기름', '참기름', '참깨', '다진마늘', '진간장']"
7022257,"['양파', '청양고추', '물', '간장', '설탕', '식초']"
7022256,"['호떡믹스', '전분가루']"
7022255,"['당근', '달걀', '참치캔', '송송 썬 쪽파', '진간장', '맛술', '소금 약간']"
7022254,"['양배추', '소금', '레몬즙', '들깨가루', '들기름']"
7022252,"['다진소고기', '다진 마늘', '쪽파', '양파', '고추장', '간장', '설탕', '후춧가루 약간']"
7022251,"['바지락', '청양고추', '홍고추', '칼국수면', '굵은소금', '마늘', '파 초록 잎 약간', '소주', '코인 육수', '멸치 액젓', '소금 약간 ']"
7022250,"['계란', '연두부', '물', '쯔유', '참기름', '맛술', '후추 톡톡', '소금']"
7022249,"['닭 볶음탕용', '소주', '대파', '숙주', '감자', '닭육수', '천일염', '후추', '소주', '미나리', '밀가루 종이컵', '타피오카 전분가루', '소금', '양파', '대파', '고춧가루', '양조간장', '꿀', '다진마늘', '맛술', '연겨자']"
7022248,"['소고기 불고기용 등심', '당근', '대파', '양파', '팽이버섯', '진간장', '설탕', '맛술', '다진마늘', '배음료', '양파', '참기름', '깨소금']"
7022247,"['떡국떡', '사각어묵', '비엔나소세지', '멸치육수', '고추장', '설탕', '진간장', '다진마늘', '굴소스', '다진대파', '후추 조금']"
7022245,"['김치찌개', '돼지고기 앞다리살', '양파', '대파', '물', '김치 국물', '다진 마늘', '새우젓', '진간장', '고춧가루', '소금', '식초']"
7022244,"['도토리묵', '오이', '청양고추', '냉면육수', '통깨 약간', '양파']"
7022243,"['밥', '팽이버섯', '계란', '만능간장', '굴소스', '맛술', '설탕', '참기름']"
7022242,"['계란', '양파', '다진마늘', '설탕', '맛소금', '후춧가루 약간']"
7022241,"['검정콩', '소면', '호두', '잣', '땅콩잼', '다시마', '우유']"
7022240,"['고구마', '버터', '꿀']"
7022239,"['대추 방울토마토', '양파', '레몬', '올리브유', '꿀', '발사믹 식초', '소금', '파슬리가루']"
7022238,"['알배기 배추', '밀가루', '물', '소금']"
7022237,"['슬라이스햄', '계란', '치즈', '단무지', '우엉', '밥', '김밥김', '참기름', '소금', '깨']"
7022236,"['가래떡', '사각어묵', '양파', '대파', '청양고추', '간장', '조청', '고추가루', '설탕']"
7022235,"['청경채', '양파', '당근', '오이', '다진 대파', '식초', '설탕', '고춧가루', '참치액', '식초', '매실청', '고추장', '다진마늘']"
7022234,"['찹쌀', '볶은콩가루 ', '소금']"
7022233,"['궁채', '청양고추', '홍고추', '간장', '물', '식초', '설탕']"
7022231,"['목살', '양파', '맛술', '대파']"
7022230,"['두부', '양파', '대파', '진간장', '설탕', '고춧가루', '굴소스', '다진마늘', '물', '참기름', '후춧가루 약간', '통깨 조금']"
7022229,"['카레', '물', '양파', '소고기', '굴소스', '케첩', '설탕', '후추 조금']"
7022228,"['당면', '섬초', '당근', '양파', '새송이버섯', '사각 어묵', '홍파프리카', '계란', '녹말가루 약간', '물 약간', '물', '진간장', '설탕', '소금', '굴소스', '식용유', '참기름', '후춧가루 약간', '통깨']"
7022227,"['양배추 볶음', '계란', '식빵', '설탕 적당량 (또는 딸기잼)', '케첩 적당량']"
7022226,"['시금치', '집간장', '참기름', '통깨']"
7022225,"['두부', '닭가슴살', '애호박', '당근', '양배추', '청양고추', '진간장', '참기름', '다진마늘', '전분가루', '진간장', '식초', '설탕', '물', '고춧가루', '다진 청양고추']"
7022224,"['곰피미역', '양파', '고추장', '간장', '고춧가루', '다진마늘', '설탕', '매실액', '식초', '참기름', '통깨']"
7022223,"['무', '쪽파', '설탕', '고추가루', '멸치액젓', '식초', '간장', '통깨 조금']"
7022222,"['닭똥집', '계란', '청양고추', '마늘', '소주', '식용류 적당히', '다진마늘', '다진생강', '소금', '후추', '전분가루', '튀김가루']"
7022221,"['단무지', '쪽파 조금', '고추가루', '참기름', '식초', '통깨']"
7022220,"['돼지고기', '감자', '두부', '애호박', '양파', '청양고추', '대파', '생강', '다진 마늘', '올리브오일', '소금', '물', '고추장', '고춧가루', '설탕', '진간장', '멸치액젓', '새우젓', '식초']"
7022219,"['또띠아', '슈레드치즈 취향껏', '양파', '파프리카 다이스', '방울토마토', '비엔나소시지', '케첩', '다진 양파', '다진 마늘', '올리고당', '소금', '후추 약간', '바질페스토 또는 오레가노 약간']"
7022218,"['훈제닭다리', '밥', '맛소금 약간', '슈레드 모짜렐라 취향껏', '식용유', '연겨자', '올리고당', '식초', '물', '소금']"
7022217,"['식빵', '양배추', '적채', '머스타드소스 약간', '버터 약간', '소금', '올리브유', '레몬즙', '꿀', '디종 홀그레인 머스타드']"
7022216,"['자른미역', '달걀', '멸치육수', '들기름', '국간장', '멸치액젓', '후추 약간', '소금 약간']"
7022215,"['쌀국수 건면', '육수', '숙주', '소고기', '양파', '고수', '레몬', '쪽파 약간', '피시소스', '홍고추 약간', '식초', '황설탕', '소금 약간']"
7022214,"['우삼겹', '양파', '숙주', '팽이버섯 약간 (500원 동전크기)', '쪽파', '통깨 약간', '밥', '진간장', '맛술', '설탕', '물']"
7022213,"['사각어묵', '양파', '대파', '다진마늘', '고춧가루', '설탕', '올리고당', '참기름', '통깨']"
7022212,"['쪽파', '스팸', '튀김가루', '생수', '계란', '식용유']"
7022211,"['소고기', '마늘', '파프리카', '청피망', '양파', '밥', '로즈메리', '맛술', '소금 약간', '후춧가루 약간', '우유', '케찹', '스테이크 소스', '우스타소스', '올리고당']"
7022210,"['토마토', '양파', '감자', '치커리', '상추', '삶은계란', '올리브오일', '죽염', '바질가루 조금', '다진마늘']"
7022209,"['돼지고기 다짐육', '양파', '양배추', '굴소스', '맛술', '다진마늘', '맛소금', '후추', '튀김가루', '빵가루', '달걀']"
7022208,"['고사리', '멸치 육수', '국간장', '맛술', '들기름', '참기름', '깨소금']"
7022207,"['롱 파스타 면', '바질페스토', '샬롯', '방울양배추', '양송이', '양파', '생크림', '우유', '버터', '마늘', '밀가루']"
7022206,"['버터', '슈가파우더', '소금', '계란', '아몬드파우더', '박력분', '버터', '슈가파우더', '계란', '아몬드 파우더', '복숭아통조림', '복숭아쨈시럽 ', '데코스노우']"
7022205,"['밥', '소고기', '소금 조금 (소고기 구울 때)', '자른 깍두기', '대파', '부추', '깍두기 국물', '물', '식용유', '진간장', '고추장', '설탕', '참기름', '검은깨 조금']"
7022204,"['콩나물', '대파 조금', '소금', '들기름', '깨']"
7022203,"['볶은 땅콩', '소금']"
7022202,"['사각 어묵', '피망', '파프리카', '부추', '크래미 맛살', '계란', '소금 조금', '부침가루 조금', '식용유 조금']"
7022201,"['다시 멸치', '마늘', '청양고추', '식용유', '설탕', '고춧가루', '진간장', '매실청', '올리고당', '참기름', '통깨']"
7022200,"['납작당면', '양파', '당근', '두부', '시금치', '계란', '참치캔', '전분가루', '소금', '후추가루 조금']"
7022199,"['메추리알', '소금', '식초', '장조림용 소고기', '맛살', '통마늘', '간장', '설탕', '꽈리고추', '대파']"
7022197,"['스팸', '밥', '김']"
7022196,"['캔참치', '밥', '단무지', '햄', '맛살', '마요네즈', '설탕', '김']"
7022195,"['분홍소시지', '대파', '계란']"
7022194,"['오징어 (냉동)', '초장']"
7022193,"['방풍나물', '집된장', '참기름', '깨']"
7022192,"['두부', '달걀', '당근', '비트', '피망', '소고기', '건표고버섯', '간장', '매실액', '생강청', '소금', '들기름']"
7022191,"['브로콜리', '양파', '대파', '크림스프분말', '닭 육수', '우유', '소금', '후추']"
7022190,"['고구마', '올리고당', '설탕', '물', '소금 한 꼬집', '생강청']"
7022189,"['사각어묵', '양파', '청양고추', '대파', '통깨 약간', '간장', '맛술', '굴소스', '올리고당', '고춧가루', '설탕', '다진 마늘', '후춧가루 약간']"
7022188,"['순두부', '신김치', '참치캔', '양파', '대파', '청양고추', '국간장', '고춧가루', '설탕', '쌀뜨물']"
7022187,"['떡볶이떡', '소고기 불고기용', '표고버섯', '당근', '통깨 약간', '간장', '올리고당', '참기름', '간장', '설탕', '다진 마늘', '참기름', '후춧가루 약간']"
7022186,"['부지깽이나물', '국간장', '들기름', '다진 마늘', '통깨 약간']"
7022185,"['당근', '단무지', '달걀', '햄', '맛살', '김밥김', '밥', '깻잎', '소금', '설탕', '참기름']"
7022184,"['무염버터', '설탕', '시나몬파우더 약간', '식빵', '슬라이스치즈']"
7022183,"['우유', '에스프레소', '오레오분태 약간', '오레오 약간', '오레오 과자', '휘핑크림', '연유']"
7022182,"['차돌박이', '숙주나물', '대파', '양파', '통마늘', '진간장', '굴소스', '올리고당', '다진마늘', '참기름', '후추 톡톡', '소금 약간 (부족한 간 맞추기)']"
7022181,"['식빵', '버터', '꿀', '마늘', '파슬리']"
7022180,"['물', '국거리용 소고기', '무', '대하', '홍합살', '두부', '국간장', '참치액젓', '소금 약간']"
7022179,"['익은김치', '스팸', '밥', '쪽파', '버터', '진간장', '고추가루', '굴소스', '참기름']"
7022178,"['양배추', '콩나물', '당근', '냉동만두', '깻잎', '설탕', '간장', '다진 마늘', '고춧가루', '고추장', '식초', '올리고당']"
7022176,"['묵은지 두 줌', '참치 작은 것', '대파', '계란', '햄 조금 (생략 가능)']"
7022175,"['무', '소금', '들기름', '다진마늘', '송송썬대파', '참치액', '맛술', '참깨', '참기름', '소금 적당량']"
7022174,"['콜라비', '쪽파', '소금', '고춧가루', '다진 마늘', '설탕', '깨']"
7022173,"['삶은 무청시래기', '쌀', '다시마', '물', '참기름', '대파', '진간장', '매실청', '들기름', '들깨가루', '다진대파', '고춧가루', '다진마늘', '맛술']"
7022172,"['물만두', '로메인상추', '당근채 약간', '식용유', '땅콩분태 약간', '파슬리가루 약간', '마요네즈', '레몬즙', '설탕', '생크림', '후추 약간']"
7022171,"['브로콜리', '양파', '소세지', '마늘', '굴소스', '버터', '식용유', '고추냉이', '후춧가루', '깨']"
7022170,"['물만두', '양배추', '달걀', '부침가루', '대파', '가쓰오부시', '마요네즈', '데리야끼소스', '간장', '설탕', '후추 약간']"
7022169,"['브로콜리', '소금']"
7022168,"['삼겹살', '김치', '밥', '대파', '계란', '쌈장', '설탕', '후추', '참기름']"
7022167,"['사각 어묵', '버터', '꿀', '양파가루', '설탕', '파슬리가루 ']"
7022166,"['진미채', '마요네즈', '맛술', '간장', '참치액', '설탕', '간 마늘', '간 검정깨']"
7022165,"['김밥김 ', '라이스페이퍼', '식용유', '소금', '설탕', '깨']"
7022164,"['사각어묵', '멸치육수', '국간장', '멸치액젓', '쯔유', '다진마늘', '가쓰오부시', '굵은소금', '대파', '후추 조금']"
7022163,"['세발나물', '양파', '홍고추', '식초', '대파', '다진마늘', '진간장', '까나리액젓', '매실청', '고춧가루', '참깨', '참기름', '식초', '고추장']"
7022162,"['깻잎', '양파', '당근 약간', '홍고추', '간장', '액젓', '설탕', '다진마늘', '고춧가루', '통깨', '물', '식초']"
7022161,"['달걀', '달걀노른자', '마요네즈', '앤초비', '후추 약간']"
7022160,"['닭볶음탕용 닭', '닭다리', '신김치', '당근', '대파', '월계수잎', '물', '김치국물', '고춧가루', '진간장', '맛술', '다진마늘', '설탕', '후추 조금']"
7022159,"['밥', '잔멸치볶음', '참기름', '조미김']"
7022158,"['잔멸치', '다진마늘', '간장', '올리고당', '통깨']"
7022157,"['호떡믹스', '옥수수캔', '양파', '소세지', '마요네즈', '모짜렐라치즈', '케찹 넉넉히', '마요네즈 넉넉히', '파슬리']"
7022156,"['항정살', '파김치', '대파', '양파', '두부', '청양고추', '물 또는 육수', '김치국물 약간', '참기름', '다진마늘', '맛술', '고춧가루', '국간장', '설탕', '소금']"
7022155,"['냉이', '굵은 소금', '된장', '고추장', '중간 고춧가루', '물엿', '물', '참기름', '통깨', '다진마늘']"
7022154,"['중멸치', '간장', '간마늘', '고춧가루', '고추장', '설탕', '식용류', '통깨 약간', '꽈리고추']"
7022153,"['적양배추', '오이', '무', '물', '식초', '설탕', '소금', '피클링 스파이스', '월계수잎']"
7022152,"['가지', '간장', '굴소스', '올리고당', '간마늘', '통깨', '고춧가루', '당근', '파 약간', '양파']"
7022151,"['상추', '깻잎', '양파', '당근', '부추', '액젓', '고춧가루', '설탕', '참기름', '통깨']"
7022149,"['닭윙', '전분가루', '소금 소량', '후추 소량', '파슬리가루 소량', '식용유 소량', '양조간장', '다진마늘', '올리고당', '꿀', '식초', '물']"
7022148,"['무', '식초', '소금', '설탕', '물']"
7022147,"['등갈비', '양파', '대파', '월계수잎', '청주', '치즈 조금 (생략가능)', '콘 조금 (생략가능)', '양조간장', '고춧가루', '맛술', '고추장', '된장', '다진마늘', '올리고당', '설탕', '후추']"
7022146,"['두부', '양파', '대파', '청양고추', '다진마늘', '고추장', '만능간장', '설탕', '맛술', '고추가루']"
7022145,"['소고기 양지', '무', '콩나물', '물', '대파', '국간장', '고춧가루', '참기름', '멸치액젓', '소금', '다진 마늘']"
7022144,"['당면', '김밥용 김', '청양고추', '쪽파 적당량', '진간장 적당량', '소금 적당량', '후추 적당량']"
7022143,"['더덕', '쪽파', '잣', '참기름', '간장', '고추장', '고춧가루', '간장', '미림', '올리고당', '다진 마늘', '참기름', '물', '후추 소량']"
7022142,"['키조개관자', '모둠해물', '냉동 새우', '목이버섯', '연근', '청경채', '볶음 땅콩', '저민 마늘', '다진생강', '썬파', '라조장', '설탕', '매운XO 소스', '치킨스톡', '물', '전분물 (농도에맞게)']"
7022141,"['밥', '두부', '계란', '당근', '대파 적당량', '치킨스톡 약간', '소금 적당량', '후추 적당량']"
7022140,"['블랙번', '슬라이스 햄', '슬라이스 치즈', '계란', '양파 적당량', '양상추 적당량', '바질페스토 적당량', '마요네즈 적당량']"
7022139,"['프랑크 소세지', '대파', '계란', '돈까스소스', '가쓰오부시']"
7022137,"['생 취나물', '소금', '다진 마늘', '참치액', '맛술', '들기름', '들기름', '소금', '깨소금']"
7022136,"['양배추', '베이컨', '식용유 적당량', '다진마늘', '굴소스', '진간장', '후추 조금', '통깨 적당히']"
7022135,"['어묵', '양파', '간장', '올리고당', '다진마늘', '참기름', '통깨']"
7022134,"['고등어', '무', '대파', '양파', '홍고추', '풋고추', '미림', '물']"
7022133,"['식빵', '모짤렐라치즈', '계란', '올리고당 약간', '식용유']"
7022132,"['레몬', '베이킹소다', '식초', '굵은소금']"
7022131,"['냉이', '무', '대파', '다진마늘', '청양고추', '두부', '된장 크게', '콩가루', '참기름', '소금 약간', '참치액', '물']"
7022130,"['근대', '청양고추', '홍고추', '대파 조금', '들기름', '된장', '고추장', '다진마늘', '다진 청양고추', '다진 홍고추', '다진대파']"
7022129,"['감태', '돌김', '트러플 오일', '참기름', '진간장', '들깻가루', '땅콩', '소금', '감태소스 ', '새우', '간 마늘', '페페론치노', '올리브 오일', '링귀니']"
7022128,"['바게트', '버터', '마늘', '파마산치즈', '파슬리가루 조금']"
7022127,"['소고기사태', '대파 흰 부분', '무', '느타리버섯', '표고버섯', '대파', '양파', '통후추', '맛술', '물', '고춧가루', '국간장', '참기름', '다진 마늘', '후추 넉넉히', '코인육수', '소금 취향껏']"
7022126,"['식빵', '슬라이스 치즈', '슬라이스 햄', '달걀', '빵가루 약간', '식용유 약간', '마요네즈', '디종머스타드', '꿀']"
7022125,"['봄동', '생새우', '삼색 미니파프리카', '소금', '청주', '식초', '소금', '참기름', '고추장', '식초', '간장', '황설탕', '사이다', '깨소금 약간']"
7022124,"['애호박', '양파', '당근', '대파', '멸치육수', '밀가루', '식용유', '소금', '물 약간', '들깨가루', '국간장', '소금 약간', '후추 약간']"
7022123,"['냉이', '소금 약간', '참치액', '소금', '깨소금', '참기름', '당근', '식용유', '소금', '햄', '단무지', '계란', '소금', '식용유 약간', '밥', '소금', '참기름', '깨소금 약간', '김밥김', '참기름 약간', '통깨 약간']"
7022122,"['모닝빵', '버터', '소금 조금']"
7022121,"['돼지갈비', '대파', '양파', '소금', '설탕', '식초', '진간장', '참치액', '설탕', '고춧가루', '다진 마늘', '후추', '케첩', '물', '청양고추']"
7022120,"['새우', '맛술', '소금 약간', '후추 약간', '전분가루', '달걀', '물', '대파 흰부분', '파프리카', '완두콩', '고추기름', '다진마늘', '다진생강', '두반장', '물', '케첩', '황설탕', '식초', '전분물']"
7022119,"['더덕', '고추장', '고춧가루', '간마늘', '깨', '매실액', '꿀']"
7022118,"['브로콜리', ' 아몬드', '식용유', '밥', '물', '양파', '전분', '물', ' 꽃소금']"
7022117,"['고등어', '양파', '대파', '무', '고춧가루', '다진마늘', '간장', '설탕', '고추장', '된장', '맛술']"
7022116,"['냉이', '된장', '다진마늘', '고춧가루', '참기름', '깨']"
7022115,"['사리곰탕면', '분말 스프', '올리브유', '양파', '마늘', '베이컨', '우유', '슬라이스치즈', '청양고추', '피자치즈', '후춧가루 톡톡 ', '후레이크 스프']"
7022114,"['토마토', '달걀', '브로콜리', '올리브유', '후추 약간', '마늘', '다진파', '홍게 액젓']"
7022113,"['손질 고등어', '무', '다시마 멸치 육수', '대파', '청양고추', '간장', '청주', '고추장', '고춧가루', '된장', '후추', '매실청', '설탕', '참기름', '다진 마늘']"
7022112,"['돼지고기', '당근', '애호박', '양파', '양배추잎', '밥', '짜장가루', '물', '식용유']"
7022111,"['당근', '올리브오일', '죽염']"
7022110,"['더덕', '식용유 적당량', '깨', '양조간장', '들기름', '꿀']"
7022109,"['깐메추리알', '식용유', '튀김가루', '맛소금', '후추', '물', '진간장', '설탕', '물엿', '굴소스', '맛술', '물']"
7022108,"['우유', '전분가루', '스테비아', '체다치즈', '슈가파우더 조금']"
7022106,"['어묵', '우동사리', '진간장', '설탕', '고추가루']"
7022105,"['양파', '당근', '청양고추', '대파', '꿔바로우 (남은것)', '맛 간장', '참치 액', '설탕', '꿀', '마늘', '후추가루 톡톡 ', '물이나 육수']"
7022104,"['오이', '달래', '간장', '고춧가루', '다진 마늘', '미림', '설탕', '식초', '소금', '통깨']"
7022103,"['오트밀', '물', '소금', '프로틴파우더', '꿀']"
7022102,"['감자', '양파', '청양고추', '고깃집 된장찌개양념', '멸치액', '고춧가루', '연두', '다진마늘']"
7022101,"['리코타 치즈', '설탕', '계란', '생크림', '옥수수 전분', '레몬즙']"
7022100,"['무', '대파', '다진마늘', '멸치다시 육수', '범일 국간장', '들깨가루']"
7022099,"['동물성 휘핑크림', '토피크런치 시럽', '얼음 적당량', '우유', '에스프레소', '코코아파우더 적당량', '초콜릿']"
7022098,"['홀토마토', '물', '스파게티', '마늘', '시금치', '전복', '간장', '매실액']"
7022097,"['풋마늘 크게', '고추장', '간장', '매실액', '생강청', '깨가루', '참기름']"
7022096,"['미니 알배추', '씻은 굴', '대파', '다진마늘', '당근 약간 (생략가능)', '크리미 버섯', '액젓']"
7022095,"['냉동새우', '올리브유', '마늘', '페페론치노', '소금 약간', '후추 약간', '바게뜨 취향껏 (식빵)']"
7022094,"['초벌부추', '당근', '오징어', '달걀', '튀김가루', '멸치액젓', '새우가루', '물 약간']"
7022093,"['비엔나소세지', '당근', '미니파프리카', '케첩', '고추장', '식초', '알룰로스', '간장', '후추 약간', '깨소금']"
7022092,"['알감자', '간장', '물', '물엿', '설탕', '다진 마늘', '고추장']"
7022091,"['오코노미야키 믹스', '양배추', '대파 약간', '물', '달걀', '가쓰오부시', '오코노미야끼소스 듬뿍', '마요네즈 듬뿍', '베이컨', '가리비']"
7022090,"['냉동새우', '냉동모둠해물', '양파', '애호박', '계란', '두부면', '진간장', '알룰로스', '굴소스', '참기름', '후추', '통깨']"
7022089,"['무', '고춧가루', '설탕', '까나리액젓', '새우젓', '참기름', '다진마늘', '다진생강', '참깨', '송송썬대파', '설탕', '소금', '식초']"
7022088,"['감자', '당근', '물', '설탕', '만개한알', '올리고당', '고추장', '고추가루', '진간장', '다진마늘', '참기름', '후추 조금']"
7022087,"['통식빵', '버터', '설탕', '계피가루']"
7022086,"['하트 파스타', '훈제연어', '오이', '로메인상추', '슬라이스 올리브', '물', '파슬리가루 톡톡', '파마산치즈 톡톡', '리코타치즈', '레몬즙', '바질', '꿀', '소금', '후춧가루', '올리브오일']"
7022085,"['두부면', '오징어', '대파', '양파', '당근', '청양고추', '설탕', '고춧가루', '간장', '다진 마늘', '고추장', '맛술', '올리고당', '참기름', '깨']"
7022084,"['청포묵', '김', '계란', '참기름', '소금', '깨 조금']"
7022083,"['통식빵', '토마토소스', '모짜렐라치즈 ', '파프리카', '양파', '단호박', '옥수수콘', '소세지', '파슬리']"
7022082,"['감자', '양송이버섯', '대파', '마늘', '올리브오일', '굴소스', '진간장', '물엿', '맛술', '참치액', '참기름', '후추 톡톡']"
7022081,"['떡국떡', '육수', '간장', '설탕', '다진 마늘', '당근', '양파', '대파', '참기름', '깨', '청양고추']"
7022080,"['찹쌀가루', '우유', '팥배기', '호두', '검은깨', '달걀', '베이킹파우더']"
7022079,"['스파게티 면', '명란젓', '양파', '송송 썬 쪽파', '가쓰오부시 약간 (생략 가능)', '소금', '올리브유', '버터', '밀가루', '우유', '올리브유', '체더치즈', '면수']"
7022078,"['보리쌀', '쌀', '콩나물', '소고기', '어묵', '간장', '맛술', '다진 마늘', '다진 청양고추', '다진 달래 적당량', '간장', '물', '레몬즙', '참기름']"
7022077,"['양파', '간장', '후추 약간', '간마늘', '설탕']"
7022076,"['묵은지', '깻잎', '참치', '마요네즈', '들기름', '설탕', '밥', '참기름', '깨소금']"
7022075,"['서리태', '물', '다시마', '진간장', '설탕', '맛술', '물엿', '참기름', '통깨']"
7022074,"['어묵', '무', '익은김치', '대파', '동전육수']"
7022073,"['닭가슴살', '전분가루', '식용유 넉넉히', '다진대파', '진간장', '맛술', '설탕', '다진마늘', '물', '참기름', '깨소금']"
7022072,"['목살', '브로콜리', '양파 조금 (자투리 채소)', '새송이버섯', '간장', '올리고 당', '설탕', '다진 마늘', '굴 소스', '참기름', '후추']"
7022071,"['달래', '두부', '전분가루', '카레 가루', '간장', '고춧가루', '다진 마늘', '참기름', '매실', '맛술', '통깨', '설탕']"
7022070,"['갈비탕용 소갈비', '물', '무', '대파', '조각 다시마', '다진 마늘', '국간장', '소금 약간', '미원 약간 (또는 소고기다시다 약간)', '후추 약간', '양파', '간장', '와사비']"
7022069,"['무', '물', '설탕', '식초', '치자']"
7022068,"['돼지고기 등갈비', '신김치', '쌍화탕', '월계수잎', '맛술', '육수한알', '간장', '된장', '다진마늘', '물']"
7022067,"['콩나물', '신 김치', '무', '대파', '육수', '액젓', '소금', '다진 마늘']"
7022066,"['콜라비', '쪽파', '소금', '액젓', '올리고당', '고춧가루', '마늘', '식초', '참기름', '통깨']"
7022065,"['가지', '밥', '오일', '채소', '참기름', '참깨', '양조간장', '맛술', '굴소스', '설탕', '물']"
7022064,"['굴', '굵은소금', '계란', '대파', '청양고추', '파프리카 자투리 조금', '부침가루', '소금 조금', '참기름']"
7022063,"['자른 건미역', '소고기', '양파', '물', '참기름', '국간장', '다진 마늘', '소금']"
7022062,"['공기밥', '계란', '식용유', '파인애플', '간장', '통깨']"
7022061,"['공기밥', '계란', '식용유', '크래미', '대파', '맛소금', '후추', '참기름']"
7022060,"['풋마늘', '사조 꽃게액젓', '대파', '양파', '참깨', '고추가루', '양파', '마늘', '생강 (엄지 손톱 만큼)', '새우젓', '매실청', '배즙 음료', '설탕']"
7022059,"['봄동', '사과', '건대추', '마늘', '고춧가루', '설탕', '진간장', '액젓', '식초', '알룰로스', '참기름', '통깨']"
7022058,"['핫도그', '계란', '식용유', '케찹 적당량']"
7022057,"['파인애플', '계란', '식용유']"
7022056,"['봄동', '멸치', '다시마', '양파', '파잎', '무', '된장', '고추장', '까나리액젓', '다진마늘', '대파', '청양고추', '홍고추']"
7022055,"['마카로니', '물', '소금', '올리브오일', '베이컨', '양파', '우유', '소금', '후춧가루 조금', '버터', '체다치즈', '모짜렐라 치즈', '파슬리 가루 조금']"
7022054,"['동그랑땡 반죽 조금 (동그랑땡 요리 참고)', '배추잎', '고춧가루', '설탕', '식초', '진간장', '통깨 조금']"
7022053,"['브로콜리', '연두부', '물', '진간장', '굴소스', '요리당', '식초', '마늘', '후추 (생략 가능)']"
7022052,"['삶은 봄동', '대하', '대파', '청양고추', '쌀가루', '멸치 육수', '된장', '고추장', '마늘', '액젓', '제피가루']"
7022051,"['닭고기', '계란', '양파', '양배추 적당량', '쪽파 약간 (대파 가능)', '맛술', '육수', '쯔유', '소금 약간', '후추 약간', '밥']"
7022050,"['건매생이', '굴', '멸치육수', '다진마늘', '국간장']"
7022049,"['밥', '채썬 양배추', '참치', '식용유', '계란', '굴소스', '참치액', '통깨']"
7022048,"['팽이버섯', '식용유', '통깨', '불닭소스', '진간장', '설탕', '고추장']"
7022047,"['닭가슴살', '삶은 메추리알', '꽈리고추', '대파 적당량 (잡내제거용)', '다시마 적당량 (잡내제거용)', '통후추', '진간장', '설탕', '물엿']"
7022046,"['손질한 파래', '무채', '꽃소금', '다진 마늘', '집간장', '까나리액젓', '참기름', '통깨', '고춧가루']"
7022045,"['소고기 스지', '무', '양파', '두부', '대파', '된장', '쌈장', '고추가루', '마늘', '물']"
7022044,"['설탕', '물', '식초', '간장', '레몬즙']"
7022043,"['방울양배추', '진간장', '물', '맛술', '설탕']"
7022042,"['어묵', '간장', '유기농 설탕', '마늘', '물']"
7022041,"['핫케익믹스', '계란', '우유', '견과류']"
7022040,"['쑥', '청양고추', '홍고추', '물', '부침가루', '튀김가루', '식용유 넉넉히']"
7022039,"['돼지고기 앞다리살', '양파', '대파', '된장', '간장', '미림', '올리고당', '사과즙', '다진마늘', '깨', '참기름', '후춧가루 소량']"
7022038,"['다진돼지고기', '콩비지', '신김치', '밀가루', '소금', '김치국물']"
7022037,"['감자', '당근', '양파', '섬초', '식용유', '물', '밥', '카레가루', '밥']"
7022036,"['냉이', '당근', '계란', '밥', '단무지', '우엉', '참기름', '진간장', '소금 작은술']"
7022035,"['삼겹살', '양송이버섯', '표고버섯', '양파', '감자', '당근', '비엔나소세지', '애호박', '카레']"
7022034,"['계란', '굵은소금', '맥주', '버터', '간장', '설탕', '굴소스', '말린 표고버섯', '청양초', '실파', '통깨 약간']"
7022033,"['밥', '만두', '깍두기 (단무지)', '청양초', '김', '간장', '물', '소금', '깨소금', '참기름 약간']"
7022032,"['양배추', '참치캔', '참치액', '굴소스', '현미밥', '계란', '식용유', '참기름', '통깨 약간', '청양초', '마늘 약간']"
7022031,"['삶은계란', '마요네즈', '홀그레인머스타드', '설탕', '후추 약간', '식빵', '파슬리 약간 (생략가능)']"
7022030,"['쌀', '귀리', '물']"
7022029,"['두부', '양파', '청양고추', '대파', '참치', '고춧가루', '설탕', '다진마늘', '참치액', '진간장', '물']"
7022028,"['멸치다시마육수', '냉이', '두부', '애호박', '대파', '된장', '까나리액젓', '다진마늘']"
7022027,"['사과', '양파', '당근', '감자', '브로콜리', '물', '카레가루']"
7022026,"['분모자', '떡볶이떡', '어묵', '대파', '양배추', '양파', '멸치 다시마육수', '고추장', '고춧가루', '간장', '황설탕', '물엿']"
7022025,"['감자', '명란젓', '마요네즈', '바게트 조각', '파슬리 가루 약간', '김 약간']"
7022024,"['냉동 대패삼겹살', '양파', '대파', '식용유', '고추장', '진간장', '매실청', '설탕', '다진 마늘', '고춧가루', '생강가루 약간', '후춧가루 약간']"
7022023,"['고구마', '식용유 넉넉히', '꿀', '검은깨']"
7022022,"['달걀', '올리브유', '설탕', '소금']"
7022021,"['가지', '소고기 다짐육', '쪽파', '간장', '올리고당', '미림', '다진 마늘', '참기름', '후추 소량', '통깨']"
7022020,"['무청', '멸치 육수', '양파', '표고버섯', '대파', '홍고추', '두부', '된장', '다진마늘', '국간장']"
7022019,"['무', '소금', '고춧가루', '매실청', '식초', '깨 조금']"
7022018,"['콩나물', '팽이버섯', '깻잎', '당근 조금', '계란', '메밀부침가루', '타피오카전분', '꽃소금', '식용유 적당히']"
7022017,"['오트밀', '우유', '그릭요거트 ', '치아시드 ', '메이플시럽 ']"
7022016,"['무염버터', '설탕', '슈가 파우더', '달걀 노른자', '바닐라 익스트랙', '박력분', '아몬드 가루', '베이킹 파우더', '소금', '딸기 초콜릿', '화이트 초콜릿', '스프링클 약간']"
7022015,"['우삼겹', '어묵', '팽이버섯', '당면', '대파', '알배추', '청경채', '하이디라오 마라샹궈소스', '고추기름']"
7022014,"['닭다리살', '치킨튀김가루', '굴소스', '생강가루']"
7022013,"['무', '다시마', '정기품 맛간장', '물']"
7022012,"['아보카도', '토마토', '양파', '청양고추', '소금', '후추 적당량']"
7022011,"['닭다리살', '빵가루', '튀김가루', '고춧가루', '카레가루', '미원', '후추', '소금']"
7022010,"['우삼겹', '김치', '햇반', '고추장', '마요네즈', '진간장', '올리고당']"
7022009,"['명란젓', '대파', '청양고추', '통깨', '고춧가루', '다진 마늘', '참기름']"
7022008,"['다듬은 쪽파', '멸치액젓', '매실청', '고춧가루', '다진 마늘', '통깨', '다시마 멸치육수']"
7022007,"['라면', '밥', '삼겹살', '대파', '양파', '식용류 조금', '고추가루', '간장', '소금', '다진마늘 조금', '설탕']"
7022006,"['스팸', '계란', '소금', '식용유 \\u2060']"
7022005,"['쪽파', '물만두', '부침가루', '물', '계란', '후추', '식용유', '간장', '식초', '고춧가루']"
7022004,"['마늘쫑', '죽봉 어묵', '간장', '설탕', '다진 마늘', '참기름', '후추', '굴소스']"
7022003,"['소고기 불고기용', '미나리 약간', '양배추 약간', '당근', '깻잎 약간', '간장', '굴소스', '다진마늘', '설탕', '매실액', '맛술', '후추 약간']"
7022002,"['리챔', '단무지', '맛살', '계란', '김밥용김', '공기밥', '간장', '설탕', '청양고추', '통깨 넉넉히']"
7022001,"['쪽파', '가을무', '표고버섯가루', '소금 약간 ', '들기름 적당히', '튀김가루', '부침가루']"
7022000,"['크로와상생지', '소세지', '스위트콘', '다진양파', '마요네즈', '케찹', '파슬리가루']"
7021999,"['게맛살', '단무지', '김밥햄', '새송이버섯', '꽈리고추', '계란', '밀가루', '맛술', '소금', '후춧가루 약간']"
7021998,"['돼지고기 앞다리살', '신김치', '대파', '두부', '쌀뜨물', '김치국물', '코인육수']"
7021997,"['찌개용 돼지고기', '신김치', '양파', '청양고추', '홍고추', '대파', '고춧가루', '다진마늘', '생강', '참기름', '후춧가루 약간', '소금 약간 (마지막에 간 맞출 때)']"
7021996,"['사각어묵', '가래떡', '메추리알', '무', '다시마', '대파', '통후추', '진간장', '고춧가루', '대파']"
7021995,"['김', '밥', '묵은지 넉넉히', '계란', '멸치볶음 넉넉히', '참기름 조금', '깨 조금']"
7021994,"['오트밀', '해바라기씨', '아몬드 & 호두', '올리브유', '알룰로스', '원당', '카카오가루']"
7021993,"['애호박', '부침가루', '튀김가루', '달걀']"
7021992,"['냉동 아로니아', '원당', '사과', '매실잼 취향것 (또는 매실액)', '레몬']"
7021991,"['두부', '대파', '양파', '청양고추', '간장', '고춧가루', '다진마늘', '설탕', '맛술', '참기름', '깨']"
7021990,"['청국장', '김치', '애호박', '양파', '대파', '들기름', '코인육수', '다진 마늘', '된장']"
7021989,"['컬리플라워 라이스', '두부', '계란', '간장', '굴소스 약간', '참기름', '깨소금 약간']"
7021988,"['해감 동죽조개', '무 약간', '대파', '건 참송이버섯', '두부', '청양고추', '집된장 크게', '다진마늘', '다싯물']"
7021987,"['소갈비', '당근', '표고버섯', '건고추', '은행 약간', '대추 약간', '밤 약간', '배', '다진마늘', '다진생강 약간', '간장', '후춧가루 약간']"
7021986,"['통밀또띠아', '계란', '치즈', '양배추 샐러드 조금', '닭가슴살']"
7021985,"['당근', '감자전분', '카레가루', '소금', '치즈 취향껏 (생략가능)']"
7021984,"['아몬드', '캐슈넛', '호박씨', '검은깨', '조청', '설탕', '쌀튀밥']"
7021983,"['돼지고기앞다리살', '양파', '대파 조금', '설탕', '맛술', '매실액', '간장', '참기름', '고춧가루', '고추장', '다진마늘', '냉이나물', '된장', '다진마늘', '매실액', '고추가루', '참기름']"
7021982,"['봄동', '도토리묵', '양파', '홍고추', '대파', '간장', '매실액', '다진마늘', '식초', '설탕', '고춧가루', '참기름', '깨']"
7021980,"['순대 적당히', '시래기', '사골육수', '대파', '청양고추', '된장', '마늘', '고춧가루', '간장', '새우젓', '들깨가루']"
7021979,"['건새우', '청양고추', '식용유', '참기름', '통깨', '간장', '고추장', '설탕', '올리고당', '다진마늘']"
7021978,"['계란', '감자', '모닝빵', '파슬리가루 톡톡', '다진피클', '마요네즈', '허니머스타드', '파마산치즈', '연유', '후추 톡톡', '소금', '소금', '식초']"
7021977,"['봄동', '쏭쏭 썬 대파', '고춧가루', '멸치액젓', '설탕', '다진마늘', '식초', '참기름', '통깨']"
7021976,"['세발나물', '양파', '홍고추', '식초', '송송썬 대파', '다진마늘', '된장', '참치액', '들기름', '들깨가루', '매실청', '참깨']"
7021975,"['돼지고기 뒷다리살', '고춧가루', '고추장', '진간장', '맛술', '설탕', '다진 마늘', '대파', '양파', '당근', '참기름', '통깨']"
7021974,"['달걀', '대파', '토마토', '우유', '소금', '굴소스', '설탕']"
7021973,"['달래', '진간장', '고춧가루', '참치액젓', '올리고당', '물', '다진마늘', '쪽파', '홍고추', '청양고추', '깻가루', '참기름']"
7021972,"['달걀', '감자', '양파', '대파', '쌀뜨물', '국간장', '다진 마늘', '소금', '후춧가루 약간', '참기름']"
7021971,"['메추리알', '비엔나소세지', '고추장', '케찹', '설탕', '다진마늘', '물', '올리고당', '식용유']"
7021970,"['진라면', '김', '다진대파', '다진 홍고추', '참깨', '들기름', '물', '진간장', '황설탕', '라면스프', '건조야채 스프']"
7021969,"['시금치', '참치액', '참기름', '다진 마늘', '통깨 약간']"
7021968,"['계란', '맛살', '대파', '소금 조금 ']"
7021967,"['사골육수', '떡국떡 적당히', '고기만두', '대파 약간 ', '김가루 약간 ', '소금 약간']"
7021966,"['가지', '고춧가루', '진간장', '알룰로스', '참기름', '다진 마늘', '다진 파', '소금', '깨']"
7021965,"['크래미', '오이', '당근', '옥수수알', '설탕', '올리고당', '레몬즙', '마요네즈', '후추 약간']"
7021964,"['롤 유부초밥', '캔참치', '마요네즈', '깻잎', '밥']"
7021963,"['콩나물', '대파', '진간장', '다진마늘', '고춧가루', '굴소스', '올리고당', '식용유', '깨소금', '참기름']"
7021962,"['떡볶이밀키트', '유부', '양배추', '대파', '만두', '고추장', '다진마늘', '짠지 무침', '조개멸치 육수', '삶은계란', '물']"
7021961,"['느타리버섯', '소금', '후추 약간', '계란']"
7021960,"['돼지고기', '배추김치 적당히 (고기보다 적게)', '대파', '두부', '코인 육수', '고추가루', '간장', '설탕']"
7021959,"['소고기', '당근', '청양고추', '김밥김', '진간장', '맛술', '올리고당', '다진마늘', '굴소스']"
7021958,"['소고기 홍두깨살', '간장', '올리고당', '후추 약간', '통마늘', '고추']"
7021957,"['오트밀', '크래미', '물', '계란', '소금', '후추 조금']"
7021956,"['소고기', '양파', '새송이버섯', '마늘', '버터', '통깨 약간', '돈까스소스', '케찹', '굴소스', '올리고당']"
7021955,"['두부', '양파', '대파', '통깨 조금', '식용유 적당히', '들기름', '진간장', '고추가루', '다진마늘', '참치액', '설탕', '생강가루 톡톡']"
7021954,"['더덕', '쪽파', '맛간장', '고춧가루', '고추장', '알룰로스', '매실청', '다진마늘', '참기름', '통깨 약간', '맛간장', '참기름', '맛술']"
7021953,"['팽이버섯', '올리브유 조금', '소금 조금', '후추 조금']"
7021952,"['상추', '보리새우', '계란', '감자 전분', '매운굴소스', '식용유 적당히']"
7021951,"['미역', '소고기', '다진마늘', '집간장', '맛 국간장', '소금 조금', '참치액']"
7021950,"['사각어묵', '비엔나소세지', '통깨 약간', '고추장', '고춧가루', '카레가루', '올리고당', '매운굴소스', '후추 약간']"
7021949,"['고등어', '부침가루', '대파', '고춧가루', '고추장', '간장', '올리고당', '미림', '다진 마늘', '후추 약간']"
7021948,"['사각어묵', '감자수제비', '통깨 약간', '고춧가루', '스리라차 소스', '스테비아', '다진마늘', '들기름', '간장', '물', '물']"
7021947,"['양배추', '굴소스', '참치액', '참치캔', '소금', '식용유', '참기름', '밥', '깨 적당히']"
7021946,"['브로콜리 줄기', '들기름', '데리야끼소스', '후추 약간', '통깨 조금', '식용유 조금', '물', '소금']"
7021945,"['오이', '토마토', '올리브유', '식초', '레몬즙', '알룰로스', '후추 조금', '닭가슴살']"
7021944,"['두부', '들기름', '소금', '쪽파', '간장', '고춧가루', '다진 마늘', '미림', '참기름', '통깨', '올리고당 약간']"
7021943,"['다짐육', '고춧가루', '간장', '참치액', '미림', '다진마늘', '참기름', '참깨', '대파', '버터']"
7021942,"['감자만두', '부침가루', '달걀', '식용유 적당히']"
7021941,"['감자', '계란', '오이', '마요네즈', '무가당 그릭 요거트', '홀그레인 머스타드', '소금 적당량', '후추 적당량', '식초 적당량']"
7021940,"['밥', '삼색나물 (시금치/도라지/고사리나물)', '당근라페', '김', '깨소금', '참기름']"
7021939,"['감자수제비', '묵은지', '애호박', '감자', '양파', '사골육수', '치킨톡스', '참치액젓', '물', '통깨 약간', '쓰리라차 칠리소스']"
7021938,"['전 조금 (명절남은 전)', '느타리버섯', '표고버섯', '청양고추', '홍고추', '대파', '파김치', '숙주', '고춧가루', '다진마늘', '참치액', '후추 조금', '쌀뜨물']"
7021937,"['박력분 쌀가루', '무염버터', '가염버터', '계란', '설탕', '소금', '우유', '베이킹파우더', '삶은 고구마']"
7021936,"['청경채', '새우', '양송이', '소금 조금', '굴소스 조금', '전분가루']"
7021935,"['양배추', '양파', '당근', '계란', '버터', '포도씨유', '슬라이스체다치즈', '소금', '후추 약간', '식초']"
7021934,"['완숙토마토', '브렐렛 모짜렐라치즈', '어린잎채소', '올리브유', '발사믹식초', '다진 양파', '레몬즙', '소금', '후추 조금', '식초']"
7021933,"['찰현미', '불린 녹두', '당근', '다시마 팩 (간편한 영양솥밥요리팩)']"
7021932,"['무', '소고기', '꽃소금', '까나리액젓', '물', '다진마늘', '얼린 대파', '식용유']"
7021931,"['양배추', '쪽파', '홍고추', '고춧가루', '멸치액젓', '새우젓', '매실액', '설탕', '다진 홍고추', '다진 마늘']"
7021930,"['무', '대파', '고춧가루', '설탕', '설탕', '멸치액젓', '다진 마늘', '통깨', '참기름']"
7021929,"['식빵', '슬라이스치즈', '연유']"
7021928,"['작은 감자', '대파', '다진 마늘', '고추장', '진간장', '올리고당', '물', '카놀라유', '통깨 솔솔 ']"
7021927,"['알배추', '대파', '다진 마늘', '다진 생강', '새우젓', '까나리액젓', '고춧가루', '설탕', '매실청', '굵은소금', '굵은소금']"
7021926,"['소고기', '양파', '감자', '두부', '대파', '고추장', '고춧가루', '진간장', '맛술', '식용유', '코인육수', '소금 약간', '후추 약간']"
7021925,"['우동면', '알배추', '양파', '당근', '대파', '스팸', '프랑크 소시지', '식용유', '다진 마늘', '굴소스', '맛술', '설탕', '간장', '후추 약간', '통깨', '참기름']"
7021924,"['참외', '리코타치즈', '블루베리', '곁들일 허브 약간', '올리브오일', '화이트 발사믹', '레몬즙', '참외 과즙', '소금 약간', '후추 약간', '꿀 약간']"
7021923,"['오이', '굵은소금', '대파', '식용유', '다진마늘', '들기름', '통깨']"
7021922,"['알배기배추 큰거', '천일염', '양파', '마늘', '사과', '새우젓', '까나리액젓', '밥', '청양고추', '홍고추', '생강청']"
7021921,"['백오이', '부추', '소금', '고춧가루', '다진마늘', '멸치액젓', '새우젓', '설탕', '통깨 넉넉하게']"
7021920,"['블루베리', '우유', '요거트 파우더', '꿀']"
7021919,"['건조 코코넛', '계란', '설탕', '소금']"
7021918,"['전호나물', '국간장', '식초', '매실청', '참기름', '간 깨']"
7021917,"['날치알', '참기름', '밥', '볶음 멸치', '단무지 조금', '깨 조금']"
7021916,"['멸치', '다진마늘', '맛술', '물엿', '굴소스', '참기름', '깨 넉넉히']"
7021915,"['소고기', '불린미역', '들깨가루', '국간장', '들기름']"
7021914,"['돼지고기 앞다리살', '애호박', '양파', '감자', '대파', '청양고추', '설탕', '맛소금', '후추', '고춧가루', '맛술', '물', '고추장', '국간장', '다진마늘', '고춧가루', '식용유']"
7021913,"['냉동 LA갈비', '소갈비양념', '당근', '대파', '청양고추', '가래떡', '생수']"
7021912,"['밥', '김밥용 김', '냉동만두', '물', '단무지', '진간장', '맛소금', '통깨', '참기름']"
7021911,"['나물 반찬', '묵은지김치', '밥', '계란', '모짜렐라치즈', '참기름', '올리고당', '굴소스', '조미김']"
7021910,"['베이글', '크림치즈', '라즈베리잼']"
7021909,"['상추 + 케일', '무생채', '계란', '공기밥', '식용유', '참기름', '비빔장', '조미김']"
7021908,"['원두 가루', '뜨거운 물', '우유']"
7021907,['케일']
7021906,"['스팸', '비엔나소시지', '묵은지김치', '두부', '팽이버섯', '대파', '떡국떡', '슬라이스치즈', '사골곰탕', '생수', '고춧가루', '다진마늘', '간장', '설탕', '생수']"
7021905,"['밥', '짜파게티소스', '계란', '쪽파', '다진 당근', '식용유', '맛소금']"
7021904,"['작은 고구마', '마요네즈', '꿀', '허니머스타드']"
7021903,"['다크초콜릿', '아몬드', '호두', '해바라기씨', '알룰로스']"
7021902,"['떡', '베이컨']"
7021901,"['상추', '깻잎', '미나리', '사과양배추 샐러드 조금', '당근라페 조금', '시금치나물 조금', '계란', '비빔 양념장']"
7021900,"['소고기', '양파', '대파', '물', '생강', '건버섯', '진간장', '설탕']"
7021899,"['깻잎', '캔참치', '계란', '소금']"
7021898,"['오징어', '미나리', '깻잎', '상추', '초고추장', '깨소금 약간']"
7021897,"['얼음 적당량', '우유', '동물성 휘핑크림', '팝콘시럽', '에스프레소']"
7021896,"['삶은 시래기', '물', '다진 파', '깨 조금', '된장', '다진마늘', '멸치가루', '들깨가루', '들기름']"
7021895,"['옥수수 통조림', '양파', '피자치즈', '슬라이스 치즈', '마요네즈']"
7021894,"['식빵', '달걀', '우유', '버터', '꿀 적당량 (또는 시럽)']"
7021893,"['유부', '메밀면', '상추', '오이', '토마토', '간장', '올리브유', '들기름', '후추 조금']"
7021892,"['계란', '소금', '맛술', '물']"
7021891,"['메추리알', '간장', '설탕', '소금', '식초', '물', '다시마']"
7021890,"['소세지', '양파', '파프리카', '간장', '굴소스', '케첩', '다진 마늘', '설탕', '식초', '물']"
7021889,"['떡국떡', '어묵', '대파', '삶은 계란', '물', '범일 고추장', '고운 고춧가루', '설탕', '올리고당']"
7021888,"['당근', '소금', '올리브유', '레몬주스', '홀그레인 머스타드', '설탕']"
7021887,"['차돌박이', '쯔유', '밥', '배추김치', '양파', '무순', '와사비 ', '식초', '설탕', '소금']"
7021886,"['달걀', '소금', '참기름', '대파', '파프리카', '햄', '식용유']"
7021885,"['애호박', '양파', '미니파프리카', '양송이버섯', '베이컨', '토마토소스', '후추 약간', '소금 약간', '슈레드치즈']"
7021884,"['또띠아', '달걀', '양배추', '당근', '양파', '체다치즈', '설탕', '케첩 약간', '모짜렐라치즈']"
7021883,"['닭다리살 정육', '양배추', '대파', '고구마', '깻잎', '떡', '간장', '설탕', '고추장', '식초', '고춧가루', '카레가루', '갈아만든 배음료', '참기름', '소금']"
7021882,"['소세지', '양파', '다진마늘', '간장', '설탕', '케찹']"
7021881,"['닭', '무', '감자', '양파', '당근', '대파', '고추장', '고춧가루', '간장', '맛술', '설탕', '다진 마늘', '소금 약간', '후추 약간', '우동사리']"
7021880,"['건오징어채', '물엿', '고춧가루', '고추장', '다진마늘', '진간장', '설탕', '참깨', '식용유']"
7021879,"['계란', '팽이버섯', '양파', '쪽파 적당히', '다진마늘', '새우젓', '맛소금', '후춧가루 약간']"
7021878,"['진미채', '견과류', '간장', '맛술', '올리고당', '다진 마늘', '마요네즈', '통깨', '참기름']"
7021877,"['식빵', '비엔나소세지', '체다치즈', '계란', '소금', '후추 조금', '빵가루', '파슬리', '오일스프레이 조금']"
7021876,"['무', '대파', '까나리액젓', '고춧가루', '식초', '간장', '설탕', '소금']"
7021875,"['가지', '표고버섯', '전분가루', '식용유 넉넉히', '돼지고기 다짐 육', '양파 다진 것', '다진 쪽파', '다진 마늘', '식초', '진간장', '설탕', '맛술', '된장', '생강가루 약간', '후춧가루 약간', '식용유', '전분가루', '차가운 물', '탄산수', '튀김가루', '얼음']"
7021874,"['미나리', '양파', '사과', '오이', '고춧가루', '다진마늘', '매실액', '멸치액젓', '설탕', '식초', '참기름', '통깨']"
7021873,"['닭안심', '양파', '쪽파 적당히 (또는 대파)', '밥', '식용유 적당히', '고춧가루', '진간장', '다진 마늘', '고추장', '물엿', '참기름', '후춧가루 약간']"
7021872,"['양배추', '두부', '노랑 파프리카', '주황파프리카', '깻잎', '김치 약간']"
7021871,"['팽이버섯', '대파', '계란', '밥', '설탕', '간장', '맛술', '물', '참기름', '후추 약간', '통깨']"
7021870,"['우삼겹', '숙주나물', '대파', '맛술', '다진마늘', '굴소스', '진간장', '올리고당', '깨소금', '참기름']"
7021869,"['순두부', '물', '대파', '양파', '냉동 새우', '애호박', '바지락', '다진마늘', '고춧가루', '국간장', '굴소스', '계란', '후추 톡톡']"
7021868,"['명란', '계란', '다진당근', '다진대파', '다진양파', '후추 약간']"
7021867,"['새송이버섯', '소금', '계란', '부침가루', '홍고추', '소금']"
7021866,"['오이', '다진마늘', '다진파', '식초', '간장', '설탕', '두반장', '굴소스', '고추기름']"
7021865,"['감자', '미역', '소금', '국간장', '쌀뜨물']"
7021864,"['공병', '양배추', '물', '설탕', '식초', '피클링스파이스', '월계수잎']"
7021863,"['깐메추리알', '멸치육수', '진간장', '흑설탕', '올리고당', '참기름']"
7021862,"['삼겹살', '묵은지', '김치 국물', '물', '양파', '대파', '마늘', '쪽파', '고춧가루', '설탕', '소고기다시다']"
7021861,"['스팸', '후랑크소세지', '양배추', '대파', '양파', '베이크드빈스', '케찹', '사리곰탕면', '마늘', '치즈', '고추장', '고추가루', '멸치액젓', '간장', '설탕 조금']"
7021860,"['돼지등뼈', '생강', '월계수잎', '통후추', '콜라', '감자', '당근', '베트남 고추', '떡볶이 떡', '양파', '대파', '후춧가루', '통깨', '참기름', '돼지등뼈 육수', '콜라', '진간장', '맛술', '다진 마늘', '유자청', '계핏가루']"
7021859,"['표고버섯', '대파', '들깨가루', '국간장', '참기름', '들기름', '다진 마늘', '육수']"
7021858,['양배추']
7021857,"['미역', '쪽파', '국간장', '멸치액젓', '참기름', '다진 마늘', '통깨']"
7021856,"['닭가슴살', '달걀', '대파', '양파', '마늘', '청양고추', '간장', '올리고당']"
7021855,"['소고기 양지', '마른 미역', '국물용 멸치', '디포리', '파뿌리', '무', '다시마', '국간장', '소금', '참기름']"
7021854,"['물', '바나나', '오트밀', '시나몬가루 조금']"
7021853,"['채썬 양배추', '계란', '소금', '식용유', '마요네즈', '돈까스소스']"
7021852,"['스팸', '양파', '대파', '방울토마토', '다진마늘', '굴소스', '참깨 약간']"
7021850,"['김치', '참치', '부침가루', '물', '김치국물', '식용유']"
7021849,"['삼겹살', '신김치', '사골곰탕', '물', '고추가루', '고추장', '대파', '청양고추']"
7021848,"['우동 사리면', '물', '액젓', '진간장', '미원', '새우가루', '청양고추 조금', '양파 조금', '대파 조금', '계란', '김 조금', '통깨 조금']"
7021847,"['돼지고기 사태', '대파', '청양고추', '물', '통후추 적당량', '미림', '진간장', '설탕']"
7021846,"['김치만두', '참기름', '밥', '고추장', '콘옥수수', '모짜렐라치즈']"
7021845,"['바지락', '냉동해물', '양파', '당근', '대파', '고추장', '고춧가루', '간장', '매실액', '올리고당', '다진마늘', '맛술', '후추 톡톡', '참기름', '통깨']"
7021844,"['쪽파', '오징어', '부침가루', '물', '청량고추', '식용유', '계란']"
7021843,"['롤드오트', '물']"
7021842,"['알배추', '양배추', '쪽파', '대패삼겹살', '물', '참치액', '진간장', '식초', '맛술', '설탕', '통깨', '고춧가루', '후추 톡톡']"
7021841,"['양파', '대파', '고춧가루', '양조간장', '꿀', '다진마늘', '맛술', '서대', '순살고등어', '양념장']"
7021840,"['잘 익은 배추 김치', '김치국물', '설탕', '식용유', '들기름', '멸치다시마육수', '물', '깨']"
7021839,"['전복', '버터', '마늘', '쪽파', '미림', '참기름', '밥', '굴소스']"
7021838,"['닭정육', '깻잎', '양배추', '대파', '올리브오일 살짝', '고추장', '고춧가루', '다진 마늘', '다진 생강', '진간장', '설탕', '맛술 미림', '카레가루', '후추']"
7021837,"['차돌박이', '초록 파프리카', '빨간 파프리카', '노란 파프리카', '팽이버섯', '간장', '설탕', '참기름', '깨소금']"
7021836,"['계란', '맛술 조금', '파', '물', '멸치육수팩', '국간장', '멸치액젓', '후춧가루 톡톡 ', '소금 (식성껏)']"
7021835,"['새우', '단호박 슬라이스', '꽈리고추', '표고버섯', '연근 슬라이스', '깻잎', '김', '튀김가루', '탄산수', '간장', '쯔유', '물', '맛술', '황설탕', '다시마']"
7021834,"['건미역', '전복 작은크기', '고추씨', '들깨가루', '생강술', '소금', '후추가루 조금']"
7021833,"['닭 날개', '대파', '마늘', '설탕', '진간장', '굴 소스', '올리고당', '통깨']"
7021832,"['바나나', '달걀', '설탕', '뉴트리라이트 푸로틴', '까페드다몬밀크 쵸코레뜨', '우유']"
7021831,"['바나나', '달걀', '유기농설탕', '뉴트리라이트 푸로틴', '베이킹 파우더', '우유']"
7021830,"['김치', '돼지고기', '대파', '청양고추', '물', '새우젓', '1 큰 술', '간 마늘', '설탕', '국간장']"
7021829,"['봄동', '무', '양파', '사과', '홍고추', '대파 흰부분', '쪽파', '찬밥', '마늘', '생강', '고춧가루', '멸치액젓', '매실청', '굵은소금', '굵은소금', '물']"
7021828,"['사누끼우동면', '사각 어묵', '양파', '양배추', '대파', '달걀', '가다랑어포 약간', '간장', '굴소스', '맛술', '설탕', '고춧가루', '버터', '후추 약간']"
7021827,"['만두', '대파 조금', '달걀', '사골곰국', '물']"
7021826,"['삼겹살', '쪽파', '통깨', '통마늘', '진간장', '맛술', '올리고당', '매실액', '후춧가루 약간']"
7021825,"['훠궈 마라탕소스', '물', '작은 교자만두', '말린 두부', '중국 당면', '대패삼겹살', '알배추', '시금치', '느타리버섯', '대파']"
7021824,"['대파 넉넉히', '한우고기 곰탕', '고춧가루', '다진마늘', '팽이버섯', '들기름', '소금 약간']"
7021823,"['백미', '잡곡', '물 (쌀과']"
7021822,"['풋마늘', '고추가루', '까나리액젓', '매실청', '설탕', '양조간장', '식초', '참기름', '참깨', '물', '소금']"
7021821,"['양배추', '대파', '오일', '굴소스', '양조간장', '참기름', '참깨', '후추 약간', '물', '식초']"
7021820,"['도다리', '쑥', '봄동', '물', '된장', '조각 다시마', '대파', '청양고추', '홍고추', '청주', '마늘', '국간장', '소금 약간']"
7021819,"['양배추', '사과', '당근', '올레오칸', '삶은감자', '브로콜리', '호박', '견과류 조금', '파슬리가루 조금', '깨 조금']"
7021818,"['된장', '북어채', '배추잎', '대파', '동전육수', '물']"
7021817,"['등갈비', '멸치육수', '묵은지', '양파', '대파', '청양고추', '홍고추', '된장', '맛술', '월계수잎 약간', '통후추 약간', '김치국물', '고춧가루', '진간장', '멸치액젓', '맛술', '다진마늘', '설탕']"
7021816,"['연근', '부침가루', '튀김가루', '차가운 물', '참치액젓', '기름 넉넉히']"
7021815,"['오징어', '부추', '쪽파', '부침가루', '계란', '물', '식용유']"
7021814,"['오징어', '대파', '식용유', '마요네즈', '간장', '굴소스', '설탕', '다진마늘']"
7021813,"['양념된 닭갈비', '부추', '당근', '밥']"
7021812,"['계란', '소금', '소금', '원당', '마요네즈', '식빵', '곡물모닝빵']"
7021811,"['순살고등어', '대파', '고추장', '고춧가루', '설탕', '참기름', '다진마늘', '다진생강', '깨']"
7021810,"['황태채', '감자', '들기름', '다진마늘', '다진파', '집간장', '맑은 장국', '소금 조금', '통깨', '참기름', '계란']"
7021809,"['고형카레', '감자', '당근', '양파', '애호박', '돼지고기', '버터', '캐첩', '식용유', '물']"
7021808,"['묵은지', '들기름', '다진마늘', '대파', '소고기다시다']"
7021806,"['사골곰탕', '소면', '대파', '소금', '후추']"
7021805,"['오징어', '마요네즈', '다진마늘', '설탕', '칠리소스']"
7021804,"['라면', '대파 흰부분', '계란', '손질 새우', '표고버섯']"
7021803,"['초코소스', '에스프레소', '얼음 적당량', '우유', '스프레이 휘핑크림 적당량', '코코아파우더 약간']"
7021802,"['오이지', '대파', '양파', '다진마늘', '고춧가루', '깨', '설탕']"
7021801,"['잔멸치', '견과류', '간장', '설탕', '올리고당', '다진 마늘', '맛술', '오일', '참기름', '통깨 약간']"
7021797,"['양배추', '삶은계란', '마요네즈', '홀그레인머스타드', '후추 조금', '치즈']"
7021796,"['닭볶음탕용 고기', '묵은갓김치', '양파', '홍고추', '마늘', '참치액젓', '대파']"
7021795,"['식빵', '치즈', '토마토', '햄', '양배추 약간', '당근 약간', '양파 약간', '소스 시판용', '초록 야채 약간 (잎야채 종류 상관없어요)']"
7021794,"['오징어실채', '술', '간장', '매실청', '생강청', '생수', '들기름', '깨']"
7021793,"['시금치', '건새우', '대파', '다진 마늘', '까나리액젓', '된장', '쌈장', '고춧가루', '20g 다시팩', '물']"
7021792,"['호밀식빵', '양배추 약간', '달걀', '크림치즈', '홀그레인머스타드', '사과', '치즈 취향껏']"
7021791,"['소고기', '소금', '올리브오일']"
7021790,"['소고기 목등심', '참기름', '꽃소금', '마늘', '배춧잎', '느타리버섯', '양파', '진간장', '후추 넉넉하게', '매실엑기스', '통깨 조금']"
7021789,"['소면', '구운김', '쪽파', '들기름', '맛간장', '설탕', '알룰로스', '맛술', '통깨']"
7021788,"['삶은 계란', '맥주', '버터', '진간장', '흰설탕', '굴소스', '건 표고버섯', '청양고추', '쪽파 약간 (손질 후)', '통깨 솔솔', '물 넉넉하게', '굵은소금']"
7021787,"['김밥 김', '당면', '라이스페이퍼', '설탕', '간장', '참기름']"
7021786,"['찻잎', '물', '우유']"
7021785,"['무', '식용유', '소금', '다진 마늘', '물', '들기름', '깨']"
7021784,"['만두', '떡국떡', '느타리버섯', '표고버섯', '양파', '대파', '청양고추', '홍고추', '고춧가루', '국간장', '맛술', '다진 마늘', '후춧가루 약간', '물', '국물용 멸치', '다시마']"
7021783,"['새송이버섯', '양파', '대파', '홍고추', '식용유', '진간장', '굴소스', '알룰로스', '물', '후춧가루 약간', '참기름', '깨']"
7021780,"['어묵', '무', '대파', '다진 마늘', '국간장', '맛술', '소금', '후춧가루 약간', '물', '국물용 멸치', '다시마']"
7021779,"['취나물', '식용유', '다진파', '다진마늘', '진간장', '맛간장', '물', '소금 약간', '참기름 큰술', '깨소금', '후춧가루 약간', '통깨 약간']"
7021778,"['당근', '달걀', '설탕', '올리브오일', '박력분', '베이킹파우더', '시나몬가루', '마카다미아']"
7021777,"['현미쌀가루', '계란', '우유', '올리고당', '베이킹파우더', '카카오파우더', '초코칩']"
7021776,"['아스파라거스', '들기름', '소금', '후춧가루', '계란']"
7021775,"['짜슐랭', '짜장가루', '냉동짜장 모둠야채', '비엔나소세지', '물', '썬파', '화조유', '고춧기름', '라조장', '계란후라이', '썬파', '파김치 원하는만큼', '통깨 솔솔']"
7021774,"['뼈없는 갈치', '청양고추', '홍고추', '양파', '대파', '간장', '미림', '다진마늘', '고추가루', '다진생강', '설탕', '참기름', '깨소금', '올리브유']"
7021773,"['계란흰자', '설탕', '레몬즙', '건빵', '식용유', '소금']"
7021772,"['달걀 노른자', '설탕 A', '옥수수전분', '우유', '설탕 B', '바닐라 빈 페이스트', '실온 무염버터', '황치즈 가루', '그라나파다노 치즈', '차가운 생크림', '설탕', '럼', '뽀또 약간', '볶은현미 (생략가능)']"
7021771,"['무', '다진마늘', '다진파', '소금', '들깨가루', '들기름']"
7021770,"['상추', '대파', '깻잎', '진간장', '설탕', '2배 식초', '고춧가루', '매실청', '통깨', '후추 조금']"
7021769,"['양지', '육수', '시판 곰탕', '대파', '통마늘', '감초', '국간장', '진 간장', '마늘', '참기름', '후춧가루 톡톡 ']"
7021768,"['홍 진미채', '전분가루', '파마산치즈가루 약간', '튀김가루', '카레가루', '파슬리가루', '얼음 물']"
7021767,"['알배추', '된장', '다진마늘', '고추장', '참기름']"
7021766,"['깻잎', '간장', '물', '식초', '설탕']"
7021765,"['무', '물', '포도씨유', '대파', '들깨가루', '소고기 다시다', '국간장', '소금 약간']"
7021764,"['소고기', '무', '대파', '국간장', '다진 마늘', '맛술', '후춧가루 약간', '소금', '물', '국물용 멸치', '다시마']"
7021763,"['무', '소금', '통깨 약간', '고춧가루', '멸치액젓', '새우젓', '매실청', '다진 마늘', '다진 대파', '생강즙']"
7021761,"['닭다리살', '떡볶이떡', '고구마', '양배추', '당근', '양파', '깻잎', '대파', '고추장', '고춧가루', '진간장', '알룰로스', '맛술', '다진 마늘', '참기름', '카레 가루', '후춧가루 약간', '생강가루 약간', '식용유']"
7021760,"['파스타 면', '칵테일 새우', '방울토마토', '올리브오일', '마늘', '다진 마늘', '바질 페스토', '물', '굵은 소금', '소금 약간', '후춧가루 약간', '파마산치즈가루 약간']"
7021759,"['감자', '양파', '당근', '식용유', '소금', '다진 마늘', '깨']"
7021758,"['계란', '양파', '대파', '맛술', '국간장', '참기름', '다진 마늘', '소금', '후춧가루 약간', '물', '국물용 멸치', '다시마']"
7021757,"['꼬막', '굵은 소금', '고춧가루', '진간장', '다진 파', '다진 마늘', '맛술', '알룰로스', '참기름', '깨']"
7021755,"['양배추 넉넉히', '사과', '스테비아', '홀그레인 머스터드', '마요네즈', '빵', '계란', '버터 조금', '체다치즈']"
7021754,"['취나물', '머위나물', '방풍나물', '냉이나물', '굵은소금', '취나물', '머위나물', '방풍나물', '냉이나물', '멸치액젓', '참기름', '깨소금 약간']"
7021753,"['쇠고기', '물', '고추', '대파', '향신료', '청양초', '고기삶은 국물', '진간장', '쌀조청', '후추 약간', '건미역', '육수', '쑥가루', '들깨가루', '멸치액젓', '참기름 약간', '손질 생선', '식용유 약간', '오리훈제', '미니파프리카', '양파', '청양초', '굴소스', '통깨 약간']"
7021752,"['고사리', '새송이버섯', '홍초', '청양초', '대파', '들깻가루', '전분', '멸치육수', '멸치액젓', '마늘', '소금 약간']"
7021751,"['브로콜리 줄기', '멸치액젓', '쌀조청', '마늘', '식용유', '참기름', '깨소금', '후추 약간']"
7021750,"['오이', '크래미', '마늘', '소금', '참기름', '깨소금 약간', '호박', '양파', '청양고추', '홍초', '멸치액젓', '육수', '마늘', '소금', '참기름', '깨소금 약간', '새송이버섯', '미니파프리카', '청양초', '홍초', '육수', '멸치액젓', '마늘', '소금', '참기름', '깨소금 약간', '무', '도라지', '청양초', '물', '식용유', '마늘', '소금', '참기름', '깨소금 약간']"
7021749,"['토마토', '계란', '대파', '올리브유', '굴소스', '진간장', '참기름', '소금', '후추 약간']"
7021748,"['맥심모카골드마일드', '뜨거운 물', '얼음 적당량', '우유']"
7021747,"['팽이버섯', '참기름', '통깨 솔솔', '공기밥', '물', '간장', '맛술', '올리고당', '고춧가루', '다진마늘', '액젓or 연두', '굴소스', '후추 소량']"
7021746,"['닭윙', '소금 소량', '후추 소량', '파슬리 가루 소량', '간장', '레몬즙', '꿀', '스리라차소스']"
7021745,"['닭볶음탕용 닭', '감자', '대파', '양파', '청양고추', '소금', '물', '고춧가루', '간장', '설탕', '다진 마늘', '쌈장']"
7021744,"['냉동꽃게', '물', '무', '코인육수', '양파', '청양고추', '대파', '마늘', '간장', '맛술', '고춧가루', '소고기 다시다']"
7021743,"['계란', '마늘', '페페론치노', '올리브유 넉넉히', '맛소금 약간', '파슬리가루 약간']"
7021742,"['식빵', '달걀', '소금', '마요네즈', '설탕', '후추', '소금 약간', '파슬리가루 조금 (선택재료)']"
7021741,"['소면', '오이', '달걀', '통깨 약간', '고추장', '간장', '설탕', '다진 마늘', '식초', '참기름']"
7021740,"['시금치', '들깨가루', '국간장', '참치 액', '다진 마늘', '통깨', '참기름']"
7021739,"['황태채', '무', '청양고추', '대파', '달걀', '들기름', '다시마멸치육수', '국간장', '새우젓', '다진마늘', '소금 약간']"
7021738,"['우동면', '삼겹살 조금', '표고버섯', '양송이버섯', '표고 다시마물', '간장', '다진마늘', '생강즙', '설탕', '참치액젓', '굴소스', '후추 조금', '청주']"
7021737,"['크래미', '마요네즈', '꿀', '레몬즙 조금', '허브소금 조금', '후추', '참치통조림', '마요네즈', '와사비', '후추', '롤유부초밥', '밥', '비엔나소세지', '참치와사비마요', '맛살마요', '김계란말이']"
7021736,"['겨울초', '간장', '고춧가루', '설탕', '식초', '미림', '다진마늘', '소금', '통깨']"
7021735,"['묵은지', '올리브 오일 넉넉히', '스테비아', '참기름', '깨 조금']"
7021734,"['돼지고기 앞다리살 조금', '배춧잎', '두부 조금', '고춧가루', '까나리액젓', '물 (잠길정도)', '다진마늘', '대파', '콩나물']"
7021732,"['상추', '치커리', '딸기', '삶은계란', '삶은감자', '삶은 브로콜리', '삶은 단호박', '요거트', '올리브오일', '파슬리가루', '깨 조금']"
7021731,"['시금치', '채썬당근', '부침가루', '소금', '식용유 적당량']"
7021730,"['시금치', '계란', '소금', '식용유 적당량', '감자전분']"
7021728,"['검은콩', '불린쌀', '다시마', '육수한알', '소금 (or 간장 간맞출용도로 약간만)', '잣 (or 호두 생략가능)']"
7021726,"['쭈꾸미 (손질된)', '양파', '당근', '양배추 적당량', '깻잎', '파프리카', '오이', '대파', '표고버섯', '마라소스', '고형 카레 적당량', '마늘', '우유 적당량', '조청', '맛간장', '고추가루', '국물용 멸치 적당량', '다시마 적당량', '버터 적당량', '올리브유']"
7021725,"['자투리 채소', '통깨', '진간장', '설탕', '올리고당', '참기름', '다진 마늘', '레드칠리고추']"
7021719,"['파스타면', '훈제오리고기', '느타리버섯', '올리브유', '소금 적당량', '페페론치노', '치킨스톡', '버터', '생크림', '후추 적당량', '치즈 적당량']"
7021718,"['무청 시래기', '쌀', '다시마 물', '들기름', '국간장', '쪽파', '청양 고추', '홍 고추', '간장', '맛술', '설탕', '고춧가루', '참기름']"
7021717,"['우동사리', '물', '육수팩', '김치', '어묵', '다진마늘', '쯔유', '대파']"
7021716,"['김치', '햄', '후랑크 소세지', '돼지고기', '라면', '식용유']"
7021715,"['배추김치', '돼지고기', '식용유', '라면']"
7021714,"['돼지 앞다리살', '감자', '애호박', '대파', '양파', '표고버섯', '느타리버섯', '청양고추', '홍고추', '멸치다시마육수', '참기름', '고추장', '참치액', '맛술', '다진마늘', '소금 약간', '후추 약간']"
7021713,"['쌀', '물', '들기름', '맛간장 약간']"
7021712,"['단무지', '다진 대파', '청양고추', '홍고추', '양파', '고춧가루', '간마늘', '설탕', '참기름', '통깨 넉넉히']"
7021711,"['게맛살', '밥', '계란', '오이고추', '홍고추', '대파', '쪽파', '굴소스', '소금 약간', '후춧가루 약간', '참기름 약간']"
7021710,"['두부', '크림치즈', '오트밀', '에스프레소', '꿀 적당량', '설탕 적당량', '레몬즙', '무가당 코코아파우더']"
7021709,"['감자', '스팸 작은 거', '식용유', '소금', '물엿', '후춧가루 약간', '참깨']"
7021708,"['불고기', '샐러드채소 적당량', '진간장', '설탕', '다진 마늘', '다진 대파', '들깨가루', '물', '들기름', '식초', '소금 약간']"
7021707,"['닭가슴살', '계란', '당근 조금', '오이', '토마토', '양상추', '통밀식빵', '바나나', '올리브오일', '파슬리 가루 조금']"
7021706,"['완숙토마토 큰거', '마늘', '양파', '올레오칸탈 올리브유', '발사믹 식초', '바질가루 조금']"
7021705,"['가지', '대파', '청양고추', '홍고추', '간마늘', '고춧가루', '전분가루', '식용유', '맛소금', '진간장', '물엿', '굴소스', '식초', '전분가루', '물']"
7021704,"['달걀 노른자', '바닐라아이스크림', '설탕 약간 (코팅용)']"
7021703,"['계란', '마늘', '페페론치노', '올리브유', '맛소금', '파슬리 약간']"
7021702,"['계란', '소금', '식초']"
7021701,"['데친 전호나물', '국간장', '참기름', '간 깨']"
7021700,"['팽이버섯', '부침가루', '쪽파 약간', '달걀']"
7021699,"['대패삼겹살', '대파', '고추가루', '진간장', '설탕', '식초', '참기름', '통깨']"
7021697,"['브로콜리', '식초', '소금', '깨소금', '마요네즈', '진간장', '올리고당', '땅콩버터']"
7021696,"['깻잎', '양파', '대파', '파프리카', '간장', '다진 마늘', '고춧가루', '미림', '참기름', '올리고당', '통깨']"
7021695,"['밥', '샌드위치햄', '치즈', '비엔나 소세지', '초록 야채', '김밥김', '참기름', '소금', '통깨', '토마토케찹']"
7021694,"['닭볶음탕용', '감자', '당근', '건표고버섯', '양파', '은행', '대파 넉넉히', '간장', '다진마늘', '맛술', '후춧가루 약간 ', '설탕', '올리고당']"
7021693,"['에스프레소', '헤이즐넛시럽', '우유', '시나몬파우더 적당량', '로투스']"
7021692,"['감자', '당근', '청양고추', '대파', '천일염', '후추', '다시다']"
7021691,"['냉동만두', '토마토소스', '피자치즈', '크러쉬드레드페퍼 약간', '파슬리 약간']"
7021690,"['표고버섯', '양파', '청양고추', '다진 마늘', '간장', '굴소스', '들깨가루', '소금', '참기름', '통깨 약간']"
7021689,"['무', '다진 마늘', '참치액', '소금', '참기름', '멸치다시마육수']"
7021688,"['미나리', '보리새우', '부침가루', '튀김가루', '물', '참치액']"
7021687,"['쪽파', '버섯', '부추', '다진마늘', '김가루 마음껏', '우동면 약', '간장', '맛술', '굴소스', '설탕', '된장', '고추장', '쯔유', '설탕']"
7021686,"['냉동 블루베리', '유기농설탕', '파이토체리믹스', '레몬즙']"
7021685,"['생미역', '굵은소금', '대파 흰부분', '다진마늘', '참치액젓', '참기름', '깨소금', '소금 (간이 부족할 때 추가)']"
7021684,"['꼬막', '밥', '대파', '부추', '물', '굵은소금', '굵은소금', '고춧가루', '진간장', '다진마늘', '설탕', '물엿', '통깨', '참기름']"
7021683,"['숙주나물', '다진마늘', '송송썬대파', '참치액', '참기름', '들기름', '참깨', '소금 적당량']"
7021682,"['황태', '신김치', '두부', '대파', '멸치육수', '들기름', '다진마늘', '새우젓', '연두', '굵은소금', '후추 조금']"
7021681,"['밥', '김밥김', '식초', '설탕', '가는소금', '계란', '가는소금', '설탕', '맛술', '우유', '식용유 넉넉히']"
7021680,"['무말랭이', '고춧가루', '고추장', '까나리액젓', '매실청', '진간장', '물엿', '참기름', '참깨', '다진마늘', '다진대파']"
7021679,"['건미역', '당근', '계란', '멸치육수', '찬밥', '멸치액젓', '가는소금', '깨소금', '참기름']"
7021678,"['냉동 순살고등어', '삶은 시래기', '양파', '대파', '청양고추', '멸치육수팩', '물', '멸치육수', '다진마늘', '다진생강', '맛술', '고춧가루', '진간장', '굴소스', '참치액', '매실청', '들기름', '참깨', '설탕', '후추 톡톡']"
7021677,"['감자', '버터 약간', '올리브오일 약간', '스리라차 소스', '마요네즈', '꿀']"
7021676,"['만두피', '건새우', '소금', '설탕']"
7021675,"['사각어묵', '당면', '표고버섯', '양파', '당근', '대파', '청고추', '설탕', '다진마늘', '간장', '참기름', '후추 조금', '통깨 조금', '간장']"
7021674,"['대패삼겹살', '미나리', '소금', '후추 조금', '식초', '간장', '설탕', '식초', '물', '참기름', '통깨 조금']"
7021673,"['더덕', '고추장', '고춧가루', '통깨 약간', '마늘', '간장', '올리고당']"
7021672,"['감자', '소금', '식용유 넉넉히', '진간장', '식초', '통깨 약간']"
7021671,"['순대', '식용유 넉넉히']"
7021670,"['크래미', '마요네즈', '꿀', '레몬즙 조금', '허브소금 조금', '후추', '비엔나소세지', '마요네즈', '핫소스', '후추', '참치통조림', '마요네즈', '와사비', '후추', '김계란말이', '홀그레인머스터드소스', '크래미마요', '소세지핫마요', '참치와사비마요']"
7021669,"['돼지고기 앞다리살', '대파', '양파', '당근', '설탕', '식용유', '고춧가루', '고추장', '진간장', '다진마늘', '매실액', '맛술', '올리고당', '깨소금', '참기름']"
7021668,"['고추참치', '김치', '두부', '양파', '청양고추', '새송이버섯', '애호박', '대파 흰부분', '대파 초록부분', '홍고추 소량 (생략가능)', '물', '사골육수 코인', '다진마늘', '고춧가루', '액젓']"
7021667,"['또띠아', '치킨텐더', '당근', '아보카도', '양상추', '토마토', '마요네즈', '머스타드', '홀그레인 머스타드', '설탕']"
7021666,"['비엔나', '양파', '당근 소량', '케첩', '진간장', '고추장', '올리고당', '후추 톡톡', '물']"
7021665,"['홍두깨살', '꽈리고추', '메추리알', '대파', '양파', '통마늘', '월계수잎', '미림', '통후추', '진간장', '올리고당', '미림']"
7021664,"['햄', '우엉', '단무지', '계란', '크래미', '당근', '파프리카', '참치', '마요네즈', '청양고추', '깻잎', '김']"
7021663,"['시금치', '계란', '프랑크소세지', '양파', '스위트콘', '치즈', '물', '버터', '소금 약간', '후추 약간']"
7021662,"['참치캔', '청양고추', '대파', '양파 소량', '다진마늘', '쌈장', '참깨', '참기름', '고춧가루', '올리고당']"
7021661,"['닭 다리살', '대파', '떡국떡', '간장', '다진 마늘', '맛술', '설탕', '매실', '올리고당', '후춧가루']"
7021660,"['꽈리고추', '간장', '다진파', '청주', '다진마늘', '설탕', '참기름', '통깨', '물엿', '소금 약간']"
7021659,"['봄동 작은', '고춧가루', '간장', '액젓', '설탕', '식초', '참기름']"
7021658,"['식빵', '계란', '식용유', '시금치페스토', '통깨']"
7021657,"['닭다리살', '청양고추', '대파', '떡국떡', '간장', '설탕', '고춧가루', '굴 소스', '올리고 당', '케첩', '고추장', '다진 마늘', '후추']"
7021656,"['곰탕 육수', '대파', '닭 가슴살', '소면', '소금', '후추']"
7021655,"['느타리버섯', '당근', '양파', '다진마늘', '쪽파', '올리브오일', '굴소스', '소금', '소금', '통깨 솔솔 ']"
7021654,"['냉이', '달래', '두부', '무', '감자', '멸치육수', '집된장', '고추가루', '청양고추 취향것']"
7021653,"['달래', '양파', '고추가루', '양조간장', '참치액', '설탕', '식초', '다진마늘', '참기름', '통깨 조금']"
7021652,"['쌀튀밥', '볶은깨', '호박씨', '볶은 서리태콩', '물엿', '계피가루', '설탕', '식용유']"
7021651,"['무', '대파', '설탕', '다진마늘', '고춧가루', '매실액', '식초', '멸치액젓', '통깨 톡톡']"
7021649,"['가문어', '마요네즈', '멸치육수', '고추장', '고추가루', '맛술', '올리고당', '참기름', '통깨 조금']"
7021648,"['봄동', '대파', '황설탕', '액젓', '간마늘', '고춧가루', '깨소금', '참기름']"
7021647,"['오이', '참치', '계란', '밥', '참기름', '소금', '참치액', '통깨']"
7021646,"['배추잎', '무우', '계란', '감자 전분', '꽃소금', '들깨 볶은거', '식용유 조금']"
7021645,"['돼지 등갈비', '묵은지', '대파', '양파', '홍고추', '진간장', '까나리액젓', '고춧가루', '고추장', '맛술 미림', '설탕', '다진 마늘', '다진 생강', '후추 톡톡 ', '물', '물', '월계수잎', '소주']"
7021644,"['쑥 다듬은 것', '바지락 깐 것', '두부', '청양고추', '홍고추', '쪽파 다진 것', '된장', '고추장', '다진마늘', '콩가루', '들깨가루', '육수', '식초']"
7021643,"['완숙토마토', '방울토마토', '올리브오일', '소금']"
7021642,"['밥', '신김치', '스팸', '계란', '대파', '고춧가루', '황설탕', '굴소스', '올리브오일', '통깨 솔솔 ']"
7021641,"['도가니 스지', '팽이버섯', '대파 조금', '사골곰탕', '소주', '간장', '식초 조금', '대파 조금', '다진마늘 조금', '청양고추 조금', '홍고추 조금']"
7021640,"['불린미역', '들기름', '국간장', '코인육수', '다진 마늘', '들깻가루', '소금 약간']"
7021639,"['콩나물', '미나리', '소금', '식용유', '물', '다진 마늘', '다진 파', '국간장', '고춧가루', '참기름', '깨소금 약간', '소금 약간']"
7021638,"['우동면', '사각어묵', '봄동', '양파', '대파', '다시마육수', '다진마늘', '후추 약간', '식용유', '중화 맛간장', '굴소스', '마라탕소스', '고추장', '고춧가루']"
7021637,"['가자미 필렛', '달걀', '양배추', '빵가루', '식용유 약간', '소금', '후추 약간', '마요네즈', '양파 다진거', '단무지 다진거', '식초', '레몬즙', '황설탕', '소금', '후추 약간']"
7021636,"['소면', '알배추', '달걀', '잔파', '알룰로스', '양조간장', '다진마늘', '들기름', '깨소금', '후추 약간']"
7021635,"['양배추', '참치', '굴소스', '참치액', '올리브오일', '참기름', '계란후라이 ', '공기밥', '통깨']"
7021634,"['강력분', '설탕', '소금', '인스턴트 드라이이스트', '40도의 따뜻한 물', '올리브오일', '양파 취향껏', '파프리카 취향껏', '양송이 취향껏', '비엔나 소세지', '옥수수콘 취향껏', '올리브 취향껏', '파인애플 통조림', '토마토 소스', '모짜렐라 치즈 넉넉히']"
7021633,"['사골국물', '비비고 만두', '떡국떡', '까나리액젓', '소금', '대파', '홍고추', '후추 약간']"
7021632,"['무염버터', '계란', '설탕', '박력분', '베이킹파우더', '우유', '소금', '바닐라익스트랙']"
7021631,"['달래', '고춧가루', '참기름', '마늘', '진간장', '통깨 조금']"
7021630,"['부추', '홍합', '부침가루', '물', '국간장', '붉은 고추', '오일']"
7021629,"['소고기 스테이크용', '양송이버섯', '양파', '홍고추', '오이고추', '통마늘', '파인애플링', '올리브오일', '버터', '소금 약간', '후춧가루 약간', '파슬리가루 약간', '통깨 약간', '스테이크소스', '토마토케첩', '굴소스', '머스터드소스', '설탕', '다진 마늘', '소금 약간', '후춧가루 약간', '올리브오일', '소금 약간', '후춧가루 약간']"
7021628,"['두부', '양파', '파프리카', '부추', '당근', '표고버섯', '달걀', '소금', '소금']"
7021626,"['귀리밥', '양배추 다진것', '돼지고기 다짐육', '대파 다진것', '당근 다진것', '계란', '두부', '소금', '후추가루 조금', '포도씨유']"
7021625,"['포카치아 빵', '베이컨', '양상추', '계란', '토마토', '마요네즈', '바질페스토', '꿀']"
7021624,"['부채살', '올리브오일', '소금 조금', '대파', '느타리버섯', '청양고추', '로즈마리 조금', '버터']"
7021623,"['오징어', '양파', '대파', '마늘', '물', '고춧가루', '국간장', '굴소스', '식용유']"
7021622,"['소고기 다짐육', '양파', '빵가루', '계란', '소금 조금 ', '후춧가루 약간', '식용유 ', '느타리버섯', '케첩', '우스터소스', '버터', '밀가루', '물', '팽이버섯', '계란 프라이']"
7021621,"['소고기', '대파', '양파 조금', '당근 조금', '식용유', '깨 조금', '설탕', '맛소금', '참기름', '후추 조금', '고추장', '고춧가루', '물엿', '진간장', '맛술', '매실청', '간마늘']"
7021620,"['밥', '아보카도', '명란', '부추', '김', '참기름 조금', '깨 조금', '달걀노른자', '간장', '설탕']"
7021619,"['소고기 국거리', '무우', '대파', '멸치액젓', '국간장', '다시다', '맛소금', '다진마늘', '참기름', '후추 조금 (먹기 직전 뿌리기)']"
7021618,"['소고기', '표고버섯', '양송이버섯', '느타리버섯', '팽이버섯', '당면', '양파', '애호박', '대파', '청양고추', '홍고추', '쑥갓', '소금', '다진 마늘', '국간장', '진간장', '맛술', '참기름', '알룰로스', '후춧가루 약간', '물', '국물용 멸치', '다시마']"
7021617,"['머위', '청양고추', '홍고추', '대파', '들기름', '된장', '고추장', '다진마늘', '다진 청양고추', '다진 홍고추', '다진대파']"
7021616,"['무', '쪽파', '굵은 소금', '물', '고춧가루', '멸치액젓', '알룰로스', '다진 마늘', '다진 생강']"
7021615,"['박력분', '베이킹파우더', '설탕', '소금', '발효버터', '우유', '달걀']"
7021614,"['콩나물', '대파', '청양고추', '홍고추', '다진 마늘', '국간장', '소금', '물', '국물용 멸치', '다시마']"
7021613,"['두부', '양파', '대파', '고춧가루', '진간장', '다진 마늘', '알룰로스', '참기름', '깨', '물', '식용유']"
7021612,"['파스타 면', '올리브 오일', '마늘', '다진 마늘', '페페론치노', '물', '굵은 소금', '소금 약간', '후춧가루 약간', '파슬리 약간']"
7021611,"['소고기 부채살', '마늘', '양송이버섯', '양파', '청피망', '빨간 파프리카', '노란 파프리카', '소금', '후추', '올리브오일', '스테이크 소스', '굴소스', '케첩', '다진 마늘', '알룰로스', '파슬리 약간']"
7021610,"['돼지고기 목살', '두부', '고추장', '다진마늘', '대파 넉넉히', '들기름', '소금 약간 ', '쌀뜨물']"
7021609,"['김밥용김', '깻잎', '맛살', '단무지', '계란', '소금 약간', '참기름 약간', '통깨 넉넉히', '참치캔', '마요네즈']"
7021608,"['더덕 깐거', '고추장', '고춧가루', '다진마늘', '간장', '설탕', '참기름', '깨 조금']"
7021607,"['떡볶이떡', '어묵', '고추장', '삶은계란', '대파 넉넉히', '설탕', '매실액', '고춧가루']"
7021606,"['반건조오징어', '튀김가루', '밀가루 약간', '후춧가루 약간']"
7021605,"['밥', '냉동 만두', '당근', '꽈리고추', '팽이버섯', '양파', '달걀', '슬라이스 치즈', '소금 약간', '후춧가루 약간', '포도씨유 적당량']"
7021604,"['바지락', '다진마늘', '대파', '다진생강', '베트남고추', '범일 진간장']"
7021603,['계란']
7021602,"['만두', '식용유', '밥', '진간장 적당량', '모차렐라 치즈 적당량 (생략가능)', '참기름 적당량 (생략가능)']"
7021601,"['닭다리살', '대파', '양파', '청양고추', '떡볶이떡', '간장', '설탕', '고춧가루', '굴소스', '토마토케첩', '고추장', '올리고당', '다진마늘']"
7021600,"['다진 김치', '밥', '대파', '고추장', '설탕', '굴소스', '참기름', '깨 조금']"
7021599,"['두부', '양파', '청양고추', '홍고추', '고추장', '고춧가루', '다진마늘', '간장', '설탕', '참기름', '깨 조금']"
7021598,"['식빵', '양배추', '당근', '계란', '버터', '소금', '후추 넉넉히', '케찹 넉넉히', '설탕', '식초']"
7021597,"['호두', '해바라기씨', '된장', '고추장', '다진마늘', '올리고당', '매실액', '깨소금', '참기름']"
7021596,"['갈빗살', '밤', '영양부추', '양파', '가래떡 적당량', '잣 적당량', '간장', '흑설탕', '꿀', '맛술', '양파즙', '배즙', '다진파', '마늘', '생강술', '후춧가루', '참기름', '파낸 밤', '계피가루', '올리고당', '간장', '액젓', '마늘', '설탕', '된장', '고춧가루', '참기름']"
7021595,"['동물성 휘핑크림', '바닐라시럽', '얼음 적당량', '물', '에스프레소', '코코아파우더 적당량 (생략가능)']"
7021594,"['생 바지락', '쪽파', '청양고추', '천일염', '후추', '미림']"
7021593,"['김밥김', '당근라페 적당량', '오이', '계란', '쯔유', '맛술', '후추 톡톡', '식초', '설탕', '소금']"
7021592,"['스파게티면', '마늘', '냉동새우 한 줌', '페페론치노', '올리브오일', '스파게티 삶은물', '참치액', '소금 약간']"
7021591,"['코다리', '식초', '대파', '멸치육수', '진간장', '된장', '맛술', '흑설탕', '간생강', '다진마늘', '올리고당', '참기름', '통깨']"
7021590,"['애호박', '감자', '두부 반모', '양파', '대파', '청양고추', '멸치다시마육수', '고추장', '고춧가루', '다진 마늘', '국간장', '참치액', '후춧가루 약간']"
7021589,"['봄동', '통깨 약간', '고춧가루', '멸치액젓', '설탕', '식초', '간장', '다진마늘', '참기름']"
7021588,"['애호박', '양파', '소금', '다진 마늘', '새우젓', '들기름', '들깨가루', '통깨 약간']"
7021587,"['두부', '식용유', '들기름', '소금 약간', '멸치육수', '진간장', '고추가루', '설탕', '참치액', '들기름', '양파', '청양고추', '홍고추', '대파 약간']"
7021586,"['생연어', '밥', '양파', '무순 약간', '와사비 약간', '타르타르소스 적당량', '식초', '설탕', '가는소금']"
7021585,"['깻잎', '당근 약간', '청양고추', '홍고추', '물', '진간장', '맛술', '고춧가루', '참치액', '매실청', '올리고당', '다진마늘', '들기름', '통 깨소금']"
7021584,"['아보카도', '베이컨', '마요네즈', '와사비', '허니머스타드', '파슬리가루 톡톡']"
7021583,"['식빵', '마요네즈', '다진마늘', '설탕', '계피가루', '파슬리']"
7021582,"['두부', '포도씨유', '들기름', '진간장', '다진마늘', '설탕', '깨소금', '참기름', '다진파']"
7021581,"['사각어묵', '진간장', '청양고추', '마요네즈']"
7021580,"['통밀식빵', '당근라페 적당량', '양송이버섯', '베이컨', '체다치즈', '로메인상추', '마늘', '허브솔트 톡톡', '올리브오일', '리코타치즈', '마요네즈', '허니머스타드', '꿀', '파슬리가루']"
7021579,"['단무지', '다진대파 or 쪽파', '다진마늘', '고춧가루', '깨소금', '참기름']"
7021578,"['사각어묵', '마늘', '당근', '청양고추', '대파', '식용유', '맛술', '물', '간장', '올리고당', '매실청', '참기름', '통깨']"
7021577,"['만두', '부추', '대파초록부분', '대파흰부분', '밥', '달걀', '다진마늘', '굴소스', '맛소금', '후추', '식용유', '김가루']"
7021576,"['두부', '양파', '참치캔', '대파', '물', '고추가루', '진간장', '액젓', '설탕', '다진마늘']"
7021575,"['신김치', '김치국물', '물', '코인육수', '찬밥', '계란', '김자반 조금', '통깨 조금', '참기름 조금']"
7021574,"['양배추', '된장', '설탕', '간마늘', '참기름', '통깨 약간 ', '밥']"
7021573,"['참치', '청양고추', '당근', '양파', '부침가루', '계란', '소금', '대파', '간마늘']"
7021572,"['콩비지', '참치캔', '다짐육', '김치', '간마늘', '양파', '대파 약간', '청양고추', '간장', '참치액', '후추 약간', '참기름']"
7021571,"['쪽파', '돼지고기 다짐육', '표고버섯', '양파', '홍고추', '달걀', '튀김가루', '부침가루', '물', '달걀', '소금', '간장', '식초', '고춧가루', '올리고당']"
7021570,['계란']
7021569,"['스팸', '후랑크 소세지', '만두', '김치', '양배추', '양파', '대파', '두부', '베이크빈', '시판 사골육수', '물', '간장', '고춧가루', '고추장', '맛술', '설탕', '다진 마늘']"
7021568,"['봉 어묵', '양파', '당근', '대파', '다진 마늘', '진간장', '굴 소스', '물엿', '통깨']"
7021567,"['한우 앞다리살', '배추잎', '적겨자', '숙주', '양배추 소량', '양파 큰거', '대파', '새송이버섯', '팽이버섯', '떡볶이 떡', '채수', '씨겨자', '땅콩버터', '마요네즈', '간장', '올리고당', '진간장', '어간장', '청양고추', '레몬즙', '육수']"
7021566,"['애호박', '대파', '청양고추', '식용유 조금', '간장', '다진마늘', '고춧가루', '올리고당', '참기름', '통깨 조금']"
7021565,"['알배추', '훈제오리', '마늘', '올리브유 적당량', '버터', '페페론치노', '치즈 적당량', '소금 적당량', '후추 적당량']"
7021564,"['식빵', '무염버터', '설탕', '소금', '건과일 조금', '견과류 조금', '계란']"
7021563,"['무 조금', '배춧잎', '두부', '집 된장', '새우가루', '다진 마늘', '물 자작하게']"
7021562,"['가이리 멸치', '다진 파', '청양고추', '다진마늘', '갈은 깨', '참기름', '고춧가루', '간장', '올리고당', '미림']"
7021561,"['쥐포', '마요네즈', '간장', '미림', '식용유', '올리고당', '통깨']"
7021560,"['공기밥', '캔옥수수', '캔참치', '식용유', '계란', '간장']"
7021559,"['한우사태', '맛술', '위스키', '고사리 무침', '숙주 무침', '도라지 무침', '토란대', '대파', '고춧가루', '국간장', '다진마늘', '다진생강', '맛술', '양지 육수', '물']"
7021558,"['데친 무청시레기', '대파 흰부분', '마늘', '국간장', '참치액', '동전육수', '설탕', '들깨가루', '물', '식용유', '들기름']"
7021557,"['달래', '전분가루', '소금', '진간장', '식초', '매실액', '고춧가루', '다진파']"
7021556,"['불린 궁채', '대파 썬것', '동전육수', '물', '국간장', '참치액', '다진마늘', '깨 갈은것', '참기름', '식용유']"
7021555,"['오징어', '오이', '당근 약간 ', '자색양파', '대파 흰 부분', '청양고추', '고추장', '고춧가루', '다진 마늘', '양조간장', '식초', '설탕', '맛술', '다진 생강', '참기름', '깨 간 것', '천일염']"
7021554,"['오이고추', '된장', '고춧가루', '알룰로스', '맛술', '참기름', '갈은 깨']"
7021553,"['도토리묵', '상추', '당근', '대파 조금', '오이 조금', '청양고추', '양조간장', '참치액', '고춧가루', '매실청', '다진마늘', '설탕', '깨 갈은것', '참기름']"
7021552,"['스팸', '두부', '당면', '양파', '청양고추', '홍고추', '대파', '고추장', '고춧가루', '맛술', '진간장', '다진마늘', '물']"
7021551,"['돼지고기', '신김치', '두부', '대파', '양파', '청양고추', '다진 마늘', '고춧가루', '국간장', '소금', '참기름', '물']"
7021550,"['고등어', '무', '양파', '대파', '홍고추', '청양고추', '맛술', '물', '진간장', '고춧가루', '흰설탕', '굴소스', '된장', '식초', '다진 마늘', '다진 생강', '굵은소금', '후추', '굵은소금', '밀가루', '식초']"
7021549,"['냉동만두', '대파', '다진 마늘', '양파', '청양고추', '파프리카', '간장', '굴소스', '설탕', '식초']"
7021548,"['밀가루 중력분', '감자전분', '소금', '식용유', '물', '감자', '양파', '당근', '대파', '청양고추', '물', '코인육수', '다시마', '국간장', '다진 마늘', '소금 약간', '후추 약간', '다진 파', '다진 마늘', '고춧가루', '간장', '물', '맛술']"
7021547,"['봄동', '소고기 양지', '양파', '대파', '다시마육수', '된장', '다진마늘', '참기름', '국간장', '참기름', '된장', '고추장', '황설탕', '맛술', '소금 약간']"
7021546,"['무', '고운 고춧가루', '고추장', '양조간장', '멸치액젓', '다진마늘', '황설탕', '소금 약간', '깨소금']"
7021545,"['전복', '버터', '생강술', '소금 약간', '레몬 약간', '후추 약간']"
7021544,"['브로콜리', '소금', '초장', '들기름', '소금장']"
7021543,"['오뎅', '만두', '무우', '물', '멸치', '다시마', '다진마늘', '청양고추', '국간장', '까나리액젓', '굵은 소금', '후추 약간']"
7021542,"['단무지', '대파', '고춧가루', '유자청', '다진마늘', '참기름', '통깨']"
7021541,"['봄동 잎', '작은 알배추잎', '계란', '돼지고기 다짐육', '두부', '비지', '숙주', '배추김치', '토란대 삶은거', '부추', '양파', '당면', '국간장', '참기름', '후추 약간', '달래', '청양고추', '양조간장', '식초', '참기름', '참깨']"
7021540,"['두부', '부추', '팽이버섯', '대파', '다진 쇠고기', '두반장', '고추가루', '양조간장', '설탕', '물']"
7021539,"['냉이', '감자 작은 것', '새송이버섯', '양파', '대파', '청양고추', '홍고추', '물', '동전육수', '재래식 된장', '다진 마늘']"
7021538,"['낙지', '무', '다시마', '멸치', '국간장', '소금 조금', '다진마늘', '어슷썬파', '콩나물']"
7021537,"['시금치', '대하', '간장', '다진마늘', '들기름', '깨', '소금']"
7021536,"['미나리 손질 후', '양파', '청고추', '홍고추', '다진마늘', '설탕', '고춧가루', '액젓', '통깨', '식초']"
7021535,"['무', '건새우', '대파', '멸치육수', '다진마늘', '국간장', '참치액 또는 액젓', '소금', '후추']"
7021534,"['마늘쫑', '식초', '소금', '다진마늘', '올리고당', '고춧가루', '고추장', '참기름', '통깨 조금']"
7021533,"['계란', '물', '굵은소금', '식초']"
7021532,"['계란', '우유', '강력분', '베이킹파우더', '설탕', '버터 취향껏', '바닐라익스트랙', '레몬즙', '꿀 취향껏', '식용유 소량']"
7021531,"['사각어묵', '건표고버섯', '양파', '대파', '표고버섯 우린물', '다진마늘', '간장', '올리고당', '맛술', '후추 조금', '통깨 조금']"
7021530,"['토마토', '당근', '양파', '감자', '마늘', '샐러리']"
7021529,"['시래기', '무', '대파', '청양고추', '홍고추', '물', '멸치육수팩', '된장', '고추장', '국간장', '고춧가루', '다진 마늘', '들깨가루']"
7021528,"['베이컨', '밥', '참기름', '다진마늘', '맛술', '간장', '올리고당', '후추 조금', '물']"
7021526,"['옥수수 캔', '옥수수 전분 (또는 감자전분 튀김가루 부침가루 등 )', '모짜렐라 치즈', '소금', '연유', '그라나파다노치즈 (선택사항)']"
7021525,"['오징어', '양배추', '당근', '양파', '대파', '맛술', '후추 조금', '다진마늘', '설탕', '올리고당', '맛술', '간장', '후추 조금']"
7021524,"['닭가슴살', '토마토', '치커리', '시금치', '송이버섯', '대파 조금', '죽염', '올리브오일', '파슬리가루']"
7021523,"['애호박', '양파', '대파', '건새우', '다진마늘', '들기름', '통깨 조금', '소금']"
7021522,"['오징어', '소금', '설탕', '간장', '올리고당']"
7021521,"['소고기', '김치', '청국장', '애호박', '양파', '청고추', '홍고추', '대파', '두부', '느타리버섯', '참기름', '고춧가루', '다진마늘', '참치액', '멸치육수']"
7021520,"['꼬막', '대파', '다진 마늘', '간장', '고춧가루', '미림', '올리고당', '참기름', '통깨', '소금 소량']"
7021519,"['양배추', '오징어', '양파', '계란', '부침가루', '물', '마요네즈 조금', '돈까스소스또는데리야끼소스 ', '가쓰오부시 약간', '맛술', '후추 조금']"
7021518,"['양배추', '당근 약간', '모닝빵', '베이컨', '피클 약간', '체다치즈', '계란', '소금', '후추 조금', '전분가루', '케찹 조금']"
7021517,"['어묵', '맛살', '간장', '맛술', '물', '물엿', '마늘', '청양 고춧가루', '간장', '설탕', '연겨자', '물']"
7021516,"['콩나물', '대파', '청 고추', '홍고추']"
7021515,"['오트밀', '두유 넉넉히', '바나나', '크렌베리 몇알', '블루베리', '딸기', '그릭 요거트']"
7021514,"['돼지고기 앞다리살', '양파', '당근 약간', '대파', '고추장', '고춧가루', '설탕', '올리고당', '간장', '맛술', '다진마늘', '편생강', '후추 조금', '통깨 조금']"
7021513,"['팽이버섯', '베이컨', '간마늘', '식용유', '진간장', '맛술', '물엿', '불닭소스', '청양고춧가루', '물']"
7021512,"['소고기 불고기용', '당면', '느타리버섯', '새송이버섯', '팽이버섯', '표고버섯', '대파', '배', '양파', '설탕', '올리고당', '다진마늘', '편생강', '맛술', '간장', '후추', '멸치육수', '액젓', '다진마늘', '후추 조금']"
7021510,"['냉동돈까스', '양파', '계란', '파', '양조간장', '코인육수', '맛술', '설탕', '물']"
7021509,"['소고기 국거리용', '무', '대파', '참기름', '다진마늘', '국간장', '참치액', '소금', '후추 약간', '물']"
7021508,"['당근', '소금', '올리브유', '홀그레인 머스타드', '설탕', '레몬즙', '후추 조금']"
7021507,"['동죽조개', '애호박', '양파', '당근', '대파', '칼국수면', '멸치육수', '다진마늘', '국간장', '후추 조금']"
7021506,"['중멸치', '고추기름', '깨', '고추장', '고춧가루', '올리고당', '매실액', '다진마늘']"
7021505,"['플레인 요거트', '과일 취향것', '견과류', '그래놀라']"
7021504,"['시판 어묵탕', '콩나물', '무 약간', '다진마늘', '고춧가루', '멸치 액젓', '소고기 다시다', '국간장']"
7021503,"['배추김치', '돼지고기 목살', '두부', '대파', '식용유', '고춧가루', '다진 마늘', '맛술', '알룰로스', '물', '국물용 멸치', '다시마']"
7021502,"['계란', '다진 파', '다진 당근', '다진 양파', '물', '소금', '식용유']"
7021501,"['서리태', '물', '소금']"
7021500,"['갈치', '무', '양파', '대파', '청양고추', '홍고추', '굵은 소금', '고춧가루', '진간장', '다진 마늘', '알룰로스', '맛술', '참기름', '후춧가루 약간', '생강가루 약간', '물']"
7021499,"['시금치', '굵은 소금', '다진 마늘', '다진 파', '소금', '참기름', '깨']"
7021498,"['소고기 국거리', '무', '표고버섯', '대파', '멸치 육수', '국간장', '소금', '마늘', '참기름']"
7021497,"['돼지고기 뒷다리살', '대파', '양파', '당근', '고추장', '고춧가루', '알룰로스', '다진 마늘', '진간장', '참기름', '물', '식용유', '깨']"
7021496,"['무염버터', '설탕', '계란', '바닐라오일 적당량', '중력분', '베이킹파우더', '베이킹소다', '레몬즙', '설탕 적당량', '슈가파우더', '레몬즙']"
7021495,"['양배추', '양파', '당근', '파프리카', '쪽파', '달걀', '소금']"
7021494,"['순두부', '바지락', '양파', '홍고추', '청양고추', '달걀', '식용유', '고춧가루', '다진 마늘', '국간장', '소금', '다진 파', '후춧가루 약간', '물', '국물용 멸치', '다시마', '고추씨']"
7021493,"['달래', '무 조금', '표고버섯', '대파', '애호박', '홍고추', '청양고추', '두부', '멸치육수', '집된장', '고추장', '고춧가루', '다진마늘']"
7021492,"['당근', '양파', '대파 조금', '마늘', '토마토', '소금', '후추 조금', '올리브오일']"
7021491,"['쪽파', '진간장', '설탕', '고춧가루', '참기름', '통깨']"
7021490,"['메밀면', '상추', '오이', '토마토', '김가루 조금', '들기름', '간장', '깨 조금']"
7021489,"['콩나물', '유부', '대파', '당근', '소금', '참기름', '참깨', '다진 마늘']"
7021488,"['식빵', '냉동만두', '모짜렐라치즈 적당량', '식용유 넉넉히']"
7021487,"['베이컨', '대파', '크림치즈']"
7021486,"['봄동', '두부', '불린 당면', '양파', '당근', '대파', '슬라이스치즈', '케첩 약간', '소금', '굴소스', '참기름', '전분', '다진마늘', '후추 약간', '소금']"
7021485,"['가리비', '미나리', '양파', '당근', '깻잎', '간장', '고춧가루', '고추장', '식초', '매실청', '황설탕', '다진마늘', '다진파', '후추 약간', '깨소금', '참기름']"
7021484,"['베이글', '크림치즈', '스위트골드키위 ']"
7021483,"['당근', '올리브오일', '홀그레인머스타드', '레몬즙', '설탕', '소금']"
7021482,"['토마토퓨레', '카레분말', '고체 치킨스톡', '버터 or 올리브오일', '소금', '후추', '페페론치노', '월계수잎', '토마토', '양배추', '당근', '버섯', '청경채', '양파', '소고기', '고구마']"
7021481,"['알배기 알배추', '건새우', '양파', '쪽파', '다진 마늘', '된장', '국간장', '까나리액젓', '고춧가루', '멸치 다시마 육수', '물', '멸치 다시팩']"
7021480,"['쪽파', '양배추', '참치캔', '계란', '굴소스', '참치액', '올리브오일', '참기름 취향껏', '통깨 솔솔 ', '식초']"
7021479,"['봄동', '무', '양파', '사과', '홍고추', '밥', '쪽파', '마늘', '생강', '고춧가루', '멸치액젓', '설탕', '굵은소금', '물']"
7021478,"['통삼겹살', '콜라', '맥주', '통마늘', '생강', '대파', '양파', '월계수잎', '후춧가루']"
7021477,"['알배추', '호박', '양파', '두부', '대파', '쌀뜨물', '된장', '다진마늘', '멸치액젓', '들깨가루', '표고버섯가루', '국간장']"
7021476,"['소고기 불고기용', '대파', '액젓', '다진마늘', '참기름', '매실액', '생강청', '술', '깨']"
7021475,"['새우젓', '양파', '대파', '다진마늘', '매실청', '들기름', '고춧가루', '들깨가루', '된장']"
7021474,"['감자', '모짜렐라치즈', '올리브오일', '마요네즈', '케찹', '소금']"
7021473,"['삶은 꼬막살', '미나리 줄기 약간', '당근', '고춧가루', '액젓', '생강청', '매실청', '깨', '식초']"
7021472,"['쪽파', '쪽파', '다진 마늘', '식용유', '진간장', '올리고당', '소금', '후추 톡톡 ', '통깨 솔솔 ']"
7021471,"['홍감자', '감자전분', '카레가루', '소금', '모짤렐라치즈 취향껏', '식용유']"
7021470,"['베이컨', '당근', '계란', '김밥용햄', '단무지', '우엉조림', '깻잎', '김밥용김', '밥', '소금', '통깨', '참기름', '식용유']"
7021469,"['낙지', '참기름', '소금 적당량', '식초', '설탕', '고추장', '다진마늘', '통깨']"
7021468,"['순두부', '양파', '대파', '고춧가루', '맛술', '진간장', '물엿', '설탕', '다진마늘', '물']"
7021467,"['떡볶이떡', '물', '설탕', '깨', '참기름', '소금', '시나몬가루', '견과류']"
7021466,"['숙주나물', '쪽파', '소금', '물', '통깨 약간', '참치액', '참기름', '다진 마늘']"
7021465,['달걀']
7021464,"['식빵', '슬라이스햄', '체다치즈', '과일잼', '모짜렐라치즈']"
7021463,"['삶은 감자', '밀가루', '계란', '소금', '파마산 치즈', '모짜렐라치즈', '꿀']"
7021462,"['구운계란', '대파', '양파', '청양고추', '다시마', '간장', '매실액', '설탕', '물']"
7021461,"['돼지등뼈', '월계수잎', '물', '고춧가루', '진간장', '맛술', '설탕', '고추장', '된장', '다진마늘', '간양파 양파', '후추', '다시다']"
7021460,"['김', '돌 미나리', '청양고추', '부침가루', '물']"
7021459,"['감자', '설탕', '소금']"
7021458,"['냉이', '대파', '고추장', '다진 마늘', '참기름', '깨']"
7021457,"['섬초', '대파', '소금', '다진 마늘', '참기름', '깨']"
7021456,"['떡볶이떡', '소고기 불고기용', '표고버섯', '파프리카', '멸치육수', '진간장', '올리고당', '참기름', '통깨', '포도씨유', '진간장', '설탕', '맛술', '다진마늘', '후추 조금']"
7021455,"['물파래', '굵은소금', '계란', '가는소금', '후추 톡톡', '식용유 넉넉히']"
7021454,"['쪽파', '부침가루', '메밀가루', '물']"
7021453,"['우렁이', '밀가루', '건표고버섯', '양파', '대파', '두부', '들기름', '된장', '고추장', '멸치육수', '다진마늘', '설탕', '깨소금']"
7021452,"['계란', '스팸', '참치', '마요네즈', '치즈', '김치', '올리고당', '김가루', '밥', '통깨', '참기름', '소금']"
7021451,"['감자', '룩트 시나몬피컨 버터', '파슬리 가루 약간']"
7021450,"['마늘쫑', '간장', '고추장', '고춧가루', '올리고당', '통깨 약간']"
7021449,"['계란', '머스타드', '마요네즈', '잼', '치즈', '식빵']"
7021448,"['시금치', '대파 조금', '소금', '고추장', '고추가루', '다진마늘', '양조간장', '올리고당', '설탕 조금', '두배 사과식초', '통깨 조금']"
7021447,"['냉이', '새우', '부침가루', '튀김가루', '달걀', '물', '소금', '간장', '식초', '고춧가루', '후추 소량']"
7021446,"['오트밀', '물', '참치', '건미역', '참치액', '참기름 조금', '통깨 조금']"
7021445,"['마 (참마)', '참기름']"
7021444,"['묵은 배추김치', '시판용 냉면육수', '설탕']"
7021443,"['봄동 배추 데친 것', '물', '집 된장', '대파 작은 것', '마늘', '청양고추', '표고버섯', '새우가루']"
7021442,"['삼겹살', '대파', '마늘', '양파', '청양고추', '고춧가루', '매운 고춧가루', '고추장', '설탕', '소고기 다시다', '매실액', '진간장', '굴소스', '후추 적당량']"
7021441,"['비엔나', '파프리카', '양파', '대파 초록부분', '케첩', '굴 소스', '올리고당', '통깨 약간', '다진 마늘', '후추 약간']"
7021440,"['쌈무', '부추', '고춧가루', '간장', '액젓', '설탕', '다진마늘', '참기름', '볶은참깨']"
7021439,"['양배추', '꽈리고추', '다짐육', '쪽파', '설탕', '다진마늘', '다진생강', '진간장', '참치액', '찹쌀가루', '참기름', '후추 톡톡']"
7021438,"['감자채', '청양고추', '소금', '타피오카전분']"
7021437,"['롤 유부', '묵은지', '크래미', '설탕', '마요네즈', '밥', '소금', '후춧가루']"
7021436,"['새송이버섯', '양파', '청양고추', '마늘', '홍고추', '물', '간장', '소주', '설탕', '식초']"
7021435,"['새우', '차돌박이', '양파', '당근', '대파', '버터', '다진마늘', '소금']"
7021434,"['만두', '소고기', '알배추', '당근', '양파', '느타리버섯', '표고버섯', '대파', '고추장', '고춧가루', '국간장', '맛술', '다진 마늘', '후추 약간', '물', '코인육수', '소금 약간', '우동면']"
7021433,"['우삼겹', '감자', '두부', '애호박', '삭힌고추', '양파', '대파', '쌀뜨물', '된장', '고추장', '다진마늘', '생강술', '황설탕', '소금 약간']"
7021432,"['삶은 무청시래기', '들깨가루', '다시마육수', '들기름', '깨소금 약간', '국간장', '다진마늘', '들기름', '다진파']"
7021431,"['떡국떡', '어묵', '물', '설탕', '고춧가루', '고추장 크게', '진간장', '다진마늘', '케찹', '깻잎', '대파', '체다치즈']"
7021430,"['소고기 불고기용', '양파 작은것', '대파', '표고버섯', '느타리 버섯 조금', '만송이버섯 조금', '팽이버섯', '당면 불린거', '홍고추', '청양고추', '간장', '맛술', '황설탕', '매실액', '배즙', '양파즙', '다진대파', '다진마늘', '다진생강', '후추 약간']"
7021429,"['찹쌀', '소금', '물 (뜨거운 물)']"
7021428,"['주꾸미', '대패삼겹살', '양파 소량', '대파 소량', '고추장', '고추가루', '굴소스', '후추', '설탕', '맛술', '진간장', '깨소금']"
7021427,"['두부', '양파', '대파', '오일', '들기름', '소금', '간장', '고춧가루', '맛술', '설탕', '다진마늘', '굴소스', '참기름', '통깨', '다시마육수', '후춧가루 톡톡']"
7021426,"['콩나물', '다진마늘', '대파 넉넉히', '국간장', '소금 약간', '후춧가루 약간 ']"
7021425,"['마른미역', '참기름', '국간장', '소금 약간 ']"
7021424,"['고등어', '무', '양파', '대파', '청양고추', '홍고추', '물', '굵은소금', '밀가루', '식초', '맛술', '진간장', '고춧가루', '설탕', '굴 소스', '식초', '된장']"
7021423,"['감자', '소금', '식용유', '파슬리가루 약간']"
7021422,"['현미잡곡밥', '애느타리버섯', '당근 채썬거', '양파 작은거', '청경채', '양배추 채썬거', '매콤 고추', '계란', '두부', '소금', '후추', '양조간장', '올리브 오일', '전분가루', '물']"
7021421,"['송이버섯', '감자', '당근', '토마토', '양파', '돼지고기 카레용', '카레가루']"
7021420,"['오이', '소금 약간', '아보카도', '와사비', '새우', '밥', '사과 식초', '소금', '알룰로스', '방울 토마토', '새싹채소 조금', '낫토', '양조간장', '사과식초', '간 양파', '통깨 가루']"
7021419,"['봄동 작은크기', '무', '대파 조금', '고추가루', '다진마늘', '까나리 액젓', '참치액', '설탕', '통깨 조금']"
7021418,"['아스파라거스', '햄', '양파', '대파', '간마늘', '식용유', '진간장', '물엿', '맛술', '불닭소스', '굴소스']"
7021417,"['또띠아', '파스타소스', '피자치즈', '꿀', '파슬리']"
7021416,"['미나리', '돼지고기 앞다리 살', '양파 작은거', '고추장', '고춧가루', '간장', '청주', '후추', '매실청', '생강청', '다진 마늘', '참기름', '통깨']"
7021415,"['중력분', '물', '소금', '올리브유', '멸치 육수', '감자', '호박', '당근', '양파', '표고버섯', '대파', '다진 마늘', '소금']"
7021414,"['홍 진미채', '물 적당히', '원당', '다진 마늘', '진간장', '마요네즈', '고추장', '물']"
7021413,"['우유', '녹차가루']"
7021412,"['생면', '비빔 소스', '김치', '오이', '참기름', '깨 조금']"
7021411,"['닭 안심', '빨간 파프리카', '양파', '대파', '다진마늘', '식용유', '설탕', '맛소금', '후추', '맛술', '굴소스', '케첩', '진간장', '물엿', '맛술']"
7021410,"['소고기 샤브용', '양배추', '파', '홍고추', '물', '국간장', '연두', '코인육수']"
7021409,"['계란', '마요네즈', '알룰로스', '홀그레인 머스터드', '소금 약간', '후추 약간', '모닝빵', '파슬리가루 조금']"
7021408,"['양배추', '사과', '오이', '당근', '자색양파', '샐러리', '올리브유', '사과식초', '아가베시럽', '씨겨자', '바질페스토']"
7021407,"['물미역', '무', '고춧가루', '굵은소금', '설탕', '소금', '마늘', '설탕', '식초', '고추장', '통깨']"
7021406,"['냉이', '소금', '된장', '고춧가루', '다진 마늘', '참기름 약간', '통깨 약간']"
7021405,"['당근', '꿀', '올리브유', '레몬즙', '홀그레인 머스터드', '소금']"
7021404,"['우동면', '낙지 데친거', '통마늘', '양파', '대파', '목이버섯 불린거', '베트남 건고추', '고추기름', '소금 약간', '후춧가루 약간', '진간장', '굴소스', '설탕', '맛술', '피시소스', '참기름']"
7021403,"['마른 새우', '꽈리고추', '간 마늘', '설탕', '맛술', '진간장', '고추장', '올리고당', '참기름', '통깨']"
7021402,"['풋마늘대', '진미채', '맛술', '소금', '식초 조금', '설탕', '매실청', '식초', '고추장', '통깨', '참기름']"
7021401,"['냉동 납작만두', '양배추', '깻잎', '사과', '상추', '적채', '양파', '당근', '식용유 약간', '잔파', '고추장', '고춧가루', '간장', '콜라', '사과식초', '2배식초', '알룰로스', '다진마늘', '후추 약간', '참기름', '깨소금']"
7021400,"['홍가리비', '모짜렐라치즈', '당근', '브로콜리', '블랙올리브', '초고추장 약간', '소주']"
7021399,"['샐러리', '당근', '양파', '생강청', '소금']"
7021398,"['소고기 육전용', '계란', '찹쌀가루', '소금 조금', '후추 조금']"
7021397,"['염장 미역줄기', '양파', '당근', '다진 마늘', '간장', '맛술', '참기름', '소금']"
7021396,"['밥', '무', '오징어 작은 것', '사각 어묵', '대파', '소금', '설탕', '마늘', '생강청', '고춧가루', '액젓', '올리고당', '통깨', '마늘', '고춧가루', '진간장', '올리고당', '통깨', '참기름']"
7021395,"['돼지고기 앞다리살', '김치', '두부', '물', '기름', '참기름', '소금 약간', '후추 약간', '녹차가루 약간 (생략 가능)', '멸치액젓', '소주', '고춧가루', '다진마늘', '진간장', '깨 약간', '다시다']"
7021394,"['느타리버섯', '파프리카', '간장', '굴소스', '참기름', '통깨 약간']"
7021393,"['도라지', '고춧가루', '고추장', '간장', '식초', '설탕', '다진 마늘', '굵은소금', '물']"
7021392,"['식빵', '크림치즈', '당근라페 적당량', '새싹채소']"
7021391,"['건고사리', '쪽파', '국간장', '참치액', '멸치다시마육수', '다진 마늘', '들기름']"
7021390,"['두부', '신김치', '참치캔', '양파', '대파', '청양고추', '간장', '설탕', '참기름', '통깨 약간']"
7021389,"['방풍나물', '소금', '간 마늘', '된장', '액젓', '매실청', '들기름', '깨소금', '참기름', '통깨']"
7021388,"['신김치', '부침가루', '튀김가루', '냉동새우', '물', '청양고추']"
7021387,"['쑥', '대파', '육수', '범일콩 된장', '다진마늘', '국간장', '멸치액젓']"
7021386,"['두부', '참치', '유부', '볶음조미 깨', '소금 약간', '후추 취향껏']"
7021385,"['김치', '목살', '두부', '대파', '참기름', '식용유', '다진마늘', '맛술', '간장', '올리고당', '고춧가루', '다진마늘', '물']"
7021384,"['계란', '맛살', '검은깨 약간 ', '소금 약간 ']"
7021383,"['얼음 적당량', '우유', '둘세데레체 시럽', '에스프레소']"
7021382,"['만두', '양파', '팽이버섯', '대파', '간장', '굴소스', '케첩', '설탕', '고춧가루', '다진 마늘', '물']"
7021381,"['시래기 삶은거', '깻잎', '참치', '양파', '마늘', '들기름', '멸치다시육수', '된장', '고추장', '소금 약간']"
7021380,"['족발', '밥', '양파', '당근 조금', '대파', '편마늘', '편생강', '청양고추', '홍고추', '간장', '굴소스', '생강술', '소금', '후추', '참기름', '통깨']"
7021379,"['얼음 적당량', '우유', '딸기잼', '레몬즙']"
7021378,"['돼지고기 수육용', '양파', '대파', '통후추 적당량', '월계수잎', '미림 크게', '된장 듬뿍', '물']"
7021377,"['무', '굵은소금', '설탕', '맛소금', '마늘', '새우젓', '멸치액젓', '고춧가루 적당량', '대파 파란 부분', '양파', '통깨 적당량']"
7021376,"['고추장', '된장', '대파', '마늘', '통깨 적당량', '고춧가루 적당량', '꿀', '진간장', '들기름']"
7021375,"['수박', '사이다', '우유', '후르츠칵테일', '꿀 적당량 (또는 설탕 생략가능)', '얼음 적당량 (생략가능)']"
7021374,"['쌀', '물', '무', '굵은소금', '들기름', '간장', '고추', '양파', '고춧가루 적당량', '통깨 적당량']"
7021373,"['계란', '소금 적당량', '후추 적당량', '식용유 적당량']"
7021372,"['식빵', '블루베리잼 적당량', '크림치즈 적당량', '계란']"
7021371,"['계란', '핫케이크 가루', '우유', '올리브오일', '건살구', '설탕', '소금']"
7021370,"['밥', '청양고추', '당근', '통깨 적당량', '참기름', '간장', '굴소스', '마늘', '올리고당']"
7021369,"['물', '국물용 멸치', '디포리', '보리새우', '다시마', '무', '양파', '대파', '표고버섯']"
7021368,"['당근', '올리브오일', '홀그레인머스타드', '설탕', '레몬즙']"
7021367,"['오이', '빨강파프리카', '노랑파프리카', '양배추', '피클링스파이스', '월계수잎', '물', '식초', '설탕', '베이킹소다']"
7021366,"['훈제연어', '밥', '아보카도', '오이', '로메인상추', '소금', '참기름', '맛술', '매실청', '후추 톡톡', '와사비', '쯔유', '다진대파', '다진마늘', '식초', '설탕', '소금']"
7021365,"['달걀', '물', '당근 조금', '양파 조금', '대파 조금', '멸치액젓', '참기름']"
7021364,"['가지', '다진대파', '홍고추', '된장', '진간장', '다진마늘', '올리고당', '참기름', '식용유', '통깨 조금']"
7021363,"['닭', '무', '물', '삼계탕약재 티백', '통마늘', '대추', '엄나무', '인삼', '가는소금', '후추 조금']"
7021362,"['사과', '무', '물', '레몬', '꿀 약간 (선택)']"
7021361,"['돼지갈비', '양파', '대파', '설탕', '식초', '간장', '굴소스', '매실액', '물엿', '다진마늘', '물']"
7021360,"['두부', '오일', '들기름', '달래', '홍고추', '양조간장', '참기름', '참깨']"
7021359,"['오징어', '소금', '후추 약간', '빵가루', '튀김가루', '오일', '튀김가루', '물', '얼음', '양파', '마요네즈', '설탕', '레몬즙', '소금 약간', '후추 약간']"
7021358,"['쌀', '물', '다시마', '명란', '버터', '쪽파', '버섯 조금', '간장', '다진 마늘', '미림', '참기름']"
7021357,"['닭 볶음탕용', '파', '당근', '육수', '양파', '양배추', '고추장', '고춧가루', '간장', '설탕', '후추 약간', '우유 적당히']"
7021356,"['당근라페 듬뿍', '로메인', '사과', '크림치즈 듬뿍', '베이글']"
7021355,"['소고기 육전용', '부침가루', '달걀', '식용유', '파채', '소금', '후춧가루 톡톡 ', '고춧가루', '설탕', '진간장', '식초', '참기름', '통깨']"
7021354,"['콩나물', '밥', '물', '진간장', '고춧가루', '물', '올리고당', '통깨', '다진대파']"
7021353,"['건 미역', '멸치육수', '저염 명란', '국간장', '들기름', '들깨가루', '소금 약간']"
7021352,"['두부', '칵테일 새우', '양파', '대파', '참치통조림', '마늘', '계란', '진간장', '맛술', '소금 조금', '후추 조금']"
7021351,"['김치', '대파', '양파', '돼지고기 앞다리살', '진간장', '고춧가루', '맛술', '설탕', '매실액', '다진마늘', '후추 조금']"
7021350,"['신김치', '돼지고기 다짐 육', '새송이버섯', '표고버섯', '양파', '대파', '녹두가루', '달걀', '물', '소금', '간장', '미림', '후추']"
7021349,"['사각어묵', '진짬뽕', '물', '양파', '알배기배추', '대패삼겹살', '냉동 새우', '청경채', '숙주나물', '대파', '진간장', '설탕', '맛술', '고춧가루']"
7021348,"['양파 큰거', '만능간장', '식용유', '들기름', '통깨']"
7021347,"['무', '대파', '들기름', '식용유', '소금', '물', '다진마늘']"
7021346,"['오트밀', '우유', '블루베리', '사과', '하루견과', '꿀']"
7021345,"['사각어묵', '양파', '피망', '마늘', '카놀라유', '굴소스', '만능간장', '꿀', '통깨']"
7021344,"['느타리버섯', '양송이버섯', '통마늘', '새싹채소', '파스타면', '올리브오일', '트러플오일', '소금', '그라나파다노치즈 (생략가능)']"
7021343,"['오징어', '삼겹살', '설탕', '참기름 조금', '통깨 조금', '양파', '파', '마늘', '고추장', '고추가루', '맛술', '진간장', '후추가루 톡톡']"
7021342,"['콩나물', '무채 조금', '대파 조금', '참기름', '통깨 조금', '천일염']"
7021341,"['무', '대파', '고춧가루', '다진마늘', '소금', '설탕', '식초', '깨소금']"
7021340,"['브로컬리', '식초', '소금', '초고추장']"
7021339,"['불닭볶음면', '계란', '슬라이스치즈', '김가루 조금']"
7021338,"['돼지고기 앞다리살 불고기용', '후추 넉넉하게', '식용유', '마늘', '꽃소금', '양파', '대파', '배춧잎 작은 것', '느타리버섯', '고추장', '진간장', '고춧가루', '매실엑기스', '원당']"
7021337,"['밥', '당근', '김밥김', '달걀', '단무지', '소금', '참기름', '통깨', '가루 육수']"
7021336,"['표고버섯', '양파', '당근', '진간장', '굴 소스', '참기름', '후추 약간', '통깨 약간']"
7021335,"['냉이', '두부', '양파', '대파', '진간장', '참치액', '참기름', '설탕', '고춧가루', '다진마늘', '물']"
7021334,"['참나물', '다진마늘', '참기름', '갈은깨', '국간장', '고운소금 소량']"
7021333,"['시금치', '민물새우', '된장', '천연조미료 가루', '다진마늘', '고춧가루', '물']"
7021332,"['만두', '소고기 다짐육', '두부', '당근', '양파', '배추잎', '무우', '대파', '팽이버섯', '소금 조금', '소고기 다짐육', '다진마늘', '간장', '설탕', '참기름', '후추 톡톡']"
7021331,"['쪽파', '다진 마늘', '다진 생강', '새우젓', '고춧가루', '황설탕', '매실청', '소금', '찹쌀풀 모두', '찹쌀가루', '물', '까나리액젓']"
7021330,"['밥', '참치캔', '계란', '김밥용 단무지', '조미김', '마요네즈', '올리브오일 살짝', '소금', '통깨 솔솔 ', '케첩 조금']"
7021329,"['오이지', '쪽파', '다진 마늘', '고추장', '고춧가루', '올리고당', '들기름', '통깨 솔솔 ']"
7021328,"['느타리버섯', '당근', '양파', '청양고추', '계란', '부침가루', '소금', '후추 톡톡 ', '식용유 넉넉하게', '케첩 적당히']"
7021327,"['식빵', '슬라이스 치즈', '샌드위치 햄', '계란', '버터', '황설탕', '소금', '올리브오일 약간']"
7021326,"['돼지고기 다짐육', '두부', '숙주', '부추', '대파 흰 부분', '달걀', '다진 마늘', '다진 생강', '간장', '굴소스', '소금', '설탕', '맛술', '참기름', '후추 넉넉히', '냉동 만두피']"
7021325,"['김치', '콩나물', '양파', '대파', '청양고추', '육수', '새우젓', '마늘', '고춧가루', '김치국물']"
7021324,"['모닝빵', '계란', '마요네즈', '소금', '체다치즈', '파슬리가루 조금']"
7021323,"['두부', '스팸', '계란', '부침가루']"
7021322,"['사각어묵', '청양고추', '홍고추', '양파', '양송이버섯', '진간장', '굴소스', '맛술', '올리고당', '다진마늘', '고추기름']"
7021321,"['말린 가지', '당근', '대파', '설탕', '간 마늘', '소주', '참치 액', '어간장', '들기름', '생수', '참기름', '통깨', '식용유']"
7021320,"['물', '홍차잎', '설탕', '우유']"
7021319,"['말린 뽕잎 나물', '설탕', '대파', '간 마늘', '참치 액', '국간장', '소주', '들기름', '참기름', '식용유', '생수', '통깨']"
7021318,"['닭 백숙용', '대파', '양파 큰 것', '마늘', '생강', '부추', '물', '소금 약간', '후추 약간']"
7021317,"['소갈비', '무', '당근', '건표고버섯', '갈비 삶은 육수', '통깨 약간', '진간장', '맛술', '설탕', '꿀', '다진 파', '통마늘', '생강즙', '배', '참기름', '후춧가루 약간', '대파', '통마늘', '월계수잎', '정향', '팔각', '통후추', '황태머리 약간']"
7021316,"['머핀믹스', '계란', '우유', '버터', '건조ㅍ ', '딸기', '휘핑크림']"
7021315,"['시래기', '양파', '참치', '대파', '된장', '고추장', '다진마늘', '맛술', '고추가루', '간장', '설탕', '들기름']"
7021314,"['콩나물 적당히', '국간장', '매실액', '고춧가루', '다진마늘', '소금', '참기름']"
7021313,"['봄동', '쪽파', '멸치액젓', '새우젓', '고추가루', '설탕', '매실엑기스', '다진마늘', '소금']"
7021312,"['탕 국 먹고싶은만큼', '물', '라면']"
7021311,"['달걀', '소금', '베이킹파우더 약간', '식초', '로메인 상추', '삶은달걀', '토마토', '블루베리', '발사믹 식초', '올리브유', '스테비아', '소금', '후춧가루 약간']"
7021310,"['닭다리살', '식용유', '다진마늘', '대파', '고춧가루', '제사 나물 먹을만큼']"
7021309,"['감자', '호박', '청양고추', '홍고추', '대파', '코인 육수', '물', '부침가루', '물', '식용유', '다진 마늘', '국간장', '소금 약간']"
7021308,"['청경채', '건표고버섯', '청양 홍고추', '대파', '다진마늘', '식용유', '굵은소금', '진간장', '굴소스', '맛술', '설탕', '전분가루', '물']"
7021307,"['오징어', '양파', '콩나물', '전분가루', '간장', '고추장', '고춧가루', '맛술', '매실액', '다진마늘', '파']"
7021306,"['봄동', '건새우 가루', '부침가루', '물']"
7021305,"['송이버섯', '양배추', '다시마 영양솥밥 요리팩 ']"
7021304,"['미역', '한우', '집간장', '진간장', '참치액', '소금', '다진마늘', '참기름 조금', '후추 톡톡']"
7021303,"['만두', '콩나물', '당근', '양배추', '부추', '참기름', '식초', '설탕', '물엿', '진간장', '고춧가루', '고추장', '식용유', '물']"
7021302,"['계란', '밥', '간장', '물', '깨 조금', '참기름']"
7021301,"['두부면', '김밥김', '슬라이스치즈', '크래미', '빨강 파프리카', '노랑 파프리카', '소금', '참기름', '통깨 조금', '찐 고구마']"
7021300,"['가지', '양파', '대파', '깨 조금', '소금 조금', '참기름', '국간장', '매실액', '다진마늘', '고춧가루']"
7021299,"['동치미 무', '고춧가루', '설탕', '식초', '다진마늘', '대파', '참기름', '참깨']"
7021298,"['계란', '소금', '물']"
7021297,"['밥', '계란', '팽이버섯', '크래미 게맛살', '대파', '오일', '물', '양조간장', '굴소스', '설탕', '맛술', '후추 약간', '전분', '물']"
7021296,"['부추', '당근', '청양고추', '부침가루', '튀김가루', '물', '참치액', '진간장', '식초', '물', '설탕', '통깨 약간']"
7021295,"['감자', '간장', '올리고당', '통깨 약간']"
7021294,"['고구마', '설탕', '식용유']"
7021293,"['감자', '브로콜리', '우유', '생크림 우유', '감자 삶은 물', '체다치즈', '파르니지아노 레지아노치즈 듬뿍 (또는 파마산 치즈)', '소금', '후추 약간', '물', '소금', '물', '소금']"
7021292,"['식빵', '달걀', '소금', '양배추', '설탕', '케첩 적당량', '마요네즈 적당량']"
7021291,"['사각어묵', '양파', '다진 마늘', '간장', '설탕', '올리고당', '물', '참기름', '통깨 약간']"
7021290,"['동물성 휘핑크림', '설탕', '얼음 적당량', '우유', '헤이즐넛시럽', '에스프레소', '코코아파우더 적당량']"
7021289,"['미나리', '멸치액젓', '고춧가루', '다진 마늘', '매실청', '참기름', '간 깨']"
7021288,"['퀴노아', '오이', '샐러리', '적양파', '올리브유', '식초', '유자청', '소금', '후추', '다진마늘']"
7021287,"['냉동만두', '토마토파스타소스', '양파', '옥수수콘', '모짜렐라치즈', '파슬리가루 약간 ']"
7021286,"['삼겹살 수육용', '건 생강', '월계수잎', '맥주', '간장']"
7021285,"['두부', '다시마', '맛간장', '물']"
7021284,"['감자', '소금', '밀가루', '부침가루', '식용유 적당량', '간장', '식초']"
7021283,"['두부', '전분', '소금 적당량', '식용유 적당량', '후추 적당량', '양념치킨소스 적당량', '칠리소스', '고추장', '간장', '미림', '올리고당', '다진 마늘']"
7021282,"['올리브오일 적당량 (또는 식용유)', '대파', '토마토', '계란', '소금', '설탕', '케첩']"
7021281,"['망고 적당량', '우유 (망고 양의', '꿀']"
7021280,"['계란', '후추 적당량', '소금 적당량', '우유', '슬라이스치즈', '버터 적당량', '토마토살사소스 적당량']"
7021279,"['냉동만두', '계란', '청양고추', '케찹 넉넉히']"
7021278,"['토마토', '양파', '핫소스', '케첩', '식초', '설탕', '올리브오일', '소금', '후추 적당량', '파슬리가루 적당량']"
7021277,"['물', '진간장', '참기름', '계란', '밥']"
7021276,"['미숫가루', '우유', '꿀']"
7021275,"['국물용 멸치 여러마리', '다시마 조각 적당량', '물', '김치', '콩나물', '대파', '마늘', '고춧가루', '새우젓', '굵은소금']"
7021274,"['봄동', '사과', '양파', '대파 흰대부분', '다진마늘', '고춧가루', '참치액젓', '매실청', '통깨']"
7021273,"['숙주', '통깨 적당량', '후추 적당량', '들기름', '맛소금', '파', '굵은소금', '물']"
7021272,"['부추', '땡초', '부침가루', '물', '참치액', '식용유']"
7021271,"['모닝빵', '가염버터', '커피', '물', '계란', '박력분', '버터', '설탕']"
7021270,"['오이', '명란', '마요네즈', '올리브유 (또는 무염버터)']"
7021269,"['삼계탕 국물', '불린찹쌀', '닭고기살', '소금', '후추']"
7021268,"['삼겹살', '미나리', '초고추장 조금']"
7021267,"['삶은 병아리콩', '소금', '올리브유']"
7021266,"['새송이버섯', '참치액', '들기름', '통깨', '들깨가루']"
7021265,"['또띠아', '명란젓', '고춧가루', '올리브유', '후추 조금', '참기름', '파슬리가루']"
7021264,"['사각어묵', '콩나물', '대파', '고춧가루', '진간장', '굴소스', '다진마늘', '맛술', '설탕', '통깨', '참기름', '식용유 넉넉히']"
7021263,"['두부', '돼지고기 다짐육', '물', '전분가루', '진간장', '설탕', '맛술', '다진마늘', '후추 조금', '참기름', '식용유 넉넉히', '가는소금 조금 (밑간용)']"
7021262,"['김밥김', '단무지', '식용유 넉넉히', '톳', '식초', '간장', '설탕', '계란', '당근', '가는소금', '후추 조금', '밥', '깨소금', '참기름']"
7021261,"['순두부', '고춧가루', '마늘', '소금', '후추 약간', '계란', '물', '식용유', '대파 약간']"
7021260,"['오징어', '대파', '당근', '양배추잎', '양파', '밥', '설탕', '고춧가루', '다진 마늘', '간장', '매실청', '참기름', '올리고당', '고추장', '후춧가루 약간']"
7021259,"['고등어', '무', '양파', '대파', '청양고추', '홍고추', '간장', '고춧가루', '설탕', '굴소스', '식초', '마늘', '생강', '소금', '된장', '후추 톡톡', '물', '맛술', '소금', '식초', '밀가루']"
7021258,"['무', '꿀']"
7021257,"['냉이', '청양고추', '홍고추', '대파', '들기름', '된장', '고추장', '다진마늘', '다진 청양고추', '다진 홍고추', '다진대파', '참기름', '깨소금', '소금']"
7021256,"['부추', '양파', '간장', '고춧가루', '설탕', '식초', '다진마늘', '참기름', '깨']"
7021255,"['양파', '참치캔', '참기름', '다진 마늘', '고운 고춧가루', '참치액', '진간장']"
7021254,"['두부', '꽃소금 조금', '감자 전분', '진간장', '매실진액', '참기름', '통깨', '식용유 넉넉하게', '다진 마늘', '대파 조금', '붉은 청양고추']"
7021253,"['돼지갈비', '파', '간장', '맛술', '마늘', '참기름', '올리고당', '설탕', '후춧가루', '생강가루', '깨 조금']"
7021252,"['무', '계란', '꽃소금', '대파 조금', '물']"
7021251,"['김장김치', '꽁치통조림', '파채', '다진마늘', '김치국물', '천연 조미료가루', '매실액', '물']"
7021250,"['건새우', '두부', '청양고추', '진간장', '참기름', '다진마늘', '전분가루']"
7021249,"['냉이', '멸치다시마육수', '된장', '무', '두부', '양파', '대파', '청양고추', '다진마늘']"
7021248,"['양배추', '사과', '하루견과', '두부', '아몬드', '올리브유', '알룰로스', '레몬즙', '소금', '식초', '베이킹소다']"
7021247,"['미나리', '쪽파', '국간장', '참치 액', '깨 간 것', '참기름', '소금', '식초']"
7021246,"['연근', '부추 약간', '깨소금', '고추장', '고추가루', '식초', '매실청', '설탕', '다진마늘', '통깨']"
7021245,"['건표고버섯', '양파', '당근', '대파', '다진 마늘', '진간장', '채식 소스', '스테비아 설탕', '소주', '알룰로스', '참기름', '통깨', '식용유']"
7021244,"['오트밀', '우유', '요거트', '과일 소량 (또는 견과류)']"
7021243,"['두부', '소금', '고춧가루', '간장', '다진 마늘', '올리고당', '참기름']"
7021242,"['냉동만두', '식용유', '고추장', '케첩', '물', '물엿']"
7021241,"['느타리버섯', '소금', '양파 작은 거', '당근', '다진 대파', '식용유', '굴소스', '진간장', '다진 마늘', '들깨가루', '들기름']"
7021240,"['참깨', '마요네즈', '설탕', '간장', '맛술', '식초', '삶은 계란', '브로컬리']"
7021239,"['팥앙금', '한천가루', '전분가루', '설탕', '물']"
7021238,"['부추', '양파', '고춧가루', '간장', '액젓', '황설탕', '매실액', '참기름', '통깨 약간']"
7021237,"['우유', '계란', '설탕', '이스트', '소금', '강력분', '무염버터', '팥앙금']"
7021236,"['미나리', '데친 낙지', '양파', '청양고추', '홍고추', '밀가루', '계란', '물', '참치액젓', '소금']"
7021235,"['삼겹살', '모듬쌈 적당량', '무 채절임 적당량', '양파장아찌 적당량', '쌈장 약간']"
7021234,"['두부', '참치캔', '양파', '청양고추', '홍고추', '팽이버섯 약간', '대파', '물', '동전육수', '고추장', '된장', '고춧가루', '진간장', '설탕', '다진 마늘', '참기름']"
7021233,"['완숙토마토', '계란', '죽염', '올리브오일']"
7021232,['감자']
7021231,"['삶은계란', '사과', '데친 브로코리', '당근', '마요네즈', '소금 약간', '설탕', '후추가루 약간']"
7021230,"['무염버터', '흑설탕', '설탕', '소금 약간', '노른자', '바닐라오일 약간', '박력분', '아몬드가루', '시나몬파우더', '베이킹파우더', '베이킹소다', '설탕 적당량']"
7021229,"['밥', '소금', '물 조금 ']"
7021228,"['건 곤드레', '쌀뜨물', '국간장', '참치액', '다진 마늘', '다진 대파', '들기름', '통깨 약간']"
7021227,"['무', '소금', '들기름', '맛소금', '물', '대파 약간', '통깨 약간']"
7021226,"['알배추', '보리새우', '부침가루', '튀김가루', '물', '소금']"
7021225,"['국수소면', '배추김치 적당량', '고추장', '매실액', '설탕', '통깨', '참기름']"
7021224,"['달걀', '대파 흰 부분', '크래미', '밥', '물', '설탕', '맛술', '간장', '굴소스', '식초', '전분', '물']"
7021223,"['통삼겹', '양파', '사과', '통마늘', '생강 조금', '통후추', '인스턴트커피 조금', '간장', '미림', '파잎', '새우젓', '초간장']"
7021222,"['쌀떡', '대파', '설탕', '다진 마늘', '간장', '고춧가루']"
7021221,"['두부', '양파', '대파', '간장', '고춧가루', '맛술', '다진 마늘', '설탕', '올리고 당', '후추', '참기름']"
7021220,"['두부', '참치캔', '양파', '청양고추', '대파', '물', '고춧가루', '다진 마늘', '간장', '멸치액젓', '후추 약간']"
7021219,"['우동면', '감자 큰 거', '명란젓', '청양고추', '생크림', '설탕', '소금', '후추 약간', '김가루 약간']"
7021218,"['명란젓', '마요네즈', '설탕', '참치액', '슬라이스치즈', '식빵', '버터']"
7021217,"['스팸 캔', '양파', '감자', '청양고추', '다진마늘', '간장', '고추장', '매실액', '다시다', '설탕', '고추가루', '쌈장']"
7021216,"['연두부', '달걀', '참치액', '설탕', '감자전분', '마요네즈', '딸기쨈 약간 (or 사과쨈)', '식빵', '파슬리 약간']"
7021214,"['무', '굵은소금', '설탕', '식초', '고춧가루', '다진파', '다진마늘']"
7021213,"['양배추', '참치캔', '굴소스', '참치액', '달걀', '참기름 약간']"
7021212,"['무', '양파', '라면 수프', '고춧가루', '까나리액젓', '통깨']"
7021211,"['낙지', '양파', '청양고추', '대파 약간', '고춧가루', '진간장', '굴소스', '물엿', '설탕', '다진마늘', '후춧가루']"
7021210,"['양송이버섯', '양파', '우유', '생크림', '밀가루', '슬라이스 치즈', '소금', '후추']"
7021209,"['만두', '대파 약간', '사골육수', '고춧가루', '다진마늘', '진간장', '국간장', '액젓']"
7021208,"['저온살균 우유', '식초']"
7021207,"['순두부', '계란', '양파', '청양고추', '당면 약간', '다진마늘', '치킨스톡', '고춧가루']"
7021206,"['고등어', '무', '진간장', '물엿', '물', '맛술', '매실청', '생강가루 약간', '후춧가루 약간']"
7021205,"['소고기', '느타리버섯', '청양고추', '콩나물', '팽이버섯', '당면', '고추장', '고춧가루', '국간장', '액젓', '다진마늘', '후추 약간']"
7021204,"['오이지', '고춧가루', '다진마늘', '통깨 약간', '매실액', '참기름', '대파 약간', '식초 약간']"
7021203,"['닭갈비용 닭', '양배추', '고구마', '깻잎', '떡', '우유', '고추장', '고춧가루', '설탕', '진간장', '액젓', '맛술', '후추 약간', '다진마늘', '올리고당', '카레가루']"
7021202,"['돼지목살', '진간장', '설탕', '매실청', '고춧가루', '다진마늘', '물엿', '참기름', '후추 톡톡']"
7021201,"['가자미', '양파', '청양고추', '대파 약간', '쌀뜨물', '고춧가루', '진간장', '액젓', '설탕', '다진마늘']"
7021200,"['오징어', '부추', '양파', '진간장', '물엿', '맛술', '다진마늘', '매실청']"
7021199,"['닭', '대파 약간', '양파', '고춧가루', '다진마늘', '국간장', '닭육수', '후추 약간']"
7021198,"['국거리용 소고기', '감자', '청양고추', '양파', '대파 약간', '참기름', '다진마늘', '맛술', '소금', '고춧가루', '국간장', '후추 약간']"
7021197,"['국거리용 소고기', '배추', '양파', '대파 약간', '청양고추', '참기름', '된장', '다진마늘', '고춧가루']"
7021196,"['순두부', '청양고추', '진간장', '액젓', '고춧가루', '맛술', '통깨']"
7021195,"['생 율무', '보릿쌀', '물']"
7021194,"['삼겹살', '대파', '양파', '통마늘', '생강', '소주', '새우젓', '설탕', '고추가루', '참기름', '깨소금 조금']"
7021193,"['씀바귀', '식초', '고추장', '고추가루', '다진마늘', '청량고추', '홍초', '매실액', '쌀엿', '원당', '통깨']"
7021191,"['달걀', '팽이버섯', '맛살', '쪽파', '고운소금 톡톡 ']"
7021190,"['두부', '계란', '청양고추', '묵은지 적당량', '부침가루 조금', '올리브 오일 적당량']"
7021189,"['떡국떡', '생굴', '건조 매생이 블럭', '참치액', '양조간장', '다진마늘', '물']"
7021188,"['크림치즈', '파르미지아노 레지아노 치즈', '설탕', '계란', '바닐라 익스트랙', '황치즈 가루', '생크림']"
7021187,"['식빵', '잼', '슬라이스햄', '계란', '우유', '소금', '설탕', '딸기 취향껏', '블루베리 취향껏']"
7021186,"['굵은 소금', '밀가루', '식초', '물', '생물 고등어', '무', '대파', '양파', '홍고추', '청양고추', '미림', '물', '간장', '고춧가루', '설탕', '굴소스', '식초', '다진 마늘', '다진 생강', '굵은 소금', '된장 듬뿍', '통후추']"
7021185,"['알배추', '소금', '된장', '고춧가루', '다진마늘', '매실액기스', '참기름', '통깨']"
7021184,"['돼지고기', '물', '간장', '설탕', '참기름', '후춧가루', '다진마늘', '올리고당', '미림', '생강청']"
7021183,"['데친 낙지', '미나리', '양파', '청양고추', '홍고추', '고추장', '고춧가루', '매실청', '식초', '설탕', '다진 마늘', '통깨 약간']"
7021182,"['캔참치', '쪽파', '청양고추', '홍고추', '밀가루', '계란', '부침용 기름 약간', '다진 마늘', '참기름', '소금', '후춧가루 약간']"
7021181,"['브로콜리', '쌀뜨물', '식초 약간', '브로콜리', '치즈', '소금', '후추', '마늘', '식용유 약간']"
7021180,"['설탕 한개당', '식소다', '슈가파우더 약간']"
7021179,"['닭가슴살', '밥', '당근', '애호박', '코인육수', '멸치액젓', '소금', '참기름']"
7021178,"['콩나물', '배추김치', '양파', '대파', '쌀뜬물 적당량', '건어물 적당량 (육수용)', '양파껍질 약간', '다진마늘', '새우젓', '국간장', '맛소금']"
7021177,"['사과', '비트', '당근', '물', '블루베리 적당량']"
7021176,"['달걀', '순두부', '다진파', '다진당근', '참치액', '참기름', '물', '통깨 약간']"
7021175,"['취나물', '국간장', '다진 마늘', '들깨가루', '참기름', '통깨 약간']"
7021174,"['무', '설탕', '소금', '쪽파', '통깨 약간', '고춧가루', '식초', '멸치액젓', '진간장']"
7021173,"['깐메추리알', '꽈리고추', '새송이버섯', '통마늘', '생수', '코인육수', '간장', '맛술', '올리고당']"
7021172,"['냉동 새우살', '맛간장', '케첩', '설탕', '맛술', '식초', '버터 적당량', '모짜렐라치즈 약간', '파슬리 약간']"
7021171,"['사골곰탕', '떡국떡', '대파 약간', '계란', '후춧가루 약간', '소금 약간']"
7021170,"['소불고기', '대파 적당량', '청양고추', '참기름', '진간장', '설탕', '맛술', '물엿', '다진마늘', '후춧가루 약간']"
7021169,"['크로와상생지', '브라우니 적당량', '아이스크림', '초콜릿 적당량']"
7021168,"['냉면육수', '냉면 면', '계란 적당량', '쌈무 적당량', '식초 적당량', '겨자 적당량', '오이 취향껏', '배 취향껏']"
7021167,"['브로콜리', '모짜렐라치즈 적당량', '마늘', '소금 적당량', '후추 적당량', '식용유 적당량']"
7021166,"['감자', '버터', '물', '소금', '설탕', '파슬리가루 적당량']"
7021165,"['당면', '느타리버섯', '양파', '당근', '대파', '마늘', '소금', '간장', '설탕', '후추 적당량', '물', '식용유 적당량', '참기름 적당량', '통깨 적당량']"
7021164,"['전복', '표고버섯', '양파', '마늘', '청양고추', '식용유 적당량', '미림', '후추 적당량', '소금 적당량', '굴소스', '참기름', '전분물', '통깨 적당량', '물']"
7021163,"['애호박', '홍고추 (고명용)', '부침가루', '소금', '계란', '식용유 적당량', '간장', '식초']"
7021162,"['스팸', '밥', '마요네즈', '미림', '간장', '설탕', '후추 적당량', '김가루 적당량', '깨 적당량', '청양고추']"
7021161,"['양파', '간장', '식초', '물', '설탕', '고추냉이', '부추 적당량']"
7021160,"['식빵', '누텔라잼', '달걀', '설탕', '식용유', '슈가파우더']"
7021159,"['소갈비', '당근', '홍파프리카', '피망', '대추', '양파', '감자', '간마늘', '간장', '설탕', '후추']"
7021158,"['쫄면', '양파', '계란', '양배추 약간', '당근', '깻잎', '콩나물', '고추장', '고추가루', '식초', '매실액', '설탕', '간장']"
7021157,"['참치 살코기', '대파 조금', '계란', '식용유', '재래김', '팽이버섯 조금']"
7021155,"['닭가슴살', '라이스페이퍼', '올리브유', '소금 약간', '후추 약간', '스리라차 소스 취향껏']"
7021154,"['닭다리', '양파', '청양고추', '다진파', '간장', '미림', '다진마늘', '고춧가루', '후춧가루 소량', '굴소스', '케찹', '올리고당', '물', '고추장']"
7021153,"['한우 불고기용', '새송이버섯', '청경채', '알배추', '양파', '대파', '간장', '올리고당', '배즙', '후추', '다진마늘', '참기름']"
7021152,"['순두부', '파', '양파', '고춧가루', '다진마늘', '국간장', '굴소스', '다시다', '계란', '후추 취향것']"
7021151,['단호박']
7021150,"['양송이버섯', '양파', '마늘', '올리브오일', '소금', '후춧가루']"
7021149,"['새송이버섯', '양파', '대파', '죽염', '참기름', '깨 조금', '참기름']"
7021148,"['유부피', '두부', '김밥용 단무지', '초밥소스', '볶음조미 깨']"
7021147,"['소고기 육전용', '계란', '허브소금', '타피오카전분']"
7021146,"['무채', '대파', '다진 마늘', '다진 생강', '고춧가루', '식초', '흰설탕', '까나리액젓', '소금', '통깨 솔솔 ']"
7021145,"['국수', '표고버섯', '양송이버섯', '새송이버섯', '느타리버섯 조금', '청양고추', '홍고추', '대파 조금', '마늘', '차돌박이', '다진마늘', '간장', '고추가루', '참치액젓', '굴소스', '후추가루 조금', '물']"
7021144,"['또띠아', '스파게티소스', '찐 고구마', '스위트콘', '슬라이스햄', '모짜렐라치즈', '체다치즈']"
7021143,"['고구마', '버터', '마요네즈', '설탕', '우유', '아몬드 슬라이스', '건크랜베리']"
7021141,"['생땅콩', '식초', '원당', '진간장', '매실액기스', '꿀', '참기름', '통깨', '다시마 작은 것']"
7021140,"['냉동 옥돔', '밀가루', '식용유', '레몬 슬라이스']"
7021139,"['닭가슴살', '상추', '매실액기스', '식초', '올리브오일', '통깨']"
7021138,"['시금치', '스팸', '공기밥', '식용유', '간장', '굴소스', '다진마늘', '대파', '통깨']"
7021137,"['햄', '공기밥', '김가루', '계란', '식용유']"
7021136,"['닭다리살', '소금', '다진마늘', '대파', '설탕', '간장', '굴소스', '물엿']"
7021135,"['브라우니믹스', '우유', '피칸', '초코청크']"
7021134,"['무말랭이', '대파 초록부분', '마늘', '만능간장', '고추가루', '고추장', '꿀', '참기름', '통깨']"
7021133,"['양배추', '무', '소금', '당근', '미나리', '쪽파', '마늘', '사과', '배', '물', '소금']"
7021132,"['봄동', '양파', '다진마늘', '다진대파', '간장', '액젓', '설탕', '참기름', '깨소금 약간']"
7021131,"['소고기', '다진마늘', '불고기양념 넉넉히', '팽이버섯', '대파', '깨 조금']"
7021130,"['풋고추', '간장', '물', '설탕', '식초']"
7021129,"['말차가루', '뜨거운 물', '얼음 적당량', '우유', '에스프레소', '코코아파우더 적당량', '동물성 휘핑크림', '설탕']"
7021128,"['마른 소면', '애호박', '달걀', '부추', '청양고추', '다시마멸치육수', '국간장', '소금', '간장', '맛술', '고춧가루', '다진 마늘']"
7021127,"['참나물', '다진마늘', '참치액', '참기름', '소금', '통깨 약간']"
7021126,"['우엉', '물', '다시마', '생강', '통깨 약간', '진간장', '다진 마늘', '맛술', '설탕', '올리고당']"
7021125,"['김밥용김', '밥', '참치', '청양고추', '당근', '사각어묵', '참기름', '굴소스', '진간장', '올리고당', '맛술', '마요네즈']"
7021124,"['감자 중 크기', '물엿', '대파 or 쪽파 약간 (생략가능)', '통깨 약간', '진간장', '참치액젓', '고춧가루', '맛술', '식용유', '다진마늘', '물']"
7021123,"['달래', '코인육수', '된장', '두부', '대파 넉넉히', '말린표고버섯', '양파']"
7021122,"['계란', '대파', '양파', '땡초', '다시마간장', '올리고당', '생수', '굵은소금']"
7021121,"['시금치', '까나리액젓', '참기름', '맛소금', '통깨 솔솔', '굵은소금']"
7021120,"['도토리묵', '표고버섯', '다시마', '참치액', '국간장']"
7021119,"['알배기배추', '가을무 약간 ', '대파 넉넉히', '들기름', '된장', '다진마늘', '소금 약간 ']"
7021118,"['알배기배추', '표고버섯가루', '부침가루', '튀김가루', '청양고추']"
7021117,"['두부', '전분가루', '토마토케첩', '고추장', '다진마늘', '간장', '매실액', '올리고당', '소금', '후추 약간']"
7021116,"['봉지라면', '물', '참치', '고춧가루', '배추김치', '참기름', '후추 적당량']"
7021115,"['느타리버섯', '물 적당량', '굵은소금', '고추냉이 취향껏', '진간장 취향껏']"
7021114,"['파스타면', '물 (파스타 끓일 물)', '마늘', '소금', '올리브오일 적당량', '후추 적당량', '페페론치노', '파슬리 가루 적당량 (생략가능)', '치즈 적당량 (생략가능)']"
7021113,"['냉이', '고추장1T', '고춧가루1t', '통깨 약간', '올리고당']"
7021112,"['봄동', '쪽파', '사과', '홍고추', '고춧가루', '까나리액젓', '다시마물', '다진마늘', '설탕', '깨소금', '통깨']"
7021111,"['짠지채', '파채', '다진마늘', '고춧가루', '식초', '맛술', '맛간장', '설탕']"
7021110,"['양배추', '들깨가루', '설탕', '식초', '소금', '물']"
7021109,"['감자 큰 것', '스팸', '양파', '피망', '맛소금', '식용유', '참기름', '검은깨 조금']"
7021108,"['사각오뎅', '대파', '양파', '당근', '브로콜리', '청양고추', '식용유', '고추장', '고춧가루', '진간장', '올리고당', '황설탕', '다진마늘', '참기름', '통깨 넉넉히']"
7021107,"['도가니탕 육수', '스지', '미나리', '소금 조금']"
7021106,"['티본 스테이크', '올리브오일 적당량', '소금 약간', '후추 약간', '버터', '로즈마리', '방울토마토', '샬롯', '아스파라거스', '미니 양배추']"
7021105,"['자숙 새우살', '두부', '당근', '브로콜리 조금', '깻잎', '팽이버섯 작은봉지', '계란', '곡물 부침가루', '소금', '후추가루 조금', '포도씨유 조금']"
7021104,"['삶은계란', '사과', '아몬드가루', '마요네즈', '머스타드소스', '소금', '설탕']"
7021103,"['치킨', '양파', '계란', '간장', '설탕', '미원 약간', '물']"
7021102,"['군고구마', '두유', '소금', '물', '파마산치즈가루 넉넉히', '파슬리가루 적당히']"
7021101,"['컵라면', '계란', '간장 조금', '꿀 조금']"
7021100,"['만들어둔 카레', '달걀', '코코넛밀크', '피쉬소스 대용 멸치액젓', '레몬즙', '파스타면', '크레미', '양파', '물', '식용유 약간', '데코용 쪽파 약간', '땅콩', '고수 약간 (또는 참나물)', '숙주', '양파 채 약간', '간장', '들기름 약간', '고추']"
7021099,"['통조림골뱅이', '부추', '쪽파', '파기름용 기름 약간', '밥', '진간장', '다시마육수', '참기름', '고춧가루 약간', '깨 약간', '고추', '당근 약간 (또는 붉은색 채소 옵션-생략가능)', '고추장']"
7021098,"['계란', '소금', '참기름', '물']"
7021096,"['케일 잎', '바나나', '사과', '레몬즙', '코코넛워터', '물']"
7021095,"['잔멸치', '식용유', '올리고당', '설탕', '참기름', '깨소금']"
7021094,"['콩나물', '당근', '소금', '참치액', '참기름']"
7021093,"['양파', '당근', '스팸', '밥', '굴소스', '간장', '후추']"
7021092,"['오징어실채', '식용유', '다진마늘', '고춧가루', '간장', '설탕', '올리고당', '고추장', '맛술', '물', '참기름', '깨 약간']"
7021091,"['양배추', '크래미', '당근', '간장', '다진마늘', '후추']"
7021090,"['양파', '부침가루', '전분가루', '액젓']"
7021089,"['우동면', '들기름', '매실액', '통마늘', '간장', '김가루 약간', '노른자', '깨소금 약간', '쪽파 약간']"
7021088,"['또띠아', '토마토소스', '생모짜렐라치즈', '스트링치즈', '바질페스토', '방울토마토', '바질 약간']"
7021087,"['양배추', '양송이버섯', '방울토마토', '그라나파다노치즈 약간', '버터', '페페론치노 약간', '올리브오일', '발사믹드레싱', '홀그레인머스터드', '후추 약간']"
7021086,"['두부', '청양고추', '홍고추', '양파', '대파', '간장', '미림', '설탕', '다진마늘', '생강 조금', '고추가루', '들기름', '물']"
7021085,"['무염버터', '흰자', '설탕', '꿀', '바닐라오일 약간', '아몬드가루', '박력분', '다크초콜릿', '다크초콜릿', '동물성 휘핑크림']"
7021084,"['소고기', '소금', '후추', '식용유']"
7021083,"['식빵', '슬라이스치즈', '슬라이스햄', '계란', '우유', '딸기쨈', '허니머스터드', '도너츠가루']"
7021082,"['새우젓', '설탕', '고춧가루', '다진 마늘', '참기름', '통깨', '청양고추', '홍고추', '양파', '대파']"
7021081,"['한치', '배추', '대파', '양파', '미나리', '다진마늘', '설탕', '올리고당', '고추장', '고춧가루', '간장', '굴소스', '참기름', '물', '통깨']"
7021080,"['삼겹살', '양파', '대파', '마늘', '소주', '소금', '후추 약간']"
7021079,"['대패삼겹살', '대파', '양파', '청양고추나 청고추', '식용유', '통마늘', '참기름', '통깨', '간장', '설탕', '고춧가루', '고추장', '물', '매실청', '맛술', '올리고당', '생강가루', '후춧가루']"
7021078,"['페투치니면', '알새우', '양파', '다진마늘', '양송이', '쪽파', '범일 진간장', '고운 고춧가루', '버터', '생크림', '우유', '파마산치즈 약간', '소금']"
7021077,"['부추', '청양고추', '계란', '부침가루', '전분가루', '얼음 물', '소금', '된장']"
7021076,"['순살고등어', '오일', '유자청', '간장', '들기름']"
7021075,"['삼겹살', '대파', '고운소금 약간', '후춧가루 약간', '대파흰대', '통후추 약간', '통마늘', '소주 약간', '새우젓', '청양고추', '참기름', '고춧가루', '통깨']"
7021073,"['식빵', '아보카도', '쨈', '크림치즈', '계란', '양파', '체다치즈', '마요네즈', '허니머스타드', '소금', '후추 약간']"
7021072,"['콩나물', '소금', '올리고당', '통깨', '파', '참기름', '간마늘']"
7021071,"['돼지등갈비', '쌍화탕', '월계수잎', '전분가루', '빵가루', '설탕', '간장', '식초', '다진마늘', '굴소스', '꿀', '매실액']"
7021070,"['생굴', '대파 약간', '마늘', '청양고추', '고춧가루', '멸치 액젓', '설탕', '깨 약간', '부추 약간']"
7021069,"['곱창', '낙지', '새우', '꼼장어 양념장', '썬파', '고추기름', '라면사리']"
7021068,"['알배추', '들깨가루', '된장', '액젓', '다진마늘', '참기름']"
7021067,"['어묵', '당근', '청양고추', '김', '밥', '굴소스1', '간장2.5', '올리고당1', '다진마늘1', '후추 약간 ']"
7021066,"['꽃게 (냉동절단)', '콩나물', '미나리', '대파', '고추', '전분물', '육수', '참기름', '고춧가루2', '간장4', '설탕1', '액젓1', '다진마늘1', '후추 약간 ', '맛술1']"
7021065,"['쫄면사리', '양배추', '깻잎', '고추장2.5', '설탕2', '식초3.5', '다진마늘1', '간장0.5', '참기름0.5', '고춧가루1']"
7021064,"['맛살', '당근', '단무지', '김', '밥', '소금', '후추', '참기름', '깨']"
7021063,"['파스타면', '올리브오일', '소금', '치킨스톡', '편마늘', '다진마늘', '크래미']"
7021062,"['두부', '무', '대파', '물', '청국장', '된장', '설탕', '소고기 다시다', '간마늘', '고춧가루', '매운고춧가루']"
7021061,"['떡', '양배추', '양파', '쫄면사리', '어묵', '고추장', '짜파게티스프', '굴소스', '다진마늘1', '고춧가루1', '굴소스1']"
7021060,"['돼지갈비', '대파', '양파', '청양고추', '물', '소금', '설탕', '식초', '고춧가루', '진간장', '액젓', '간 마늘', '케첩', '후춧가루']"
7021059,"['알배추', '밀가루', '계란물']"
7021058,"['새송이버섯', '맛살', '단무지', '고추', '밀가루', '계란물 ']"
7021057,"['두부', '다진양파', '다진당근', '다진마늘1', '간장2', '참기름0.5', '후추 약간', '밀가루', '계란물 ']"
7021056,"['계란', '카레', '양파']"
7021055,"['마른 미역', '캐슈너트', '양파', '소금 듬뿍', '참기름', '물']"
7021054,"['김치', '김칫국물', '콩나물', '물', '매콤 동전육수', '참치액젓', '다진마늘', '대파', '청고추', '홍고추', '천일염 약간']"
7021053,"['부추 크게', '양파', '고추가루', '참소스', '통깨']"
7021052,"['삼겹살', '김치', '양파', '대파', '설탕', '참기름', '깨']"
7021051,"['모닝빵', '가염버터', '굵은소금 조금']"
7021050,"['튀김가루', '전분', '다진마늘', '액젓', '대파', '새우', '식용유']"
7021049,"['식용유', '대파', '카레', '스팸', '밥', '굴소스', '후추', '계란', '소금']"
7021048,"['콩비지', '김치', '참기름', '삭용유', '대파', '양파', '다진마늘', '삼결살', '김치', '물', '국간장', '액젓', '고춧가루', '청양고추']"
7021047,"['김치', '밀가루', '전분', '물', '고추장', '설탕', '식용유']"
7021046,"['달래', '간장', '멸치액젓', '고춧가루', '갈은 깨', '올리고당', '참기름', '다진마늘', '물', '청양고추']"
7021045,"['마스카포네 크림치즈', '생크림', '로투자 과자 필요한만큼']"
7021044,"['소고기 불고기용', '감자', '꽈리고추', '양파', '진간장', '참기름', '소금', '후추 ', '다진마늘', '진간장', '맛술', '참치액', '설탕', '물엿', '물']"
7021043,"['식빵', '연유', '계란', '빵가루']"
7021042,"['시금치 데친거', '양파', '청양고추', '대파', '된장', '참치액', '다진마늘', '다시다', '미원']"
7021041,"['비스퀵 믹스', '우유']"
7021040,"['두부', '양파', '대파', '애호박', '미니 파프리카', '들기름', '집된장', '매실액', '생강청']"
7021039,"['닭 볶음탕용', '감자', '양파', '건고추', '간장', '고추장', '고춧가루', '술', '매실액', '생강청', '다진마늘', '우유']"
7021038,"['오징어실채', '간장', '올리고당', '물', '참기름', '통깨']"
7021037,"['물', '육수팩', '애호박', '양파', '두부', '참치', '다진마늘', '고추장', '양조간장', '고춧가루', '대파 2토막']"
7021036,"['고수', '양파', '메이플 시럽', '간장', '고춧가루', '식초', '깨 조금']"
7021035,"['우유', '생크림', '레몬', '소금', '황설탕']"
7021034,"['명란', '오이', '마요네즈 조금', '생와사비 조금', '들기름']"
7021033,"['김장김치 양념장', '월동 배추 큰것', '쪽파', '굵은소금', '설탕', '통깨']"
7021032,"['밥', '김밥 김', '미나리무침 ', '당근', '사각 어묵', '계란', '단무지', '김밥 햄', '크래미 맛살']"
7021031,"['소고기 장조림용', '삶은달걀', '통마늘', '꽈리고추', '대파', '통후추', '간장', '설탕', '맛술']"
7021030,"['삼겹살', '대파', '양파', '마늘', '생강', '소주', '청경채 조금', '알배추', '당근', '소금 조금', '후춧가루 조금', '새우젓', '양파', '다진 대파', '청양고추', '홍고추', '간 마늘', '고춧가루', '설탕', '통깨', '참기름']"
7021029,"['냉동 물만두', '냉동 감자옹심이', '냉동 유부', '새우', '청경채', '숙주', '팽이버섯 약간', '대파', '청양고추', '물', '동전육수', '고춧가루', '국간장', '다진 마늘', '고추기름', '소금 약간', '후춧가루 약간']"
7021028,"['아롱사태', '대파', '다진 마늘', '다진 생강', '통후추', '맛술', '미나리', '부추', '국간장', '소금 약간', '진간장', '물', '식초', '레몬즙', '설탕', '연겨자 약간', '다진 파', '다진 마늘']"
7021027,"['건미역', '소고기 양지', '국간장', '동전육수', '다진 마늘', '물', '소금 약간', '참기름']"
7021026,"['연어 필렛 횟감용', '귤', '올리브유 약간', '후추 약간', '양조식초', '물 적당히', '간장', '생강', '양파', '사과', '다시마육수']"
7021025,"['콩나물', '다진 소고기', '쌀', '다시마', '물', '간장', '맛술', '참기름', '후춧가루 약간', '간장', '참기름', '통깨']"
7021024,"['반건조오징어', '강황가루', '소금', '오일스프레이 적당량']"
7021023,"['목살', '양파', '찬 밥', '다진마늘', '설탕', '간장', '식용유', '바베큐 소스', '굴소스', '치킨스톡']"
7021022,"['사골육수', '물', '건표고버섯', '무', '양파', '쥬키니호박', '두부', '대파', '청양고추', '된장', '고추장', '고춧가루', '다진 마늘', '소금 기호껏']"
7021021,"['오이', '양파', '부추', '굵은소금', '고춧가루', '다진마늘', '참치액젓', '멸치액젓', '새우젓', '설탕', '깨']"
7021020,"['가래떡', '꿀']"
7021019,"['붕어 빵', '우유 (또는 커피)']"
7021018,"['당근', '소금', '레몬', '화이트 발사믹', '스테비아', '홀그레인 머스터드', '후추 조금']"
7021017,"['시금치', '맛살', '달걀', '맛소금', '굴소스', '식용유']"
7021016,"['강력분', '버터', '우유', '달걀', '양파', '소금', '이스트', '소세지', '백설탕', '옥수수콘', '케찹', '마요네즈', '치즈']"
7021015,"['나물', '밥', '계란 후라이', '고추장', '참기름']"
7021014,"['각종나물', '김밥김', '밥']"
7021013,"['봄동', '쪽파 조금', '홍고추 조금', '다진마늘 조금', '고추가루', '까나리액젓', '소금 조금', '매실청', '식초', '통깨', '참기름']"
7021012,"['오징어실채', '다진 고추', '튀김가루', '냉수', '식용유']"
7021011,"['밥', '들기름', '소금', '김밥햄 약간', '치자 단무지 약간', '시금치 무침 약간', '김', '계란', '소금 약간', '식용유 약간']"
7021010,"['유채나물', '고춧가루', '고추장', '다진마늘', '다진파', '간장', '설탕', '액젓1T', '깨', '참기름', '2배사과 식초']"
7021009,"['양파', '당근', '스팸', '밥', '계란', '굴소스', '버터', '소금 약간', '돈까스소스', '케첩', '물엿', '물']"
7021008,"['봄동', '양파', '대파', '고춧가루', '다진마늘', '멸치액젓', '배음료', '참깨', '참기름']"
7021007,"['동물성 휘핑크림', '설탕', '얼음 적당량', '우유', '에스프레소', '코코아파우더 적당량']"
7021006,"['계란', '밥', '김밥김', '참기름', '소금', '통깨']"
7021005,"['냉이', '두부', '대파', '청양고추', '코인육수', '물', '식용유 약간', '된장', '고춧가루', '다진마늘']"
7021004,"['삶은 다래순', '대파', '다진 마늘', '소금', '들기름', '깨소금']"
7021003,"['돼지고기 불고기감', '양파', '대파', '당근', '새송이버섯', '양배추', '식용유', '참기름', '통깨 약간', '맛술', '설탕', '고춧가루', '다진 마늘', '진간장', '고추장', '올리고당']"
7021002,"['콩나물', '새우젓', '다진마늘', '소금 약간', '대파 넉넉히', '청양고추', '홍고추', '코인육수']"
7021001,"['찹쌀가루', '금어초분홍꽃', '물 약간', '소금 약간']"
7021000,"['양상추', '올리브유 약간', '마늘', '굴소스', '참치액', '참기름', '고춧가루 약간']"
7020999,"['분홍소시지', '계란', '청양고추', '쪽파', '튀김가루']"
7020998,"['골뱅이', '양파', '대파 넉넉히', '부추 넉넉히', '다진마늘', '설탕', '진간장', '고춧가루', '통깨', '참기름']"
7020997,"['건미역', '소고기', '코인육수', '물', '액젓']"
7020996,"['김치 넉넉히', '스팸', '두부', '쌀뜨물', '들기름', '설탕', '다진마늘', '식용유']"
7020995,"['어묵', '떡볶이떡', '양파', '대파', '고추장', '매실액', '올리고당', '다진마늘', '멸치육수']"
7020994,"['물파래', '무 약간', '액젓', '다진마늘', '고춧가루', '식초', '깨']"
7020993,"['우삼겹', '계란', '소금 약간', '후추 약간', '청주 약간', '밀가루']"
7020992,"['쑥', '육수', '된장', '들깨가루', '냉이', '된장', '참기름', '깨소금 약간']"
7020991,"['생선', '두부 전', '무', '대파', '청양초', '고춧가루', '멸치육수', '멸치액젓', '마늘', '생미역', '초장 약간', '연두부', '참깨흑임자 소스 약간']"
7020990,"['쥐포', '고추장', '다진마늘', '생강', '양조간장', '매실청', '올리고당', '설탕']"
7020989,"['닭 볶음탕용', '묵은지', '감자', '당근', '양파', '대파', '청양고추', '고추장', '고춧가루', '진간장', '다진 마늘', '물엿', '맛술', '참기름', '설탕']"
7020988,"['메주콩', '쌀뜨물']"
7020987,"['물미역', '천일염']"
7020986,"['잡채', '밥', '대파', '계란', '고추기름', '다진 마늘', '참치 액', '깨 간 것', '참기름']"
7020985,"['무', '대파', '고춧가루', '설탕', '식초', '양조간장', '까나리액젓', '천일염']"
7020984,"['양배추', '당근 슬라이스', '멸치 다시마 육수', '계란', '까나리액젓', '새우젓', '참깨', '물', '멸치', '다시마', '물', '식초']"
7020982,"['고춧잎 삶은 것', '대파 썬 것', '국간장', '참치 액', '다진 마늘', '들기름', '들깨가루', '다시마 육수']"
7020981,"['냉동 새우살', '비엔나소세지', '통깨', '식용유', '간장', '고추장', '꿀', '참기름', '케찹', '물']"
7020980,"['느타리버섯', '양파', '당근 소량', '다진마늘', '고운들깨가루', '다진파', '식용유', '들기름', '국간장', '고운 소금 조금', '후춧가루 소량', '깨 (갈은거)']"
7020979,"['스팸', '양파', '감자', '파', '청양고추', '양조간장', '고추장', '고추가루', '참기름', '다진마늘', '설탕', '된장']"
7020978,"['어묵', '양파', '간장', '올리고당', '고춧가루', '깨 적당량', '물']"
7020977,"['닭', '감자', '파', '떡국떡 조금', '우유', '물 적당히', '간장', '설탕', '굴소스', '고춧가루', '고추장2', '다진마늘', '케찹', '불닭소스']"
7020976,"['돼지고기 앞다리살불고기용', '파슬리가루', '배 갈아준것', '진간장', '양조간장', '다진마늘', '올리고당 큰술', '설탕 조금', '후추가루 조금', '참기름', '통깨 조금']"
7020975,"['미나리', '부침가루 크게', '물', '소금']"
7020974,"['봄동', '무', '멸치액젓', '고춧가루', '설탕', '매실액', '식초', '다진마늘']"
7020973,"['해주 냉면', '백김치 국물', '삶은계란', '냉면절임 무 원하는만큼', '무', '천일염', '피클초', '물']"
7020972,"['식빵', '소안심', '모짜렐라 치즈', '스위트콘', '피망', '블랙 올리브 슬라이스', '방울토마토', '토마토소스', '스테이크 소스', '식용유', '파슬리가루', '소금', '후춧가루']"
7020971,"['냉동 대패삼겹살', '콩나물', '깻잎', '대파', '양파', '통깨 솔솔 ', '진간장', '고춧가루', '고추장', '다진 마늘', '맛술', '황설탕']"
7020970,"['김치', '참치캔', '밥', '피자치즈', '설탕', '들기름', '고추장']"
7020969,"['참나물', '소금', '다진 파', '다진 마늘', '국간장', '소금 세 꼬집', '매실액', '들기름', '통깨']"
7020968,"['염장모듬 해초', '설탕', '고추장', '다진마늘', '들기름', '후춧가루 조금', '통깨']"
7020967,"['아보카도', '새우', '통마늘', '빵', '올리브유 넉넉히', '소금 약간', '후추 약간', '고운고춧가루 약간', '베이글 시즈닝 약간']"
7020966,"['콜라비', '식초', '메이플시럽', '월계수 넉넉히']"
7020965,"['콩나물', '돼지고기', '양파', '청양고추', '홍고추', '파 약간', '맛간장', '맛술', '굴 소스', '소금', '후추', '통깨']"
7020964,"['버터', '황설탕', '계란2개', '박력분', '아몬드가루', '소금', '베이킹파우더2T', '호두', '아몬드', '초코']"
7020963,"['훈제오리', '숙주', '느타리버섯', '표고버섯', '양파', '알배기배추 조금', '청경채 조금', '팽이버섯', '맛술', '땅콩잼', '마요네즈', '꿀', '소금 약간', '후추 약간', '레몬즙', '간장']"
7020962,"['무', '궁채', '아삭이고추', '청양고추', '진간장', '사과식초', '설탕', '물']"
7020961,"['쌀', '곤드레 불린거', '들기름', '참치액젓', '대파', '통깨', '물', '국간장', '진간장', '맛술', '다진 마늘', '들기름', '통깨', '국간장', '들기름', '다진 마늘']"
7020960,"['스팸', '김치', '대파', '모짜렐라치즈', '계란', '물', '밥', '소금 약간', '후춧가루 약간', '파슬리가루 약간']"
7020959,"['소고기 불고깃감', '양파', '당근', '대파', '팽이버섯', '불린 목이버섯', '시판 불고기양념', '다진 마늘', '다진 대파', '후춧가루 약간', '참기름 약간', '통깨 약간']"
7020958,"['통밀가루', '물', '소금', '드라이이스트', '포도씨유', '크랜베리', '건포도', '호두']"
7020957,"['소고기 척아이롤', '양배추', '방울토마토', '표고버섯', '양파', '감자', '당근', '토마토 홀 통조림', '치킨스톡1스푼', '카레가루', '월계수', '샐러리', '버터']"
7020956,"['무', '쪽파', '천일염', '뉴슈가', '미지근한 물', '고춧가루', '양파', '사과', '갈아만든 배 음료', '새우젓', '다진마늘', '까나리액젓', '참치액', '매실액']"
7020955,"['식빵', '달걀', '우유', '바닐라에센스 ', '소금', '딸기', '바나나', '생크림', '버터']"
7020954,"['소고기 불고기', '감자 중간사이즈', '당근', '버섯', '양파', '고형 카레', '브로컬리', '버터 소량']"
7020953,"['호떡믹스', '밀가루', '미지근한 물']"
7020952,"['시래기', '현미', '맥 된장']"
7020951,"['닭가슴살', '새송이 버섯', '오이 조금', '당근 조금', '파프리카 조금', '죽염', '허브솔트', '올리브 오일']"
7020950,"['꽈리고추', '양파', '간장', '멸치액젓', '매실액', '마늘', '고추가루', '참기름', '깨 조금']"
7020949,"['치마살', '소금 조금', '후추 조금']"
7020948,"['미니 알배추', '소고기 불고기용', '대파', '당근 약간', '고추', '홍고추', '화이트와인', '중화 간장', '굴소스', '식초', '매실액', '생강청']"
7020947,"['돼지갈비', '양파', '대파', '설탕', '참치액', '진간장', '맛술', '고춧가루', '다진마늘', '케첩', '후추 적당히', '소금']"
7020946,"['돼지고기', '감자', '양파', '애호박', '두부', '청양고추', '채썬대파', '맛술', '다진마늘', '고추장', '고춧가루', '진간장', '멸치액']"
7020945,"['고구마 중간크기', '버터', '모짜렐라 (덮을만큼)', '바닐라아이스크림', '소금', '알룰로스 적당히', '후추 적당히']"
7020943,"['양파', '대파 조금', '계란', '밥', '물', '설탕', '맛술', '진간장']"
7020942,"['떡', '어묵', '대파', '고춧가루', '진간장', '설탕', '굴소스', '고추장', '식용유', '후추 약간', '다진마늘']"
7020941,"['오모리김치찌개 라면', '밀가루', '대파', '계란']"
7020940,"['스팸', '양파', '계란', '다진마늘', '설탕', '진간장']"
7020939,"['제주 월동무', '굵은소금', '물', '미나리 줄기 약간', '대파 흰부분', '찹쌀가루', '물', '고춧가루', '매실청', '멸치액젓', '새우젓 건더기', '배즙', '생강청', '다진마늘', '깨']"
7020938,"['미니 알배추', '무 약간', '팽이버섯', '대파 약간', '집된장 크게', '쌀뜨물', '코인육수']"
7020937,"['골뱅이 통조림', '진미채', '소면', '깻잎', '고추', '대파', '오이', '양파', '당근', '회초장', '고춧가루', '맛술', '간장', '설탕', '물엿', '다진마늘', '참기름', '통깨 후추 약간']"
7020936,"['돼지등갈비', '양파 작은것', '배', '월계수잎', '통후추 조금', '다진생강', '맛술', '진간장', '다진마늘', '올리고당', '설탕 조금', '후추가루 조금', '생강술', '참기름', '통깨 조금', '페페론치노 조금']"
7020935,"['곱창김', '쪽파', '통깨', '간장', '참기름']"
7020934,"['옹심이', '감자', '당근', '애호박', '국간장', '소금', '후추']"
7020933,"['박력분', '설탕', '소금 약간', '무염버터', '계란', '우유', '초코칩', '계란', '우유']"
7020932,"['콩나물', '신김치', '대파', '다진 마늘', '참치액', '까나리액젓', '코인 육수', '물']"
7020931,"['새송이버섯', '청양고추', '다진 마늘', '굵은 고춧가루', '굴소스', '올리고당', '맛술', '물', '후춧가루']"
7020930,"['알배기배추', '무', '소금', '액젓', '배', '밥1/4공기', '양파 조금', '마늘', '굵은소금 ']"
7020929,['송탄식부대찌개밀키트 ']
7020928,"['밤', '아몬드 브리즈', '양파', '견과류 조금', '죽염']"
7020927,"['양배추', '순살 참치캔', '간장']"
7020926,"['순살고등어', '파스타면', '마늘', '청양고추', '대파 파란부분', '굵은소금', '소금', '레몬즙', '올리브유', '들기름', '액젓']"
7020925,"['콜라비', '무', '소금', '고추가루', '다진마늘', '설탕', '사과식초 두배 식초', '통깨 조금']"
7020924,"['칼국수면', '물', '애호박', '소고기다짐육', '양파', '치킨스톡', '다시육수팩', '국간장', '양조간장', '다진마늘', '참기름 약간', '맛술', '올리고당']"
7020923,"['아몬드브리즈', '헤이즐넛 시럽', '휘핑크림', '연유', '로투스', '에스프레소']"
7020922,"['오징어', '계란', '감자 전분', '양파', '파 약간', '소금 약간', '후추 약간', '기름 넉넉히']"
7020921,"['계란', '소금', '파', '물']"
7020920,"['어묵', '삶은 계란', '떡', '양파', '대파', '다진마늘', '청양고추', '물', '다시다', '고춧가루', '설탕', '진간장', '고추장 듬뿍']"
7020919,"['쌀', '물', '전복', '대추', '호두']"
7020918,"['참치캔', '양파', '대파', '청양고추', '간 마늘', '고춧가루', '설탕', '된장', '고추장', '물']"
7020917,"['미나리 줄기 부분', '식초', '굵은소금', '마늘', '액젓', '참기름', '깨소금', '통깨']"
7020916,"['대저 짭짤이 토마토', '견과류 적당량', '플레인 요거트 적당량', '꿀 조금', '샐러드 채소 조금']"
7020915,"['밀가루', '감자전분가루', '물', '소금', '애호박', '대파', '당근', '양파', '코인 육수', '국간장']"
7020914,"['밥', '깻잎', '어묵', '참치김치볶음 약간', '김밥 김']"
7020913,"['부추', '새우 적당량', '튀김가루', '부침가루', '물', '소금']"
7020912,"['닭 삼계탕용', '삼계탕용 한약재 티백', '마늘', '불린찹쌀', '대추', '물', '소금']"
7020911,"['고등어', '무', '양파', '대파', '청양고추', '고춧가루', '간장', '참치액', '올리고당', '미림', '마늘', '생강가루', '후추']"
7020910,"['감자', '조개육수', '다진마늘', '고추장', '물', '만두피 수제비반죽']"
7020909,"['계란', '다시마', '물 적당히']"
7020908,"['봄동', '새우', '홍고추', '청양고추', '전분가루', '부침가루', '물', '국간장', '들기름', '진간장', '식초', '매실액', '고춧가루']"
7020907,"['숙주나물', '대파 썬 것', '천일염', '국간장', '참치액', '고운소금 조금', '다진마늘', '깨 갈은것1스푼', '참기름']"
7020906,"['토란대 삶은 것', '대파 썬 것', '국간장', '참치액', '다진마늘', '들기름', '들깨가루', '다시마육수']"
7020905,"['대패삼겹살', '두부', '양파', '청양고추', '홍고추', '동전 육수', '고춧가루', '진간장', '참치액', '다진마늘', '맛술', '올리고당', '후추']"
7020904,"['더덕', '대파 조금', '청양고추', '홍고추', '고추장', '미림', '간장', '다진마늘', '생강', '조청', '설탕', '참기름', '고추가루', '후추가루']"
7020903,"['손질 고등어', '무', '대파', '청양고추', '홍고추', '양파', '고춧가루', '고추장', '된장', '진간장', '참치 액', '다진 마늘', '맛술', '생강청', '올리고 당', '후추 약간', '쌀뜨물']"
7020902,"['꽈리고추', '된장', '참치액', '알룰로스', '깨', '참기름', '식초', '천일염']"
7020901,"['삼겹살', '김장김치', '대파', '고추장', '고추가루', '진간장', '다진마늘', '후추가루 조금', '올리고당']"
7020900,"['깐메추리알', '간장', '미림', '올리고당', '멸치다시마육수', '물', '어묵', '양파 작은', '당근 조금', '다진파', '간장', '굴소스', '고춧가루', '다진마늘', '올리고당', '식용유', '후춧가루 조금', '참기름 조금', '깨 조금', '물', '호두', '지리멸치', '식용유', '간장', '설탕', '올리고당', '미림', '깨', '진미채', '고추장', '고춧가루', '설탕', '간장', '올리고당', '미림', '식용유', '참기름', '깨']"
7020899,"['꽁치통조림', '튀김가루', '튀김가루', '물', '식용유', '고추장', '케첩', '올리고당', '설탕', '간장', '다진 마늘', '맛술', '물']"
7020898,"['고구마', '튀김가루', '식용유 넉넉히', '튀김가루', '탄산수']"
7020897,"['우유', '설탕', '바닐라 엑스트렉', '소금']"
7020896,"['애호박', '식용유', '다진마늘', '새우젓', '후춧가루 조금 ']"
7020895,"['제누와즈', '마스카포네치즈', '생크림', '설탕', '설탕', '발로나코코아파우더 ', '물', '인스턴트커피스틱 ', '설탕20g']"
7020894,"['감태', '구운김', '트러플오일', '올리브오일', '땅콩', '들깨가루', '참기름', '진간장', '소금', '후추 적당량', '파스타면', '대파']"
7020893,"['밥', '참기름 약간', '김밥김', '시금치', '참기름 약간', '맛살', '김밥햄', '우엉 김밥세트', '달걀', '소금 약간']"
7020892,"['봄동', '두부', '멸치육수', '대파', '청양고추', '홍고추', '집된장', '고추장', '다진마늘', '멸치액젓']"
7020891,"['메밀면', '간장', '들기름', '설탕', '매실청', '참나물', '간장', '고춧가루', '식초', '설탕', '조미김', '통깨']"
7020890,"['두부', '대파', '청양고추', '새우젓', '고춧가루', '간장', '설탕', '다진마늘', '다진생강 약간', '물', '들기름']"
7020889,"['더덕', '참기름', '간장', '고추장', '고춧가루', '다진마늘', '간장', '설탕', '매실청', '참기름']"
7020888,"['프랑크 소시지', '슬라이스 모짜렐라 치즈', '올리브오일 적당히', '토마토', '양파', '생 파슬리', '사과 식초', '올리브오일', '황설탕', '다진 마늘', '소금', '후추']"
7020887,['통깨']
7020886,"['육수', '표고버섯', '대파', '다진마늘', '국간장', '멸치액젓', '들깨가루 듬뿍', '찹쌀가루', '물']"
7020885,"['두부', '들기름', '식용유', '진간장', '대파', '청양고추', '간 마늘', '황설탕', '깨소금', '굵은 고춧가루', '참기름']"
7020884,"['두부', '베이컨', '깻잎', '식용유', '통깨 약간']"
7020883,"['달걀', '소금', '식초', '부추', '양파', '대파', '청양고추', '홍고추', '깨', '다진마늘', '간장', '물', '설탕', '올리고당', '맛술']"
7020882,"['대파', '양파', '청양고추', '노란 파프리카', '빨간 파프리카', '초록 피망', '표고버섯', '돼지고기 등심', '꽃빵', '맛술', '진간장', '후추 약간', '식용유', '다진 마늘', '설탕', '진간장', '굴소스', '참기름', '후추 약간', '통깨 약간']"
7020881,"['봄동', '고춧가루', '꽃게액젓', '간장', '설탕', '매실청', '다진마늘', '식초', '참기름', '깨']"
7020880,"['두부', '깻잎', '계란', '부침가루', '소금 약간', '올리브유']"
7020879,"['진미채', '통깨 약간', '마요네즈', '물', '진간장', '흑설탕', '다진 마늘', '올리고당', '참기름']"
7020878,"['밥', '대파', '달걀', '카놀라유 약간', '멸치액젓', '굴소스', '통깨 약간']"
7020877,"['소고기', '무', '대파', '숙주', '참기름', '카놀라유', '고춧가루', '국간장', '멸치액젓', '물', '다진마늘']"
7020876,"['연근', '식초 약간', '대파', '다진마늘', '카놀라유 약간', '설탕', '간장', '맛술', '올리고당']"
7020875,"['부추', '계란', '양파', '표고버섯', '물', '국간장', '멸치 액젓', '다진 마늘', '소금 약간', '후추 약간']"
7020874,"['납작당면', '푸주', '건목이버섯', '연근', '감자', '청경채', '새송이버섯', '숙주나물', '떡국떡', '새우', '하이디라오 마라샹궈 소스', '소시지']"
7020873,"['계란', '모짜렐라치즈', '부추 약간', '당근 약간', '소금', '식용유 적당량 ']"
7020872,"['두부', '돼지고기등심 다짐육', '당근', '데친브로콜리', '버섯 불린거', '계란', '감자전분', '생강술', '다진마늘', '소금', '후추가루 조금', '포도씨유']"
7020871,"['피자도우', '토마토1개', '양파', '불고기', '모짜렐라치즈', '모짜렐라 볼치즈', '피자소스 적당히']"
7020870,"['떡볶이 떡', '비엔나 소시지', '식용유', '케첩', '고추장', '간장', '올리고당']"
7020869,"['숙주', '대파', '국간장', '참치액', '참기름', '깨']"
7020868,"['떡국떡', '멸치육수', '대파', '국간장', '참치액', '소금', '깨', '달걀', '조미김']"
7020867,"['오징어', '애호박', '양파', '대파', '마늘']"
7020866,"['박력분', '버터', '시금치', '베이킹파우더', '소금', '후추', '파마산치즈', '체다치즈', '달걀', '요거트', '씨겨자']"
7020865,"['청국장', '차돌박이', '두부', '청양고추', '대파 조금', '알타리무 조금', '멸치', '다진마늘', '소금']"
7020864,"['시금치', '돼지고기 다짐육', '청양고추', '홍고추', '마늘', '설탕', '간장', '굴소스', '멸치액젓', '노두유', '밥', '달걀']"
7020863,"['삼겹살', '김치', '양파 조금', '대파 조금', '스테비아', '멸치액젓', '맛소금 조금', '다진마늘', '고추가루']"
7020862,"['꽃빵', '설탕 적당량', '연유 적당량', '식용유 넉넉하게']"
7020861,"['밥', '참기름 약간', '김밥김', '시금치', '참기름 약간', '맛살', '김밥햄', '달걀', '소금 약간', '당근', '어묵', '간장', '맛술', '올리고당', '물']"
7020860,"['밥', '대파', '양파', '당근 약간', '청양고추', '햄', '식용유', '짜장가루', '굴소스', '후추 약간', '참기름']"
7020859,"['닭 볶음탕용', '무', '깻잎', '대파', '월계수잎', '다진생강1큰술', '고추장', '고추가루', '다진마늘', '진간장', '올리고당', '후추가루 조금', '설탕 조금']"
7020858,"['알배추', '양파', '대파초록부분', '대파흰부분', '청양고추', '숙주', '냉동만두', '칼국수면', '모듬해물', '물', '물', '고춧가루', '다진마늘', '식용유', '설탕', '국간장', '맛소금', '후추']"
7020857,"['맛살', '계란', '대파', '당근 약간', '소금', '식용유']"
7020856,"['잡채', '김밥 김', '라이스페이퍼']"
7020855,"['시금치', '다진마늘', '스테비아', '된장', '고추장', '참기름', '깨 조금']"
7020854,"['삭힌 고추', '고추가루', '올리고당', '식초', '참기름', '참깨', '다진마늘', '다진 대파 약간']"
7020853,"['매운 고추', '간장', '매실', '식초', '소주', '마늘', '깻잎', '물', '식초']"
7020852,"['계란', '식빵', '시나몬가루', '소금 조금', '비정제 사탕수수 설탕', '버터', '슈가파우더 조금']"
7020851,"['시금치', '냉동 가리비살', '청양고추', '생강술', '재래 된장', '다진마늘', '고추가루', '후추가루 아주조금']"
7020850,"['띄운 메주', '천일염', '참숯', '건고추', '물', '꿀']"
7020849,"['쌀', '콩나물', '소고기다짐육', '다시마', '부추 넉넉히', '설탕']"
7020848,"['사골곰탕', '국수', '소고기다짐육', '부추 약간 ', '계란', '소금 약간', '후춧가루 약간']"
7020847,"['굴', '무', '대파', '참기름', '마늘', '쌀뜨물 육수', '멸치액젓', '후추 약간', '돼지고기 수육', '모둠전', '묵은지', '통깨 약간']"
7020846,"['시금치', '카레가루', '양파', '돼지고기', '우유', '마늘가루', '양파가루 (선택)']"
7020845,"['얼음 적당량', '우유', '바닐라시럽', '에스프레소']"
7020844,"['느타리버섯', '양파', '다진마늘', '청양고추', '홍고추', '곰표조림볶음 맛간장', '맛술', '굴소스', '참기름', '통깨']"
7020843,"['무', '대파 흰부분', '고춧가루', '미원', '액젓', '설탕', '소금', '다진마늘', '통깨']"
7020842,"['돼지목살', '통마늘', '전분가루', '맛술', '식용유', '소금 약간', '후추 약간', '페페론치노 약간', '간장', '설탕', '올리고당', '다진마늘', '굴소스', '맛술', '참기름 약간', '물']"
7020841,"['청경채', '홍고추', '청고추', '대파', '소금 약간', '진간장', '고추기름', '굴소스', '설탕', '식초', '다진마늘']"
7020840,"['두부', '스팸', '계란', '양파', '대파', '굴소스', '간장', '설탕', '고추장', '참기름', '통깨', '물', '후추 약간']"
7020839,"['소고기', '무', '콩나물', '대파', '표고버섯', '다진마늘', '국간장', '맛술', '후추 약간', '참기름', '고춧가루', '다진마늘', '국간장', '맛소금', '물']"
7020838,"['훈제오리고기', '양송이버섯', '양파', '양배추', '대파', '홍고추', '무쌈 넉넉히', '다진 마늘', '굴소스', '올리고당', '후춧가루 톡톡']"
7020837,"['전복', '마늘', '올리브유1', '버터']"
7020836,"['순살 간고등어', '스파게티면', '물', '소금', '올리브유', '대파', '다진 마늘', '면수', '버터', '치킨스톡 큐브1개', '파마산 치즈가루 피자배달용', '후추 약간', '참나물']"
7020835,"['콩', '물', '맛술', '설탕', '올리고당', '통깨 약간', '간장', '올리고당']"
7020834,"['고구마', '달걀']"
7020833,"['꽁치 통조림', '양파', '대파', '홍고추', '깻잎', '고추가루', '마늘', '생강즙', '들깨가루', '후추 톡톡 ']"
7020832,"['배추김치', '돈가스', '애호박', '표고버섯', '양파', '비엔나소세지', '계란', '간장', '설탕', '고춧가루', '매실액']"
7020831,"['콩나물', '사각 어묵', '당근', '대파', '들기름', '마늘', '고춧가루', '맛술', '진간장', '굴 소스', '참기름', '통깨']"
7020830,"['달걀', '설탕', '꿀', '박력분', '아몬드가루', '베이킹파우더', '녹인버터', '코코아가루', '초콜릿']"
7020829,"['달걀 흰자', '설탕', '달걀 노른자', '설탕', '우유', '포도씨유', '꿀', '바닐라익스트렉', '박력분']"
7020828,"['밥', '날치알', '단무지 다진거', '김가루', '참기름', '맛소금', '마요네즈', '통깨', '맛술']"
7020827,"['무염버터', '박력분', '황설탕', '백설탕', '달걀', '소금', '바닐라익스트렉', '베이킹파우더', '커버춰초콜릿', '다진호두']"
7020826,"['쥐포', '식용유', '마요네즈', '참기름', '꿀', '진간장', '물', '통깨', '맛술', '고추가루', '다진마늘']"
7020825,"['닭다리살 정육', '스위트콘', '전분가루', '치킨용튀김가루', '튀김가루', '그라노파다노치즈', '꿀', '버터', '간장']"
7020824,"['계란', '분홍소세지', '청양고추', '식용유']"
7020823,"['닭', '감자', '양파', '대파', '물', '설탕', '올리고당', '후추 적당량', '치킨스톡', '고춧가루', '매운 고춧가루', '청양고추', '간마늘', '진간장']"
7020822,['고구마 중간크기']
7020821,"['참나물', '닭다리살 정육', '후추', '소금', '마요네즈', '레몬즙', '설탕', '참나물', '올리브유', '후추', '소금']"
7020820,"['콩나물', '황태채', '달걀', '물', '코인육수', '참기름', '국간장', '참치액', '마늘', '청양고추', '파 조금', '새우젓 조금', '김가루 조금']"
7020819,"['알배추', '국간장', '소금 조금', '다진마늘 조금', '참기름', '깨']"
7020818,"['유부피', '초밥 소스', '참깨 야채볶음', '두부', '참치캔', '계란']"
7020817,"['블루베리 식초', '꿀', '얼음', '생수']"
7020816,"['우거지', '건새우', '대파', '청양고추', '물', '들기름', '된장', '국간장', '멸치 액젓', '다진 마늘']"
7020815,"['밥', '참치', '깻잎', '유부', '마요네즈 크게', '참기름', '소금', '통깨', '참치액', '진간장', '맛술', '참기름', '설탕']"
7020814,"['참나물', '대파', '고춧가루', '된장', '다진 마늘', '멸치 액젓', '올리고당', '참기름', '으깬 통깨', '식초', '소금']"
7020813,"['아욱', '통깨 약간', '된장', '멸치 액젓', '올리고당', '다진 마늘', '참기름', '굵은소금', '소금']"
7020812,"['고구마', '튀김용 식용유 넉넉하게', '통깨 약간', '설탕', '식용유']"
7020811,"['밥', '참치캔', '계란', '대파', '양파', '당근 약간', '표고버섯', '물', '통깨 약간', '참기름', '국간장', '소금 약간']"
7020810,"['사각어묵', '무', '멸치다시마육수', '물', '마늘', '다진파', '국간장', '멸치액젓', '후춧가루 소량', '청양고추', '소금 (기호에 따라)']"
7020809,"['바지락', '아욱', '표고버섯', '대파', '청양고추', '홍고추', '물', '굵은소금', '식초', '굵은소금', '된장', '국간장', '다진 마늘', '고춧가루']"
7020808,"['단호박', '덧가루', '식용유 넉넉하게', '튀김가루', '물', '얼음', '소금']"
7020807,"['참치캔', '대파', '양파', '표고버섯', '청양고추', '홍고추', '통깨 약간', '설탕', '고춧가루', '고추장', '된장', '다진 마늘', '물', '참기름']"
7020806,"['돌나물', '양파', '통깨 약간', '고춧가루', '고추장', '멸치 액젓', '올리고당', '매실청', '식초', '다진 마늘', '식초']"
7020805,"['계란', '감자 小', '대파', '양파', '홍고추', '청양고추', '물', '국간장', '멸치 액젓', '고춧가루', '다진 마늘', '소금 약간']"
7020804,"['떡국떡', '떡볶이떡', '사각 어묵', '소시지', '대파', '삶은 계란', '물', '설탕', '카레가루', '고춧가루', '고추장', '진간장', '멸치 액젓']"
7020803,"['만두', '청양고추', '부침가루', '물', '식용유']"
7020802,"['순두부', '계란', '대파', '양파', '물', '국간장', '멸치 액젓', '다진 마늘', '소금 약간']"
7020801,"['짜파게티', '밥', '대파', '양파', '당근 약간', '햄', '식용유', '참기름', '후추 약간', '통깨 약간']"
7020800,"['베이컨', '밥', '대파', '양파', '당근 약간', '식용유', '굴 소스', '소금', '참기름', '후추 약간']"
7020799,"['시래기', '석박지 무', '양파', '파', '멸치', '표고', '채수', '식용유', '맛간장', '멸치액젓', '된장', '들기름 약간', '홍고추']"
7020798,"['돼지고기 앞다리살', '묵은지', '대파', '물', '김치국물', '고춧가루', '설탕', '국간장', '멸치액젓']"
7020797,"['느타리버섯', '양파', '당근', '다진마늘', '가는소금', '참기름', '깨소금', '포도씨유']"
7020796,"['붕어빵', '버터']"
7020795,"['생땅콩', '식초', '참기름', '통깨 약간', '간장', '흑설탕', '맛술', '물', '조청']"
7020794,"['쌀', '잣', '전복내장', '양파', '전복', '채수', '다진마늘', '참기름', '청주', '아기소금']"
7020793,"['미나리', '양파', '간장', '식초', '스테비아', '고춧가루', '깨 조금']"
7020792,"['무', '물', '대파', '들깨', '참치액', '소금']"
7020791,"['냉이', '오징어', '청양고추', '부침가루', '물']"
7020790,"['알배기배추', '양파', '대파', '된장', '고추장', '다진마늘', '쌀뜬물', '건어물 넉넉히 (육수용)']"
7020789,"['감자칩 먹을만큼', '치즈 취향것', '파스타 소스 적당히', '캔옥수수 적당히', '파슬리 가루 약간']"
7020788,"['삼겹살', '로즈마리 약간', '바질 약간', '소금 약간', '후추 약간', '양파', '팽이버섯', '쪽파', '고추장 양념장', '다진마늘', '고추장', '레몬생강청', '고춧가루', '매실청', '간장', '맛술', '참기름']"
7020787,"['삼치', '허브솔트 약간', '고추장 양념', '고추장', '고춧가루', '다진마늘', '다진파', '레몬 생강청', '알룰로스', '간장', '맛술']"
7020786,"['말린가지', '참치액젓', '마늘', '참기름 적당히 ', '통깨 적당히']"
7020785,"['공심채', '다진마늘', '페페론치노', '식용유', '참기름', '참치액', '굴소스', '후추']"
7020784,"['새송이버섯', '들깨가루', '대파 약간', '물', '어간장', '소금']"
7020783,"['밥', '깻잎', '참치', '쌈장', '다진마늘', '대파', '참기름', '통깨', '맛소금', '통깨']"
7020782,"['무염버터', '설탕', '흑설탕', '소금 약간', '계란', '바닐라오일 약간', '박력분', '베이킹파우더', '초코칩', '다크초콜릿 적당량']"
7020781,"['우유', '강력분', '이스트', '생크림', '설탕', '소금', '무염버터']"
7020780,"['시금치', '소금', '맛소금', '갈은깨', '들기름', '다진마늘']"
7020779,"['우유', '계란', '설탕', '레몬즙']"
7020778,"['통밀가루', '강력분', '우유', '버터', '소금', '설탕', '이스트']"
7020777,"['휘핑크림', '설탕', '커피가루', '크림치즈', '시폰빵', '코코아가루', '토핑 재료 취향것']"
7020776,"['사각 어묵', '후추 약간']"
7020775,"['돼지고기찌개용', '큰 두부', '고추장', '들기름', '대파 넉넉히', '고춧가루', '다진마늘']"
7020774,"['청포묵', '대파 흰부분 조금', '조미김', '게맛살', '달걀', '당근 조금', '굵은소금', '진간장', '참기름', '간 깨']"
7020773,"['도토리묵', '계란', '부추 약간', '배추김치 넉넉히', '김가루 약간', '마른표고버섯', '코인육수', '참치액']"
7020772,"['브로콜리', '양파', '올리브오일', '죽염', '멸치액젓', '참기름', '다진마늘']"
7020771,"['콩나물', '볶은 당근 ', '맛소금', '마늘', '후추', '참기름']"
7020770,"['오곡찹쌀', '물']"
7020769,"['당근', '달걀', '어묵', '햄 약간', '김밥김', '소금 약간', '식초 약간']"
7020768,"['달걀', '새송이버섯', '미나리 약간', '당근 약간', '명란', '맛술', '생수', '소금']"
7020767,"['케일', '두부', '된장', '마늘', '고추', '대파', '육수코인']"
7020766,"['다진 소고기', '양파', '시금치', '표고버섯', '달걀', '밥', '식용유', '간장']"
7020765,"['루꼴라', '달걀', '방울 토마토', '올리브오일', '발사믹식초', '레몬즙', '소금', '후추 적당히', '치즈']"
7020764,"['튀김가루', '밀가루', '오징어', '냉동새우', '잘익은 김치', '차가운 물', '참치액', '식용유']"
7020763,"['에스프레소 추출물', '생크림', '우유', '로투스잼', '로투스 과자', '설탕']"
7020762,"['전복', '톳', '쌀', '미림', '참기름', '버터', '간장', '매실액', '들기름', '다진쪽파', '통깨', '올리고당', '고춧가루']"
7020761,"['전복', '참기름', '소금']"
7020760,"['호떡믹스', '소세지', '미지근한 물']"
7020759,"['호두', '캐슈넛', '아몬드', '스테비아', '올리고당']"
7020758,"['무', '대파', '굵은소금', '설탕', '고춧가루', '꽃게 액젓', '새우젓', '배', '다진 마늘', '다진 생강', '밥', '멸치육수']"
7020757,"['돼지고기등심', '시금치', '양파', '진간장', '다진마늘', '올리고당', '후추가루 조금', '생강술', '진간장', '올리브유', '올리고당', '참기름', '통깨 조금']"
7020756,"['순두부', '참치', '양파', '대파', '청양고추', '물', '코인 육수', '고춧가루', '고추장', '진간장', '액젓', '맛술', '다진 마늘', '설탕', '후추 약간']"
7020755,"['소고기 우둔살', '풋고추', '마늘', '물', '양파', '대파', '고기육수', '설탕', '간장', '올리고당', '맛술', '후춧가루']"
7020754,"['국수', '어묵', '김가루 조금', '대파', '멸치육수', '고추가루', '후추가루 조금']"
7020753,"['닭', '물', '대파', '양파', '대파 취향껏 (고명용)', '치킨파우더', '다진마늘', '후춧가루 약간', '소금 취향껏']"
7020752,"['귤', '탄산수 적당히', '꿀']"
7020751,"['새우', '밀가루', '튀김가루 적당히', '물', '달걀', '소금', '설탕']"
7020750,"['납작 어묵', '프랑크소시지', '양파', '대파', '포도씨유', '다진마늘', '굴소스', '진간장', '고추가루', '올리고당', '후추가루 아주조금', '참기름', '통깨 조금']"
7020749,"['건미역', '월동무', '두부', '청양고추', '들깨가루', '참치액', '생강술', '후추가루 조금', '소금 취향껏 (이나 국간장)']"
7020748,"['꽁치 통조림', '신김치나 묵은 김치', '대파', '양파', '청양고추', '홍고추', '식용유', '고추가루', '설탕', '다진 마늘', '통조림 국물', '물', '고추가루', '양조간장', '다진 마늘', '청주나 소주', '생강즙', '소금 약간', '후추 약간']"
7020746,"['새송이 버섯', '올리브 오일 적당히', '대파', '간장', '메이플시럽', '굴소스', '깨 조금']"
7020745,"['갓김치', '고추장2T', '설탕1T', '참기름1t', '통깨1t', '식초1/2T', '소면', '계란삶은거 ']"
7020744,"['청경채', '건새우', '굴 소스', '진간장', '맛술', '설탕', '참기름', '통깨']"
7020743,"['마른고사리', '참치액젓', '마늘', '들깨가루', '통깨 적당히']"
7020742,"['동물성 휘핑크림', '초코파우더', '얼음 적당량', '우유', '헤이즐넛시럽', '에스프레소']"
7020741,"['돼지등뼈', '감자', '새송이버섯', '대파', '홍고추', '청양고추', '고춧가루', '식용유', '월계수잎', '마늘', '말린 생강', '사과', '양파', '간장', '고추장', '고춧가루', '다진 마늘', '설탕', '맛술', '굴 소스', '물엿', '생강가루 약간']"
7020740,"['닭', '감자', '김치', '팽이버섯', '국수면', '대파', '마늘', '말린 생강', '통후추 약간', '고추장', '다진 마늘', '고춧가루', '멸치 액젓', '맛술', '국간장', '생강가루 약간']"
7020739,"['미역줄기', '양파', '당근', '진간장', '참기름', '다진마늘', '식용유']"
7020738,"['순살고등어', '삶은 무청시래기', '대파', '다진 홍고추', '멸치육수팩', '물', '된장', '들깨가루', '들기름', '맛술', '참치액', '고춧가루', '매실청', '후추', '소금', '다진마늘', '다진생강', '송송썬대파', '맛술', '후추 톡톡']"
7020737,"['닭가슴살', '레몬그라스', '라이스페이퍼', '파프리카', '당근', '양파', '오이', '소금.후추 약간씩', '땅콩잼', '간장', '꿀', '물']"
7020736,"['숙주나물', '굵은 소금', '대파', '홍고추', '다진마늘', '참치액젓', '참기름', '통깨']"
7020733,"['사각어묵', '양파', '당근 소량', '다진파', '다진마늘', '간장', '굴소스', '고춧가루', '식용유', '후춧가루 소량', '올리고당', '참기름', '깨']"
7020732,"['냉이', '멸치 다시마 육수', '된장', '청국장', '감자', '양파', '두부', '대파', '청양고추']"
7020731,"['소고기 다짐육', '말린 돌미역', '마늘', '물', '참기름', '국간장', '까나리액젓', '소금']"
7020730,"['돼지고기', '감자', '청양고추', '건버섯', '건호박', '두부', '된장', '쌀뜨물 적당히', '고춧가루', '다진마늘']"
7020729,"['브로콜리 줄기', '당면', '양파', '당근', '미나리', '다진 소고기', '양조간장', '설탕', '참기름', '참깨', '후추 약간']"
7020728,"['소고기 양지', '자른미역', '양파 작은것', '참기름', '마늘', '국간장', '물', '홍게 액젓']"
7020727,"['호두', '은행', '땅콩', '밤']"
7020726,"['순살 자반고등어', '양파', '브로콜리', '진간장', '참기름', '후추 톡톡 ', '두반장', '마늘', '생강즙', '참기름', '통깨']"
7020725,"['고향 만두', '식용유 넉넉하게', '설탕', '올리고당', '진간장', '케첩', '고추장', '다진 마늘', '물']"
7020724,"['감자', '대파', '양파', '홍고추', '청양고추', '식용유', '다진 마늘', '고춧가루', '고추장', '맛술', '진간장', '멸치액젓', '올리고당', '물', '참기름', '후추 약간', '통깨 약간']"
7020723,"['맛살', '사각어묵', '대파', '양파', '식용유', '다진 마늘', '설탕', '고춧가루', '고추장', '진간장', '굴소스', '올리고당', '참기름', '후추 약간', '통깨 약간']"
7020722,"['건미역', '참치캔', '물', '들기름', '다진 마늘', '국간장', '멸치 액젓', '소금 약간']"
7020721,"['감자', '소금', '후추 약간', '감자 전분', '파슬리가루 약간', '식용유 넉넉하게']"
7020720,"['밥', '고추참치', '베이컨', '대파', '양파', '당근 약간', '식용유', '진간장', '참기름', '후추 약간', '통깨 약간']"
7020719,"['구운 김', '계란', '대파', '홍고추', '물', '국간장', '멸치 액젓', '다진 마늘', '소금 약간']"
7020718,"['떡볶이떡', '트리플 소시지', '식용유', '파슬리가루 약간', '땅콩분태 약간', '설탕', '올리고당', '진간장', '케첩', '고추장', '다진 마늘', '물']"
7020717,"['떡국떡', '식용유 넉넉하게', '설탕', '물', '진간장']"
7020716,"['사각 어묵', '대파', '양파', '당근 약간', '식용유', '설탕', '진간장', '멸치 액젓', '굴소스', '올리고당', '참기름', '통깨 약간']"
7020715,"['밥', '김', '계란', '대파', '양파', '당근 약간', '베이컨', '소금', '마요네즈 적당량 ', '소금', '참기름', '으깬 통깨']"
7020714,"['고향 만두', '대파', '양파', '홍고추', '청양고추', '식용유 넉넉하게', '파슬리 가루 약간', '설탕', '식초', '진간장', '굴소스', '케첩', '다진 마늘', '물']"
7020713,"['돼지 LA갈비', '설탕', '배즙', '양파', '물', '진간장', '진간장', '설탕', '올리고당', '맛술', '다진 마늘', '생강가루', '참기름', '후추 약간']"
7020712,"['고구마', '양파', '당근', '쪽파', '튀김가루', '찬 물', '소금']"
7020711,"['당면', '사각 어묵', '느타리버섯', '콩나물', '양파', '깻잎', '홍고추', '청양고추', '식용유', '대파', '다진 마늘', '고춧가루', '물', '진간장', '굴소스', '매실청', '올리고당', '참기름', '통깨 약간', '후추 약간']"
7020710,"['사각 어묵', '깻잎', '계란', '소금', '부침가루', '식용유 넉넉하게']"
7020709,"['깻잎', '부침가루', '계란', '소금', '후추 약간', '식용유 넉넉하게', '두부', '참치캔', '대파', '양파', '당근 약간', '계란', '소금', '부침가루', '다진 마늘']"
7020708,"['노바시새우', '소금 약간', '후추 약간', '덧가루', '튀김가루', '탄산수', '식용유 넉넉하게']"
7020707,"['오징어', '소금 약간', '후추 약간', '덧가루', '튀김가루', '찬 물', '식용유 넉넉하게']"
7020706,"['고구마', '덧가루', '튀김가루', '찬 물', '소금', '식용유 넉넉하게']"
7020705,"['꽈리고추', '멸치', '술', '다진마늘', '식용유', '물', '진간장', '올리고당', '참기름', '통깨']"
7020704,"['노바시새우', '소금 약간', '후추 약간', '부침가루', '계란', '식용유 넉넉하게']"
7020703,"['시금치', '애호박', '당근 조금', '브로콜리', '토마토', '오이', '닭가슴살', '양파 조금', '허브솔트', '깨 조금', '파슬리가루 조금']"
7020702,"['밥', '어묵잡채', '김밥용김', '참기름 조금', '깨 조금']"
7020701,"['어묵', '목이버섯', '잡채용 고기', '파프리카 조금', '시금치', '양파', '당근 조금', '간장', '스테비아', '간장', '물', '스테비아', '다진마늘', '굴 소스']"
7020700,"['오징어', '시금치', '브로콜리 조금', '파프리카 조금', '당근 조금', '양파 조금']"
7020699,"['시금치', '계란', '양파 조금', '파프리카 조금', '당근 조금', '감자 조금', '죽염']"
7020698,"['브로콜리', '감자', '양파 조금', '대파 조금', '아보카도오일', '죽염', '참기름 조금', '깨 조금', '후추 조금']"
7020697,"['두부', '브로콜리', '알배추 작은것', '올리브오일', '멸치액젓', '참기름', '들깨가루']"
7020696,"['미역 말린것', '황태', '국간장', '멸치액젓', '다시다', '물', '다진마늘']"
7020695,"['당근', '죽염', '마늘', '올리브오일']"
7020693,"['건무청시래기', '대파 조금', '소금', '양조간장', '올리고당', '다진마늘', '고추가루', '포도씨유', '참기름', '통깨 조금']"
7020692,"['애호박', '양파', '포도씨유', '다진마늘', '새우젓', '깨소금']"
7020691,"['건애호박', '양조간장', '올리고당', '다진마늘', '후추가루 아주조금', '포도씨유', '참기름', '통깨 조금']"
7020690,"['무말랭이', '설탕', '고춧가루', '진간장', '액젓', '설탕', '다진마늘', '올리고당', '깨소금']"
7020689,"['삶은 고구마줄기', '대파 조금', '다진마늘', '소금', '다시다 조금', '후추가루 아주조금', '포도씨유', '들깨가루', '참기름', '통깨 조금']"
7020688,"['건곤드레나물', '대파 조금', '삶을때소금', '양조간장', '올리고당', '다진마늘', '다시다 조금', '후추가루 아주조금', '포도씨유', '참기름', '통깨 조금']"
7020687,"['무', '다진 대파', '들깨가루', '물', '참기름', '참치액젓', '소금']"
7020686,"['파스타면', '새우', '통마늘', '양파', '청양고추', '시금치', '고추기름', '굴소스', '큐브 치킨스톡', '물', '후추가루 약간', '파슬리가루 약간', '소금']"
7020685,"['무', '들기름', '다진마늘', '다진파', '홍고추', '파잎 조금', '생강가루 조금', '소금1/2t', '집간장']"
7020684,"['불린 표고버섯', '양파', '다진 대파', '다진 마늘', '국간장', '참기름', '들깨가루', '표고버섯불린 물', '통깨 약간']"
7020682,"['무', '사과', '고춧가루', '다진마늘', '설탕', '까나리액젓', '매실청', '식초', '참기름', '깨 왕창']"
7020681,"['파스타면', '토마토소스', '소고기 치마살', '오크리프 약간', '파슬리가루 약간']"
7020680,"['김', '공기밥', '대파 약간', '참기름', '간장', '통깨', '후춧가루 약간 ', '설탕 약간 ']"
7020679,"['순살 자반고등어', '전분가루', '카레가루', '땅콩', '케첩', '마요네즈', '진간장', '요리당', '참기름', '생수', '마늘', '맛술', '생강즙', '후추 톡톡 ']"
7020677,"['컵누들', '다진마늘', '동봉된스프', '굴소스', '간장', '대파 적당히', '올리고당', '밥']"
7020676,"['식빵', '당근 (잘게 자른)', '양파', '슬라이스 햄', '계란', '옥수수통조림', '양배추 (채 썬)', '버터', '마요네즈', '케첩', '비정제 사탕수수 설탕 ']"
7020675,"['두유', '다진아몬드 약간', '고구마', '두유', '연유', '꿀', '시나몬가루 약간']"
7020674,"['토마토소스', '방울토마토', '새송이버섯', '포두부', '양파', '다진마늘', '닭가슴살', '그릭요거트']"
7020673,"['닭다리', '양상추', '전분가루', '달걀', '소금 약간', '후추 약간', '생강가루 약간 (또는 생강즙)', '설탕', '식초', '간장', '생수', '다진마늘', '레몬즙 약간', '청양고추', '빨간고추', '청양고추', '미나리']"
7020672,"['무염버터', '계란흰자', '설탕', '꿀', '바닐라오일 약간', '아몬드가루', '박력분', '아몬드 크로칸트 적당량']"
7020671,"['쪽파', '김가루', '참기름', '참깨', '맛소금']"
7020670,"['두부', '양파', '청양고추', '대파', '다진 마늘', '고춧가루', '물', '참기름', '간장', '굴소스', '두반장', '맛술', '설탕', '후춧가루 약간', '전분가루', '물']"
7020669,"['팥', '찹쌀', '물', '소금']"
7020668,"['스파게티면', '토마토소스', '마늘', '냉동새우']"
7020667,"['식초', '설탕', '소금', '즉석밥', '와사비', '회 취향것']"
7020666,"['양파', '무', '대파', '홍고추', '청양고추', '새우젓', '간마늘', '국간장', '굵은 고춧가루']"
7020665,"['청양고추', '생마늘', '진간장', '설탕', '물엿', '고춧가루', '매실액', '통깨 탈탈', '미원 살짝']"
7020664,"['짜파게티', '양파', '돼지고기 다짐육 뒷다리살', '고추장']"
7020663,['대방어']
7020662,['곱창']
7020661,['초밥']
7020660,['향어회']
7020659,"['꼬막살', '국간장', '다진마늘', '맛술', '부추', '청양고추', '홍고추', '밀가루', '부침가루', '참기름', '들기름', '소금', '달걀', '생수']"
7020658,['딸기']
7020657,['샤브샤브밀키트 ']
7020655,"['새우', '청경채', '레몬즙', '설탕', '식초', '미림', '간장', '와사비 조금']"
7020654,"['연어 (먹을 만큼)', '양파', '사이다', '진간장', '레몬', '와사비 조금', '무순']"
7020652,"['소고기 우둔살', '당근 조금', '애호박 조금', '양파', '대파흰부분', '청양고추', '통마늘', '된장', '고추장', '설탕', '진간장', '맛술 조금', '고춧가루', '참기름']"
7020651,"['자반고등어', '식초', '밀가루', '식용유']"
7020649,"['통삼겹살', '콜라 (또는 펩시)', '진간장', '대파', '통마늘', '통후추']"
7020648,"['소고기 안심', '자른 미역', '물', '참기름', '국간장', '멸치액젓', '다진마늘']"
7020647,"['샤인머스켓', '밀가루']"
7020646,"['말린 호박', '새우가루', '표고버섯가루', '다시마가루', '들기름', '맛술', '굴소스', '진간장', '물엿', '다진마늘', '들깨가루', '다진쪽파', '참기름', '물']"
7020645,['붉은새우 ']
7020644,['마늘']
7020643,"['삶은 건취나물', '국간장', '다진 마늘', '참기름', '간 깨', '삶은 고구마줄기', '국간장', '다진 마늘', '참기름', '물', '간 깨']"
7020642,"['말린 시래기', '국간장', '진간장', '참치액', '물엿', '맛술', '들기름', '들깨가루', '참기름', '참깨', '다진마늘', '다진대파', '멸치육수', '소금 적당량']"
7020641,"['비엔나소시지', '사각어묵', '대파', '식용유 약간', '진간장', '굴소스', '알룰로스', '식초', '후추', '깨소금 약간']"
7020640,"['계란', '당근 조금', '깻잎', '포도씨유 조금', '가는소금']"
7020639,"['삶은 고사리', '멸치육수팩', '물', '멸치육수', '다진마늘', '송송썬대파', '국간장', '참치액', '진간장', '올리고당', '들기름', '들깨가루', '참깨', '참기름', '맛술']"
7020638,"['식빵', '계란', '마요네즈', '머스타드', '딸기잼', '상추', '치즈', '샌드위치햄', '사과']"
7020637,"['부추', '고춧가루', '설탕', '통깨', '액젓', '양파']"
7020636,"['모닝빵', '베이컨', '양파', '피자치즈', '토마토소스', '파슬리 약간', '통후추 약간']"
7020635,"['골뱅이', '진미채', '파채', '고춧가루', '조청', '참기름', '갈치액젓', '통깨', '소면']"
7020634,"['반숙란', '건참송이 버섯', '마늘', '간장', '물', '생강청', '매실액', '술']"
7020633,"['황태채 크게', '두부', '무 약간', '팽이버섯 약간', '대파', '다진마늘', '코인육수', '들기름', '액젓']"
7020632,"['마늘', '면', '새우', '올리브유 적당량', '참치액', '소금', '페페론치노', '후추 적당량']"
7020631,"['팽이버섯', '다진 마늘', '굵은 고춧가루', '진간장', '참치액', '고추장', '물']"
7020630,"['돼지갈비', '양파', '대파', '당면', '간장', '식초', '고추가루', '설탕', '참치액', '토마토케첩', '다진마늘', '소금', '후추', '물']"
7020629,"['청국장', '애호박', '표고버섯', '양파', '묵은지', '두부', '코인 육수', '소금 약간']"
7020628,"['까망베르치즈', '마늘2알', '파스타면', '올리브오일', '썬드라이토마토', '소금', '후추']"
7020627,"['미나리 크게', '삼겹살 인원수대로']"
7020626,"['김치', '참치캔', '물', '버섯 조금', '식용유', '다진마늘', '파', '국간장', '참치액', '쇠고기다시다', '소금 살짝', '후추 살짝']"
7020625,"['비엔나', '양파', '애호박', '밥', '굴소스', '소금 조금', '깨 조금']"
7020624,"['시금치', '숙주', '시래기', '고구마줄기', '취나물', '토란대', '오가피', '멸치액젓', '표고버섯가루', '육수', '마늘', '참기름', '깨소금 약간', '찹쌀1', '잡곡1', '귀리', '기장', '수수', '검은쌀', '팥', '물 조금 ']"
7020623,"['스팸', '계란', '김밥김', '참기름', '설탕', '식초', '참깨', '소금', '밥']"
7020622,"['새송이버섯', '양파', '청양고추', '홍고추', '물', '진간장', '설탕', '다시마', '식초', '맛술']"
7020621,"['찹쌀', '밥', '대추', '잣', '식용류', '꿀', '흑설탕', '갈색설탕', '간장']"
7020620,"['팽이버섯', '계란', '대파', '양파', '당근', '홍고추', '소금', '식용유 적당히', '후추 톡톡 ', '케첩 적당히']"
7020619,['고구마']
7020618,"['감자', '소금 조금', '고추장아찌 조금']"
7020616,"['메추리알', '고추장', '깨']"
7020615,"['만두', '떡국떡', '대파', '달걀', '소금', '식용유', '김가루 (선택재료)', '사골육수 팩', '물', '다진 마늘', '소금 약간', '후추 약간']"
7020614,"['시금치', '멸치육수', '계란', '대파', '두부', '맛술', '국간장', '멸치액젓', '소금 약간', '후추 약간']"
7020613,"['가래떡', '다진소고기', '잣', '진간장', '참기름', '진간장', '다진파', '다진마늘', '참기름', '황설탕', '후추 약간', '물', '진간장', '황설탕']"
7020612,"['고사리나물', '취나물', '시래기 나물', '호박나물', '가지나물', '무나물', '식용유', '들기름', '국간장', '다진 마늘', '설탕', '만능 양념', '진간장', '들깻가루', '물', '참기름', '통깨', '대파', '만능 양념', '들깻가루', '대파', '된장물', '식용유', '들기름', '대파', '다진마늘', '물', '국간장', '진간장', '참기름', '통깨', '실고추', '물', '소금', '식용유', '들기름', '다진마늘', '대파', '설탕', '물', '참기름', '통깨']"
7020611,"['초벌 부추', '식초', '양파', '간 마늘', '어간장', '스테비아 설탕', '식초', '매실액', '굵은 고춧가루', '고운 고춧가루', '참기름']"
7020610,"['롤 유부초밥', '묵은지', '밥']"
7020609,"['닭다리', '소금 조금', '후추 조금', '물', '간장', '설탕', '맛술', '다진마늘', '올리고당', '식용유 넉넉히']"
7020608,"['말린가지', '대파', '진간장', '참치액', '다진마늘', '올리고당', '생강술', '후추가루 아주조금', '포도씨유', '참기름', '통깨 조금']"
7020607,"['멸균 우유', '레몬즙', '소금']"
7020606,"['말린 문어', '대파', '홍고추', '마늘', '맛술', '참기름', '생강즙', '소금', '후추 톡톡 ']"
7020605,"['말린가지', '멸치 다시마육수', '들깨가루', '깨소금 약간', '들기름', '국간장', '어간장', '맛술', '간마늘', '다진파', '설탕']"
7020604,"['찹쌀', '팥', '수수', '기장', '검은콩', '깐 밤', '물 (팥 삶은물+콩불린물)', '소금']"
7020603,"['계란', '물', '소금 조금 ']"
7020602,['고구마']
7020601,"['글루텐프리 믹스', '아몬드가루', '베이킹파우더', '쑥가루', '포도씨유', '소금', '비정제설탕', '애플소스', '다크 초콜릿칩', '토핑용 구운 피칸 적당량']"
7020600,"['찰 기장 쌀', '찰수수', '검은콩', '팥', '찹쌀', '쌀', '물', '소금']"
7020599,"['가오리', '도라지', '배', '미나리', '고추장', '고춧가루', '감식초', '쌀조청', '마늘', '참기름', '깨소금', '소금 약간', '설탕', '굵은소금', '가오리 몸통', '봄동', '된장', '청양초', '마늘 약간']"
7020598,"['호박', '두부', '실파', '홍초', '계란', '부침가루', '표고버섯가루', '멸치액젓', '통깨', '식용유 약간']"
7020597,"['감자', '밀가루', '달걀', '피자치즈 살짝']"
7020596,"['애호박', '굴', '달걀', '부침가루', '아보카도유 약간']"
7020595,"['찹쌀가루', '연양갱', '카스텔라', '설탕', '소금', '뜨거운 물']"
7020594,"['박력분', '설탕', '베이킹파우더', '옥수수전분', '우유', '녹인버터', '달걀', '소금 약간', '바닐라익스트랙']"
7020593,"['삶은시래기', '무', '청양고추', '홍고추', '물', '대파', '들깨가루', '다시육수팩', '된장', '고춧가루', '다진마늘', '국간장']"
7020592,"['포두부 두부면', '양파', '당근 약간', '계란', '물', '다시마', '집간장', '맛간장', '참기름', '고춧가루']"
7020591,"['소고기 다짐육', '양송이버섯', '느타리버섯', '당근', '양파', '밥', '다진 대파', '국간장', '굴소스', '참기름', '통깨 약간', '식용유']"
7020590,"['얼음 적당량', '우유', '버터스카치시럽', '에스프레소']"
7020589,"['전복', '무염버터', '마늘', '아기굴소스']"
7020588,"['등갈비', '양파', '대파', '물엿', '맛술', '진간장', '설탕', '다진 마늘', '고춧가루', '후춧가루 약간', '물']"
7020587,"['감자', '스팸', '당근 소량', '양파 소량', '다진마늘', '식용유', '참기름', '깨소금']"
7020586,"['브로콜리', '새송이버섯', '소금', '가는소금', '들깨가루', '참기름']"
7020585,"['떡볶이떡', '오일', '대파', '고춧가루', '올리고당', '간장', '설탕']"
7020584,"['자른미역', '국거리 소고기', '물', '참기름', '국간장', '마늘', '참치액', '쇠고기 다시다', '소금 약간']"
7020583,"['두부', '스팸', '대파 적당히', '고춧가루', '다진마늘', '진간장', '설탕', '고추장', '들기름', '올리고당', '참치액']"
7020582,"['에스프레소', '우유', '얼음']"
7020581,"['삼겹살', '대파', '맛술', '밥', '물', '범일 쌈장', '고춧가루', '설탕', '다진마늘', '참기름 약간']"
7020580,"['천혜향', '꿀']"
7020579,"['배춧잎', '소고기 불고기용', '당근', '크리미 버섯', '미나리 줄기 약간', '육수코인', '액젓', '채수']"
7020578,"['애호박', '당근', '양파', '파', '마늘', '새우젓', '소고기다시다', '식용유']"
7020577,"['건미역', '소고기양지', '참기름', '들깨가루', '국간장', '다진 마늘', '참치액', '쌀뜨물']"
7020576,"['감자', '양파', '리챔', '카레가루']"
7020575,"['두부', '쪽파', '통깨', '참기름', '들기름', '간장', '다진마늘', '고춧가루', '통깨', '참기름', '굴소스', '후춧가루 약간 ']"
7020574,"['브로콜리', '물', '소금']"
7020573,"['전복', '전복내장', '쌀', '찹쌀', '물']"
7020572,"['전복', '건미역', '채수', '다진마늘', '아기국간장', '들깨가루']"
7020571,"['시금치', '당근', '소금', '된장', '땅콩버터', '매실청', '참기름', '깨소금 약간']"
7020570,"['봄동', '굵은 소금', '된장', '고추장', '다진마늘', '참기름', '통깨']"
7020569,"['전복', '스파게티', '면수', '미소된장', '다진마늘', '올리브오일', '루꼴라']"
7020568,"['새조개', '키조개관자', '시금치', '조개멸치 육수', '멸치액젓', '다진마늘', '물', '밥', '계란', '참기름']"
7020567,"['말린 무청시래기', '물', '소금']"
7020566,"['김', '튀김가루', '계란', '식용유', '잡채', '물 약간']"
7020565,"['계란', '물', '우유', '소금', '다시다', '대파 약간 (또는 쪽파)', '통깨', '참기름']"
7020564,"['메추리알', '물', '진간장', '설탕', '마늘 적당량', '꽈리고추 적당량']"
7020563,"['스팸', '모짜렐라 치즈']"
7020562,"['두부', '대파', '대패삼겹살', '고춧가루', '진간장', '설탕', '물', '간마늘', '청양고추', '새우젓']"
7020561,"['찹쌀', '맵쌀', '삶은 팥', '서리태', '찰기장', '찰수수', '귀리', '소금', '팥삶은 물', '서리태불린 물']"
7020560,"['미나리', '바지락살', '홍고추', '부침가루', '물', '식용유']"
7020559,"['소고기 차돌박이 적당량', '아삭이고추', '스트링치즈', '간장', '굴소스', '맛술', '매실액', '설탕', '다진마늘', '물', '소금 약간', '후춧가루 약간']"
7020558,"['훈제오리 고기', '쪽파', '홍 파프리카', '노란 파프리카', '양파', '통 마늘', '올리브오일', '소금', '통깨 솔솔 ']"
7020557,"['생굴', '알배기 배추잎', '무', '부추', '청양고추', '홍고추', '부추', '새우젓1스푼', '들기름', '꽃소금', '마늘1개', '소금', '물1200ml', '천일염', '무즙 ']"
7020556,"['조기', '무', '양파', '대파', '고추', '물', '고춧가루', '다진 마늘', '생강 약간', '소금', '코인 육수', '소주']"
7020555,"['피마자 삶은것', '다진파', '국간장', '다진마늘', '참치액', '들기름', '깨 간거', '다시마육수']"
7020554,"['취나물 (말린거)', '다래순 (말린거)', '가지 (말린거)', '호박 (말린거)', '토란대 (말린거)', '무우', '콩나물', '대파', '육수', '다진마늘', '소금', '깨소금', '들기름', '국간장', '다진마늘', '설탕']"
7020553,"['곤드레 나물', '대파', '국간장', '참치 액', '다진 마늘', '들기름', '참치 액', '들깨가루', '다시마 육수']"
7020552,"['오징어', '굴', '무', '대파 썬 것', '청양고추', '홍고추', '동전 육수', '국간장', '참치 액', '다진 마늘', '참기름', '후추 약간', '물']"
7020551,"['양배추', '베이컨', '통마늘', '대파', '식용유', '굴소스', '소금', '후춧가루 톡톡', '깨소금']"
7020550,"['식빵', '양배추', '달걀', '마가린 조금', '맛소금 살짝', '설탕', '치즈', '허니머스타드', '케첩', '연유 스프레드 적당히']"
7020549,"['햄', '청양고추', '밥', '다진마늘', '소고기 다시다', '참기름', '깨', '단무지']"
7020548,"['표고버섯', '꽈리고추', '홍고추', '양파', '진간장', '참치액', '맛술', '물엿', '다진마늘', '후추 톡톡']"
7020547,"['닭', '당면', '양파', '대파', '페페론치노', '다진마늘', '미림', '간장', '굴소스', '설탕', '올리고당', '후춧가루 소량', '물', '참기름', '깨']"
7020546,"['새송이버섯', '부침가루', '계란', '소금', '식용유 넉넉하게']"
7020545,"['쥐포 大', '덧가루', '튀김가루', '카레가루', '물', '식용유 넉넉하게']"
7020544,"['햄', '맛살', '단무지', '새송이버섯', '쪽파 적당량', '계란', '소금', '부침가루', '식용유 넉넉하게']"
7020543,"['김치', '두부', '오일', '고추가루', '설탕', '밥', '참기름', '도시락 김', '통깨 약간']"
7020542,"['동태포', '홍고추', '청양고추', '소금 약간', '후추 약간', '부침가루', '계란', '식용유 넉넉하게']"
7020541,"['돼지갈비', '떡국떡', '대파', '양파', '당근', '감자', '표고버섯', '청양고추', '물', '통깨 약간', '설탕', '월계수잎', '된장', '배즙', '설탕', '올리고당', '고춧가루', '다진 마늘', '맛술', '진간장', '멸치 액젓', '참기름']"
7020540,"['청포묵', '대파', '조미김', '소금', '설탕', '진간장', '참기름', '으깬 통깨']"
7020539,"['쥐포 大', '설탕', '고춧가루', '고추장', '물', '맛술', '진간장', '다진 마늘', '올리고당', '참기름', '통깨 약간']"
7020538,"['돼지고기 앞다리살', '부침가루', '계란', '맛술', '소금 약간', '후추 약간', '식용유 넉넉하게', '물', '식초', '진간장', '설탕', '고춧가루', '양파', '청양고추']"
7020537,"['건미역', '황태채', '참기름', '미역 불려놓은 물', '다진마늘', '국간장', '까나리액젓', '소금', '깨소금', '다시다']"
7020536,"['얇은사각 어묵', '양파', '당근 약간', '올리브오일', '다진마늘', '진간장', '올리고당', '참기름', '통깨']"
7020535,"['사각어묵', '시금치', '계란', '단무지', '우엉', '김밥용 김', '밥', '소금 적당량 ', '참기름 적당량 ', '으깬 통깨 적당량 ', '소금', '식용유 약간', '국간장', '참기름', '으깬 통깨', '식용유', '다진 마늘', '설탕', '고춧가루', '물', '진간장', '굴소스', '올리고당', '참기름']"
7020534,"['참치캔', '무', '대파', '청양고추', '홍고추', '물', '통깨 약간', '설탕', '고춧가루', '진간장', '맛술', '다진 마늘', '들기름', '통깨 약간']"
7020533,"['계란', '밥', '부추 약간', '물', '참기름', '통깨 약간']"
7020532,"['계란', '양파', '홍고추', '청양고추', '굵은소금', '식초', '물', '진간장', '멸치 액젓', '설탕', '올리고당', '으깬 통깨', '후추 약간']"
7020531,"['새우살', '건미역', '물', '들기름', '다진 마늘', '국간장', '멸치 액젓', '들깨가루', '소금 약간']"
7020530,"['두부', '전분가루', '식용유', '땅콩분태 약간', '파슬리가루 약간', '설탕', '올리고당', '고춧가루', '고추장', '진간장', '케첩', '다진 마늘', '물']"
7020529,"['신김치', '참치', '고춧가루', '물', '다시다', '참기름', '통깨']"
7020528,"['돼지 안심', '청양고추', '대파', '마늘', '된장', '생강가루 약간 (또는 다진 생강)', '통후추 약간', '물', '간장', '맛술', '설탕', '물엿', '물']"
7020527,"['떡국떡', '사각어묵', '소시지', '대파', '물', '통깨 약간', '설탕', '고춧가루', '고추장 듬뿍', '진간장', '멸치 액젓']"
7020526,"['식빵', '크래미', '양파', '로메인', '오이 피클', '마요네즈', '머스터드소스', '후춧가루 약간']"
7020525,"['쌀국수', '분말스프', '차돌박이', '숙주', '고수잎 약간', '레몬슬라이스', '다진 쪽파', '해선장 약간', '물', '양파', '식초', '설탕', '소금', '피시소스']"
7020524,"['훈제오리', '양파', '알배추', '감자', '통마늘', '통후추 살짝', '스리라차소스', '머스타드소스']"
7020523,"['양배추', '참치', '조미김 약간', '계란 후라이', '고춧가루', '식초', '스테비아 설탕', '다진마늘', '소금']"
7020522,"['소고기 차돌박이', '감자', '양파', '당근', '깡통햄', '카레가루', '다진 쪽파', '물', '밥', '포도씨유']"
7020521,"['순 닭가슴살', '마늘', '식용유', '청양고추', '양파', '대파', '소금 약간', '후춧가루 약간', '간장', '설탕', '올리고당', '생강술']"
7020520,"['밀가루 중력분', '소금', '카놀라유', '계란', '물']"
7020519,"['감자', '애호박', '당근', '표고버섯', '양파', '대파', '다진마늘', '멸치', '다시마', '참치액젓', '국간장']"
7020518,"['양파', '청양고추', '식초', '간장', '설탕']"
7020517,"['맛조개', '피망', '고수', '간장', '맛술', '다진마늘', '굴소스']"
7020516,"['소고기 불고기용', '간장', '청주', '다진 마늘', '참기름', '후추', '매실청', '설탕', '대파', '팽이 버섯']"
7020515,"['부지갱이 건나물', '들기름', '간마늘', '멸치다시다', '국간장']"
7020514,"['프랑크소세지', '양파 작은 것', '파프리카', '식용유', '설탕', '케첩', '통깨 약간']"
7020513,"['소고기 불고기용', '알배추', '양파', '표고버섯', '당근', '대파', '당면', '간장', '배음료', '설탕', '맛술', '다진 마늘', '참기름', '후추 약간', '다시마', '코인육수', '맛술', '소금 약간', '물']"
7020512,"['김밥용 단무지', '우엉', '스팸', '소금', '참기름', '김', '밥']"
7020511,"['곤약', '당근', '파프리카', '오이', '마요네즈', '후추', '소금', '유자청']"
7020510,"['감자', '명란젓', '양파', '대파', '두부', '코인육수', '들기름', '후추 약간', '고춧가루', '설탕', '고추장', '된장', '국간장', '맛술', '다진마늘']"
7020509,"['소고기 다짐육', '또띠아', '상추', '양파 소량', '방울토마토', '체다 치즈', '소금 후추 소량', '버터 소량', '마요네즈', '토마토케챱', '홀그레인 머스타드', '올리고당']"
7020508,"['닭가슴살', '노랑 파프리카', '빨강 파프리카', '시금치', '모짜렐라치즈', '소금 약간', '후추 약간', '올리브유 약간', '우유', '간장', '설탕', '맛술', '물', '전분']"
7020507,"['당근', '식초', '물', '설탕', '소금', '계란', '소금 약간', '사각어묵', '참기름', '식용유', '간장', '청주', '매실청', '청양고추', '데친 시금치', '국간장', '참기름', '간 깨', '밥', '참기름', '소금', '통깨', '김밥김']"
7020506,"['노른자', '바나나맛 우유', '바닐라오일 약간', '옥수수전분', '설탕 적당량']"
7020505,"['무', '대파', '양파 중', '마늘', '고춧가루', '소금', '조미료', '새우젓', '액젓', '밀가루', '굵은 소금', '생강']"
7020504,"['훈제 목살', '김장김치', '대파 조금', '고추가루', '다진마늘', '설탕', '후추가루 조금', '생강술', '국간장 조금 (이나 소금)']"
7020503,"['삶은계란', '마요네즈', '머스타드', '설탕', '소금']"
7020502,"['구운 파래김 ', '콩나물', '대파 조금', '가는소금', '참기름', '통깨 조금']"
7020501,"['짜장라면', '대파', '식용유']"
7020500,"['리챔', '양파', '대파 넉넉히', '통깨', '통마늘', '굴소스']"
7020499,"['건고사리', '물', '소금']"
7020498,"['강력분', '인스턴트드라이이스트', '소금', '탈지분유', '포도씨유', '블루베리 시럽', '물', '동결건조 블루베리']"
7020497,"['무', '고춧가루', '양파', '새우젓', '다진마늘', '간생강', '멸치액젓', '설탕', '소금', '찹쌀가루', '물']"
7020496,"['삶은 곤드레나물', '쌀', '물', '국간장', '들기름', '홍고추', '대파', '간장', '고춧가루', '다진마늘', '맛술', '설탕', '들기름', '통깨']"
7020495,"['청경채', '마늘3알', '홍고추', '청양고추', '대파', '식초', '굴소스', '간장', '맛술', '올리고당', '후춧가루', '오일', '참기름', '통깨 조금']"
7020494,"['무', '멸치육수', '고춧가루', '진간장', '다진마늘', '맛술', '설탕', '대파', '들기름', '깨소금', '후추 조금']"
7020493,"['카레', '양파', '당근', '냉동 야채믹스', '돼지고기 등심', '생수', '식용유', '계란 인원수대로 (또는 미니돈까스)', '밥 인원수대로']"
7020492,"['만두피', '밀가루', '소금 조금', '코인육수', '가쓰오부시', '멸치액젓', '다진마늘', '썬파', '후추']"
7020491,"['케일 작은것', '사과', '바나나', '물']"
7020490,"['돼지고기 다짐육', '소금 약간', '후추 약간', '수삼']"
7020489,"['삶은 곤드레나물', '대파', '국간장', '들기름', '다진마늘', '액젓', '멸치육수']"
7020488,"['꼬막', '간장', '다진마늘', '대파', '고추', '당근 약간', '생강청', '매실액']"
7020487,"['오징어', '부추 크게', '당근 약간', '밀가루', '물', '소금', '달걀']"
7020486,"['LA갈비', '배', '양파', '생강', '마늘', '간장', '맛술', '매실청', '설탕', '후추 약간']"
7020485,"['무 중 사이즈', '고춧가루', '설탕', '식초', '액젓', '소금', '간마늘', '양파', '대파']"
7020484,"['두부', '양파 중간크기', '대파', '청양고추', '진간장', '올리고당', '케찹', '다진마늘', '설탕', '고운 고춧가루', '고추장', '맛술', '물', '후추 약간', '통깨 약간']"
7020483,"['물', '동전육수', '새우살', '양파', '송송썬대파', '애호박', '고추가루', '집된장', '다진마늘', '국간장', '청양고추']"
7020482,"['소고기 불고기용', '설탕', '다진 마늘', '멸치액젓', '양파', '대파', '느타리버섯', '표고버섯', '양송이버섯', '새송이버섯', '물', '국간장']"
7020481,"['삶은 닭가슴살', '고형 고체 카레', '감자', '양파', '애호박', '당근', '식용유', '물']"
7020480,"['파프리카', '대파', '고추장', '통깨', '설탕', '고춧가루', '간마늘', '참기름']"
7020479,"['애호박', '양파', '소금 조금', '튀김가루', '물 조금', '얼음', '간장', '식초', '고추가루']"
7020478,"['고구마줄기 삶은것300g', '다진파', '국간장', '참치액', '다진마늘', '들기름', '들깨가루', '다시마육수']"
7020477,"['달걀', '김밥용햄', '대파', '밥', '진간장', '굴소스', '식용유', '맛소금']"
7020476,"['고등어', '카레', '오일', '들기름']"
7020475,"['삶은 취나물', '다진파', '국간장', '참치액', '진간장', '다진마늘', '들기름', '들깨가루', '다시마육수']"
7020474,"['시래기 삶은것', '대파', '국간장', '참치액', '진간장', '다진마늘', '들기름', '들깨가루', '다시마육수']"
7020473,"['말린 호박', '다시마 우린 물', '간 마늘', '다진 대파', '액젓', '맛술', '들기름', '깨소금', '참기름', '통깨']"
7020472,"['손질한 냉이', '다진 마늘', '다진대파', '고추장', '참치액젓', '설탕', '들기름', '통깨 적당량']"
7020471,"['호박고지 데친것250g', '다진파', '국간장', '참치액', '다진마늘', '들기름', '들깨가루', '다시마우린 물']"
7020470,"['삶은 가지200g', '다진파', '국간장', '참치액', '진간장', '다진 마늘', '들기름', '들깨가루', '다시마육수']"
7020469,"['봄동', '튀김가루', '부침가루', '물', '참치액']"
7020468,"['말린 가지', '간 마늘', '다진 대파', '국간장', '맛술', '들기름', '깨소금', '참기름', '통깨']"
7020467,"['양지', '진간장', '다진마늘', '황설탕', '청주', '참기름', '후추 조금 ', '떡국떡200g', '만두', '소고기육수400ml', '국간장', '다진마늘', '떡국꾸미', '후추 ', '소고기 ', '계란지단 ', '조미김', '대파 썬 것']"
7020466,"['사골육수', '대파', '닭가슴살']"
7020465,"['두부', '대파', '양파', '청양고추', '물', '참기름', '통깨 약간', '진간장', '맛술', '고춧가루', '설탕', '다진 마늘', '소금 약간', '후춧가루 약간']"
7020464,"['시금치페스토', '라면사리', '물', '우유']"
7020463,"['순두부', '대파', '소고기 다짐육', '마늘', '오일', '두반장', '고추가루', '설탕', '양조간장', '물']"
7020462,"['메주', '소금', '물', '숯', '대추', '말린 홍고추']"
7020461,"['알배추', '다진마늘', '양파', '사과', '배', '소금', '물']"
7020460,"['방울토마토', '양파', '소금 톡톡', '후추 톡톡', '올리브오일', '꿀1t', '레몬즙']"
7020459,"['에스프레소', '우유', '얼음']"
7020458,"['파스타면', '고사리', '대파', '양파', '마늘', '올리브유 약간', '들깨가루', '들기름', '소금 적당량']"
7020457,"['냉동새우', '당근 다진것', '호박 다진것', '팽이버섯 다진것', '빵가루', '계란', '맛술', '소금 약간', '후추 약간']"
7020456,"['당면', '표고버섯', '돼지고기 잡채용', '당근', '양파', '부추', '물', '간장', '설탕', '맛술', '식용유', '맛술', '간장', '참기름', '후추 약간', '다진 마늘']"
7020455,"['황태채', '달걀', '콩나물', '무', '대파', '쌀뜨물', '다진 마늘', '참치액', '국간장', '소금', '들기름']"
7020454,"['건 고구마줄기', '다시마우린 물', '간 마늘', '다진 대파', '국간장', '맛술', '들기름', '깨소금', '들깨가루', '참기름', '통깨']"
7020453,"['햄', '팽이버섯', '대파', '피망', '노란 파프리카', '빨간 파프리카', '식용유', '다진마늘', '굴소스', '참기름', '볶은참깨']"
7020452,"['삶은 시래기', '다시마 우린 물', '간 마늘', '된장', '국간장', '맛술', '매실청', '들기름', '치킨스톡', '깨소금', '들깨가루', '참기름', '통깨']"
7020451,"['찹쌀', '수수', '차조', '팥', '검은콩', '물']"
7020450,"['찹쌀', '맵쌀', '혼합 잡곡', '검은콩', '흰콩', '팥', '깐밤', '소금', '물', '(물 팥삶은 물)']"
7020449,"['파', '마늘', '대패삼겹살', '팽이버섯', '숙주', '청양고추', '후추 톡톡', '맛술', '굴소스', '간장']"
7020448,"['참치캔', '신 김치', '대파', '양파', '두부', '다진 마늘', '물', '설탕', '고춧가루', '진간장', '참기름', '후추 약간', '통깨 약간']"
7020447,"['삼겹살', '설탕', '대파', '양파', '당근', '표고버섯', '홍고추', '청양고추', '배즙', '고춧가루', '고추장', '맛술', '진간장', '멸치 액젓', '다진 마늘', '참기름', '후추 약간', '통깨 약간']"
7020446,"['베이컨', '양배추', '대파', '당근', '청양고추', '식용유', '다진 마늘', '진간장', '굴소스', '후추 약간', '통깨 약간']"
7020445,"['우동사리', '새우살', '베이컨', '대파', '양파', '양배추', '빨간 파프리카', '노란 파프리카', '파슬리가루 약간', '통깨 약간', '식용유', '다진 마늘', '설탕', '고춧가루', '진간장', '멸치 액젓', '맛술', '굴소스', '참기름', '후추 약간']"
7020444,"['등갈비', '모짜렐라치즈 적당량 ', '스위트콘 적당량 ', '파슬리가루 약간', '설탕', '월계수잎', '통후추', '배즙', '고춧가루', '고추장', '맛술', '진간장', '매실청', '다진 마늘', '후추 약간', '물', '올리고당']"
7020443,"['사각어묵', '양파', '홍고추', '청양고추', '식용유', '통깨 약간', '다진 마늘', '설탕', '고춧가루', '물', '맛술', '진간장', '멸치 액젓', '고추장', '참기름', '올리고당']"
7020442,"['떡볶이떡', '대파', '식용유', '통깨 약간', '흑설탕', '고춧가루', '진간장', '다진 마늘', '참기름']"
7020441,"['두부반모', '달걀', '대파', '식은밥', '진간장']"
7020440,"['익힌 닭가슴살', '누룽지', '카레가루', '당근', '양파', '물', '식용유']"
7020439,"['양배추', '참치통조림 작은거', '식용유', '진간장', '맛술', '올리고당', '다진마늘']"
7020438,"['당면', '사각어묵', '양파', '당근', '부추', '식용유', '소금', '물', '간장', '설탕', '식용유', '다진 마늘', '참기름', '후추 약간', '통깨']"
7020437,"['딸기', '찹쌀떡']"
7020436,"['식빵', '딸기', '머스타드 약간', '버터 약간', '슬라이스 치즈', '슈가파우더 약간']"
7020435,"['분홍소세지', '단무지', '달걀', '구운 김밥김', '당근', '맛살', '시금치', '소금', '참기름', '밥', '소금 약간', '참기름 약간', '깨소금 약간', '맛술', '소금']"
7020434,"['고구마', '전분가루', '우유', '꿀', '검은깨']"
7020433,"['비엔나소세지', '양파', '파프리카', '올리브오일', '다진마늘', '굴소스', '올리고당', '후춧가루 약간', '통깨']"
7020432,"['떡볶이떡', '얇은 어묵', '대파', '물', '고춧가루', '다시다', '설탕', '삶은 계란']"
7020431,['고구마']
7020430,"['풀무원 생청국장', '두부', '김치', '양파', '청양고추', '홍고추', '애호박', '새송이버섯', '대파', '멸치코인육수', '물', '고춧가루']"
7020429,"['두부', '양송이', '당근', '양파', '파', '계란', '소금 소량', '후추 소량', '부침가루', '진간장', '물', '맛술', '케첩', '올리고당', '굴소스', '양파 소량', '양송이버섯']"
7020428,"['식빵', '상추', '생새우', '버터', '머스타드소스 약간', '그라노파다노 치즈 약간', '소금', '후추', '맛술', '버터 약간', '바베큐소스', '케첩', '물', '후추 약간']"
7020427,"['미니 족발', '돼지 앞다리살', '레드와인', '쌍화탕', '소주', '양조간장', '굴소스', '노두유', '쌀엿', '생강청', '백 후추', '흑 후추', '통마늘', '양파', '대파', '월계수잎']"
7020426,"['스팸', '고구마', '김치', '식용유', '굴소스', '계란 프라이용', '계란 스크램블용', '깨', '밥']"
7020425,"['오징어', '당근', '양파', '파', '청양고추', '식용유', '설탕', '간장', '참기름', '후추', '다진마늘']"
7020424,"['쭈꾸미', '대파', '양파', '홍고추', '청양고추', '참기름', '통깨 약간', '밀가루', '굵은소금', '고춧가루', '고추장', '진간장', '황설탕', '올리고당', '맛술', '생강술', '다진마늘', '후추 약간']"
7020423,"['팥앙금', '한천가루', '물', '설탕', '물엿', '소금 약간']"
7020422,"['양배추', '무', '비트 조금', '무', '물', '매실액', '식초', '타트체리 원액']"
7020421,"['오이', '양파', '고춧가루', '다진마늘', '깨', '식초', '올리고당', '액젓', '설탕', '고추장']"
7020420,"['미역줄기', '대파', '다진마늘', '깨', '식용유']"
7020419,"['닭 안심', '전분가루 조금', '간장', '설탕', '미림', '물', '물엿', '베트남고추 (또는 페페론치노)']"
7020418,"['건갈치', '물', '후추 약간', '설탕', '다진마늘', '다진대파', '고추가루', '고추장', '국간장']"
7020417,"['연근', '식초', '소금', '물', '간장', '설탕', '올리고당', '깨', '물']"
7020416,"['레드와인', '쌍화탕', '사과', '레몬', '생강', '시나몬스틱', '설탕']"
7020415,"['돼지고기', '돼지기름', '김치 적당히', '쌀뜨물', '고춧가루', '간장', '설탕 조금', '식초 조금', '소금 조금', '대파', '두부']"
7020414,"['무', '양파', '식초', '액젓', '식초', '고춧가루', '깨', '설탕', '올리고당', '소금']"
7020413,"['양배추 적당히', '양파', '팽이버섯', '청양고추', '대파', '다진마늘', '올리브 오일 적당히', '붉은 새우', '볶음짬뽕 소스', '깨 넉넉히']"
7020412,"['두부', '옥수수콘', '방울토마토', '어린잎채소', '달걀', '소금 약간', '식초', '플레인요거트', '마요네즈', '레몬즙']"
7020411,"['박력분', '버터', '설탕', '물', '달걀', '소금']"
7020410,"['칼국수면', '떡국떡', '건매생이', '멸치육수', '조갯살', '홍합살', '대파', '다진마늘', '맛술', '후추 조금']"
7020409,"['통삼겹살', '가는소금 넉넉히', '후추 넉넉히']"
7020408,"['갓김치', '설탕', '참기름', '소면', '오이', '계란', '냉면농축액', '물', '김치국물']"
7020407,"['배추', '쪽파', '다진마늘', '고추가루', '배즙', '까나리액젓', '참치액']"
7020406,"['애호박', '느타리', '당근', '참깨', '참기름', '소금', '맛소금']"
7020405,"['스팸 작은 것', '양파', '당근', '대파', '밥', '범일 고추장', '간장', '알룰로스', '참기름', '통깨 약간']"
7020404,"['얼음 적당량', '오트밀크', '바닐라시럽', '에스프레소']"
7020403,"['또띠아', '찐 고구마 중간크기', '버터', '모차렐라치즈 (먹고 싶은 만큼)', '블랙 올리브', '바질 약간']"
7020402,"['소고기', '양파', '당근', '양송이', '버터', '식용유', '밀가루', '토마토케첩', '우스터소스', '간장', '물', '전분', '물']"
7020401,"['사각어묵', '가래떡', '대파', '무', '쑥갓', '물', '코인육수', '진간장', '맛술', '참치액', '진간장', '물', '고춧가루', '식초', '다진 대파']"
7020400,"['전복', '곤약', '연근', '대파', '베트남고추', '다진마늘', '생강가루', '간장', '맛술', '설탕', '물']"
7020399,"['상추', '홍고추', '다진마늘', '매실청', '고춧가루', '고추장', '참기름', '까나리액젓', '진간장', '참깨', '설탕']"
7020398,"['풋마늘', '물', '간장', '설탕', '소주', '식초']"
7020397,"['신김치', '부침가루', '튀김가루', '냉동새우', '물', '청양고추']"
7020396,"['부추', '당근', '청양고추', '부침가루', '튀김가루', '물', '참치액', '진간장', '식초', '물', '설탕', '통깨 약간']"
7020395,"['소면', '삶은계란', '오이', '고추장', '알룰로스', '식초', '들기름', '진간장', '깨']"
7020394,"['북어채', '무', '대파', '계란', '국간장', '참기름', '다진마늘', '참치액', '소금', '후추 톡톡']"
7020393,"['감자 중간크기', '부침가루', '소금', '후추 약간', '양조간장', '식초', '설탕', '청양고추 취향껏']"
7020392,"['오란다', '까불이과자', '호박씨', '해바라기씨', '검은깨 (15프로)', '조청', '올리고당', '버터', '설탕', '물']"
7020391,"['냉동만두', '마늘', '청양고추', '홍고추', '오일스프레이 적당량', '간장', '굴소스', '설탕', '식초', '물', '전분', '물']"
7020390,"['녹차맛 호떡믹스', '식용유 적당히']"
7020389,"['잔멸치', '마늘', '간장', '매실액', '생강청', '술']"
7020388,"['동죽조갯살 삶은거', '대파', '마늘', '깨', '참기름', '간장', '매실액', '생강청']"
7020387,"['가자미', '간장', '청주', '고춧가루', '고추장', '매실청', '다진 마늘', '후추', '대파', '다시마멸치 육수', '무']"
7020386,"['알배추', '물', '양조간장', '고추기름', '굴소스', '설탕', '식초', '물', '마늘', '청양고추', '홍고추']"
7020385,"['숙주나물', '우삼겹', '당근', '대파']"
7020384,"['굴', '미나리', '달래', '알배추', '청고추', '홍고추', '밀가루', '물', '국간장', '오일']"
7020383,"['건 다래순', '다시마 우린 물 ', '간 마늘', '국간장', '맛술', '깨소금', '들기름', '참기름', '통깨']"
7020382,"['고구마', '모짜렐라 치즈', '설탕', '소금', '전분가루', '식용유']"
7020381,"['찹쌀', '멥쌀', '기정', '차좁쌀', '수수', '검은콩', '삶은 팥', '밤콩', '밤', '은행', '대추', '소금', '팥물', '물']"
7020380,"['배춧잎', '부침가루', '튀김가루', '맛소금', '물', '식용유']"
7020379,"['당면', '시금치', '당근', '양파', '새송이버섯', '파프리카', '흑설탕', '식용유', '소금 약간', '간장', '통깨 약간']"
7020378,"['순대', '양배추', '양파', '깻잎', '고추장', '고춧가루', '간장', '굴소스', '맛술', '설탕', '올리고당', '참기름', '깨', '후추 조금', '물 약간']"
7020377,"['브로콜리', '토마토', '달걀', '들깨가루', '마요네즈', '꿀', '레몬즙']"
7020376,"['파스타면', '볼로네제 소스', '스팸', '양파', '다진마늘', '올리브유', '소금 약간', '후추 약간', '파마산치즈 약간']"
7020374,"['마른 명태', '소고기 양지살', '두부', '대파 조금', '다진마늘', '국간장', '참치액젓']"
7020373,"['소고기', '건미역', '국간장', '참치액', '물', '국간장', '들기름', '다진 마늘']"
7020372,"['순두부', '계란', '참치액', '맛술']"
7020371,"['토마토', '계란', '파프리카', '소금', '후추', '검은깨 약간', '시래기', '들깨가루', '된장', '대파', '마늘', '물', '식용유', '갈치']"
7020370,"['참치캔', '대파', '양파', '애호박', '당근', '표고버섯', '계란', '부침가루', '식용유 넉넉하게']"
7020369,"['떡국떡', '계란', '대파', '양파', '애호박', '표고버섯', '물', '국간장', '멸치 액젓', '다진 마늘', '들깨가루', '후추 약간']"
7020368,"['골뱅이캔', '무', '표고버섯', '대파', '홍고추', '청양고추', '물', '골뱅이 국물', '국간장', '멸치 액젓', '맛술', '고춧가루', '다진 마늘']"
7020367,"['물파래', '무', '굵은소금', '굵은소금', '설탕', '식초', '다진 마늘', '국간장', '통깨 약간']"
7020366,"['김치', '소면', '깻잎', '청양고추', '삶은계란', '고춧가루', '고추장', '설탕', '매실청', '식초', '진간장', '참기름', '다진 마늘', '통깨 약간']"
7020365,"['고구마 中', '물', '베이컨', '양파', '빨간 파프리카', '노란 파프리카', '스위트콘', '연유', '토마토소스 적당량 ', '모짜렐라치즈 적당량 ', '파슬리가루 약간']"
7020364,"['표고버섯', '무', '쌀', '물', '홍고추', '청양고추', '고춧가루', '진간장', '올리고당', '들기름', '으깬 통깨']"
7020363,"['무', '대파', '물', '들기름', '국간장', '멸치 액젓', '다진 마늘', '들깨가루', '소금 약간']"
7020362,"['달래', '진간장', '멸치액젓', '고춧가루', '참기름', '통깨', '올리고당', '물']"
7020361,"['갈치', '무', '청양고추', '홍고추', '대파 뿌리부분', '물', '양조간장', '참치액', '맛술', '고춧가루', '간마늘', '후추 톡톡', '생강']"
7020360,"['사과 중간사이즈', '양배추', '올리브오일', '레몬즙', '홀그레인머스타드', '꿀', '소금 약간']"
7020359,"['오뎅', '양파', '식용유', '간장', '참기름', '통깨']"
7020358,"['시금치', '대파', '다진마늘', '국간장', '들기름', '통깨']"
7020357,"['오이', '두부', '밥', '진간장', '참기름', '백명란젓', '올리브오일 적당히']"
7020356,"['감자', '버터', '소금', '설탕', '후추']"
7020355,"['찹쌀', '맵쌀', '팥', '검정콩', '녹두', '찰기장', '생밤', '팥물', '물', '소금', '소금']"
7020354,"['건 곤드레', '소금', '국간장', '다진 대파', '다진 마늘', '참기름', '들깨가루', '다시마물']"
7020353,"['무', '다진 마늘', '들기름', '들깨가루', '깨 약간', '소금']"
7020352,"['미역줄기', '양파', '당근', '마늘', '굴소스', '통깨 적당히', '참기름']"
7020351,"['돼지고기 앞다리살', '된장', '미림', '월계수잎', '생강 소량', '마늘', '양파', '새우젓', '참기름', '깨소금 적당히']"
7020350,"['삼치', '전분', '오일 넉넉하게', '통깨 조금', '간장', '맛술', '설탕', '올리고당', '생강즙', '다시마육수', '맛술', '소금 조금', '후춧가루 조금']"
7020349,"['곡물 과자', '아메리카노', '뜨거운 물 조금', '순두부', '크림치즈', '메이플 시럽', '레몬즙 조금', '코코아 파우더 넉넉히']"
7020348,"['삶은 토란대', '다시마 우린 물', '간 마늘', '다진 대파', '국간장', '맛술', '들기름', '깨소금', '치킨스톡', '들깨가루', '참기름', '통깨']"
7020347,"['소고기', '파인애플', '브로콜리', '양파', '밥', '마늘', '소금 약간', '후춧가루 약간', '식용유', '간장', '올리고당']"
7020346,"['시금치', '굵은소금', '참치액젓', '참기름', '다진마늘', '대파', '통깨', '맛소금 약간 (싱거울 때 사용)']"
7020345,"['소갈비살', '대파', '월계수잎', '양파', '통후추', '감자', '당근', '마늘', '사과', '레드와인', '케찹', '우스터소스', '바베큐소스', '마스코바도', '파마산치즈']"
7020344,"['모듬전', '떡국떡', '물', '코인육수', '고춧가루', '고운고춧가루', '간마늘', '올리고당', '설탕', '카레가루', '맛소금', '후추 소량', '물']"
7020343,"['물파래', '천일염', '무', '파프리카 노랑빨강 조금씩', '대파 흰부분', '국간장', '까나리액젓', '식초', '설탕', '매실액', '다진마늘', '생와사비', '참기름', '통깨']"
7020342,"['북어채', '무', '두부', '새우젓', '참기름', '물', '대파', '후추 약간', '참치액']"
7020341,"['표고버섯', '간장', '조청', '물', '통깨 조금', '대파 조금', '다진 마늘 조금']"
7020340,"['김치', '통밀가루', '부침가루', '대파', '양파', '애호박 조금', '팽이버섯 조금', '파프리카 조금']"
7020339,"['오겹살', '감자', '애호박', '양파', '멸치육수', '고추장', '된장', '고춧가루', '다진마늘', '간장', '설탕', '맛술', '소금', '후추 조금']"
7020338,"['호두', '설탕', '물']"
7020337,"['돼지고기 다짐육', '양파', '당근', '대파', '두부', '굴소스', '맛술', '다진마늘', '가는소금', '부침가루', '계란', '참기름', '후추', '깨소금', '계란', '소금', '후추 조금', '식용유 넉넉히']"
7020336,"['자몽청', '탄산수', '얼음']"
7020335,"['무', '고춧가루', '다진마늘', '멸치액젓', '설탕', '가는소금', '매실액', '깨소금', '참기름']"
7020334,"['병어', '전분가루', '양파', '표고버섯', '식용유 넉넉히', '물', '양조간장', '흑설탕', '맛술', '다진마늘']"
7020333,"['다크초콜릿', '무염버터', '계란', '설탕', '흑설탕', '소금 약간', '바닐라오일 적당량', '중력분', '코코아파우더', '데코화이트 적당량', '아이스크림', '다진피스타치오 적당량']"
7020332,"['둥근호박', '굵은소금', '튀김가루', '부침가루', '계란', '물', '식용유 넉넉히']"
7020331,"['갈치', '감자', '양파', '대파', '물', '코인육수', '고춧가루', '설탕', '진간장', '맛술', '된장', '고추장', '다진마늘', '매실액', '간생강', '후추 조금']"
7020330,"['카레가루', '양파', '돼지고기', '당근', '우유', '후추']"
7020329,"['소고기', '양송이버섯', '파프리카', '아스파라거스', '양파', '마늘', '무염버터 약간', '범일 불 간장', '우스터소스', '홀그레인머스터드', '설탕', '맛술', '소금', '후추 약간']"
7020328,"['신김치', '참치캔', '두부', '다진 마늘', '오일', '양파', '대파', '청양고추', '설탕', '고춧가루', '멸치육수']"
7020327,"['소고기 장조림', '밥', '참기름', '김밥 김']"
7020326,"['스파게티', '체다치즈', '양파', '냉동새우', '다진 마늘', '참치액', '소금', '우유', '물']"
7020325,"['밥', '신김치', '달걀', '대파', '참치', '진간장', '설탕', '고춧가루', '참기름']"
7020324,"['소고기 불고기용', '다시마', '한알 육수', '간장', '물']"
7020323,"['버터', '밀가루', '우유', '소금', '후추', '넛맥가루', '사워도우', '잠봉', '모짜렐라 치즈', '계란']"
7020322,"['짠무 (중간크기)', '물 적당량', '대파 약간', '쌀가루', '설탕', '멸치액젓']"
7020321,"['짠무 (중간크기)', '다진대파 조금', '고추가루', '다진마늘', '매실엑기스', '들기름', '통깨 약간']"
7020320,"['무', '소금', '설탕', '쪽파', '고추가루', '새우젓', '다진마늘', '매실청', '사과']"
7020319,"['돼지고기 잡채용', '당면', '표고버섯', '피망', '파프리카', '당근', '양파', '식용유', '통깨', '밥', '진간장', '후춧가루 톡톡', '다진 마늘', '올리고당', '참기름', '물', '진간장', '설탕', '참기름']"
7020318,"['당근', '소금', '홀그레인머스터드소스', '레몬즙', '올리브유', '후춧가루 톡톡', '올리고당']"
7020317,"['삼치', '소금 약간', '후추 약간', '튀김가루', '식용유 넉넉히', '간장', '맛술', '물', '설탕', '다진 생강']"
7020316,"['순두부', '계란', '당근', '대파 조금', '물', '새우젓', '맛술', '참기름', '소금', '후춧가루 적당량']"
7020315,"['양배추', '콘옥수수', '당근', '마요네즈', '홀그레인머스타드', '소금', '흰 설탕']"
7020314,"['계란', '배춧잎', '맛소금', '후추 톡톡', '올리브유', '스리라차소스 약간']"
7020313,"['깻잎', '돼지고기 다짐육', '두부', '피망', '후추 약간', '소금', '당근', '양파', '계란', '설탕']"
7020312,"['사과', '또띠아', '계피가루', '타피오카전분', '버터', '물', '알룰로스', '계란']"
7020311,"['물파래', '무', '간장', '소금', '설탕', '통깨 약간', '굵은소금', '식초']"
7020310,"['꼬치어묵', '무', '양파', '느타리버섯', '팽이버섯', '표고버섯', '새송이버섯', '호박', '청경채 약간', '동봉된 소스', '치킨스톡', '다진마늘', '맛술', '다진쪽파 약간', '베트남고추 약간', '소금 약간', '후추 약간씩']"
7020309,"['숙주', '다진마늘', '물', '소금', '대파', '후추']"
7020308,"['자반고등어', '무', '대파', '고춧가루', '고추장', '진간장', '다진 마늘', '맛술', '올리고당', '생강청', '후추 약간', '코인육수', '물']"
7020307,"['식빵', '양배추', '당근', '계란', '샌드위치용 햄', '치즈']"
7020306,"['김치', '꽁치통조림', '두부', '대파', '식용유', '다진마늘', '고춧가루', '맛술', '된장', '올리고당']"
7020305,"['밥', '햄', '깻잎', '라이스페이퍼', '고추장', '소금 조금 (혹은 간장)', '참기름']"
7020304,"['손질한 미역귀', '식용유', '고추장', '매실청', '다진 마늘', '참기름', '통깨']"
7020303,"['전복', '낙지', '백미', '참기름', '썬파', '소주', '달래양념장', '달래', '조림용 맛간장', '맛술', '피클초']"
7020302,"['굴', '무우', '표고버섯', '느타리버섯 조금', '부추', '다진마늘', '참치액젓', '국간장', '소금']"
7020301,"['꼬시래기', '양파', '당근 약간', '고추장', '고춧가루', '설탕', '올리고당', '다진마늘', '식초', '참기름', '통깨']"
7020300,"['당면', '대파', '계란', '소금', '전분가루', '설탕', '간장', '참기름', '후추', '다진 대파', '간장', '맛술', '식초', '참기름', '통깨']"
7020299,"['삶은 고구마줄기', '대파', '멸치육수', '국간장', '다진마늘', '들기름', '액젓', '통깨']"
7020298,"['떡국떡', '라면', '물', '고추가루', '설탕', '피자치즈']"
7020297,"['캔옥수수 작은캔', '설탕', '소금', '마요네즈', '피자치즈']"
7020296,"['식빵', '다진마늘', '설탕', '마요네즈']"
7020294,"['풋마늘', '멸치액젓', '양파', '찬밥', '새우젓', '멸치다시마육수', '사과즙', '설탕', '깨', '다진마늘', '고춧가루']"
7020293,"['밥', '계란', '다진파', '식용유', '굴소스', '후추']"
7020292,"['참치캔', '양파', '마늘', '대파', '고추장', '설탕', '다시다', '간장', '올리고당', '후추']"
7020291,"['바나나', '식빵', '땅콩버터']"
7020290,"['팽이버섯', '아삭이고추', '빵가루', '소금', '오일', '튀김가루', '얼음', '물']"
7020289,"['김밥', '계란', '식용유']"
7020288,"['곰국', '순대', '순대 내장', '대파', '청양고추', '마늘', '고추가루', '새우젓', '국간장', '까나리액젓', '들깨가루', '후추 약간']"
7020287,"['양배추', '대파', '슬라이스 치즈', '계란', '소금']"
7020286,"['잔멸치', '호두 적당히', '아몬드 적당히', '올리고당', '통깨 적당히']"
7020285,"['물파래', '굵은소금', '홍고추', '청양고추', '식용유 넉넉하게', '튀김가루', '부침가루', '물', '멸치 액젓', '참기름', '물', '진간장', '식초', '고춧가루 약간']"
7020284,"['치킨텐더', '양상추 넉넉하게', '노란 파프리카', '청피망', '토마토', '삶은 계란', '마요네즈', '머스터드소스', '올리고당', '레몬즙', '소금']"
7020283,"['돼지고기 안심', '양파', '양송이버섯', '청피망', '빨간 파프리카', '노란 파프리카', '식용유', '다진 마늘', '버터', '소금', '후추 약간', '밀가루', '시판 스테이크 소스', '케첩', '올리고당', '굴 소스', '맛술']"
7020282,"['사각 어묵', '우동사리', '신김치', '표고버섯', '대파', '청양고추', '홍고추', '설탕', '참기름', '물', '김치 국물', '쯔유', '멸치 액젓', '다진 마늘', '고춧가루']"
7020281,"['돼지고기', '묵은지', '두부', '양파', '대파', '청양고추', '홍고추', '다진 마늘', '고춧가루', '국간장', '들기름', '소금', '코인 육수', '물']"
7020280,"['계란', '크래미', '소금', '올리브오일', '버터', '대파', '쪽파 약간', '후추 솔솔 ', '통깨 솔솔 ']"
7020279,"['식빵', '계란', '샌드위치햄', '슬라이스 치즈', '버터', '흰 우유', '소금', '딸기쨈 취향껏', '시나몬가루', '슈가파우더 솔솔 ']"
7020278,"['양파 작은 것', '애호박', '표고버섯', '두부', '대파 흰 부분', '청양고추', '쌀뜨물', '코인육수', '시판 된장', '맛술', '고춧가루', '다진 마늘']"
7020277,"['라면', '대파', '다진마늘', '양파', '고춧가루', '사골곰탕', '계란', '물', '식용유']"
7020276,"['당근', '올리브오일', '홀그레인머스타드', '레몬즙', '올리고당', '소금']"
7020275,"['얼음 적당량', '바나나맛 우유', '에스프레소']"
7020274,"['바게뜨빵', '버터', '연유', '다진마늘', '파슬리 약간']"
7020273,"['방울토마토', '닭가슴살', '두부', '사과', '양파', '밥', '마늘', '식용유', '설탕', '간장']"
7020272,"['콩나물', '양파', '청양고추', '무 적당히', '물', '새우젓', '대파']"
7020271,"['진미채', '물 조금', '메이플시럽', '간장', '매실청', '생강청', '굴소스', '고추장', '마요네즈', '올리고당', '깨 조금']"
7020270,"['달래', '가리비', '당근', '양파', '고추장', '고춧가루', '다진 마늘', '매실청', '설탕', '식초', '참기름', '깨 약간']"
7020269,"['콩나물', '오징어', '김치', '대파', '청양고추', '홍고추', '멸치 다시마육수', '밥', '달걀', '새우젓', '다진마늘', '소금 약간', '고춧가루 취향껏', '후추 약간']"
7020268,"['중멸치', '땅콩', '고추장', '고추가루', '조림간장', '설탕', '간마늘', '마요네즈', '후추 약간', '들기름', '물']"
7020267,"['소고기', '간장', '물', '맛술', '다진마늘', '다진대파', '배즙']"
7020266,"['콩나물', '식용유', '쪽파 넉넉히', '청양고추', '홍고추', '참기름', '통깨']"
7020265,"['차돌박이', '감자', '호박', '느타리버섯', '청양고추', '홍고추', '대파', '코인 육수', '물', '고추장', '다진 마늘', '맛술', '된장', '국간장']"
7020264,"['차돌박이 적당량', '후춧가루 약간', '물', '간장', '식초', '설탕', '청양고추', '홍고추', '대파']"
7020263,"['멸치', '다시마', '양파', '무', '파', '마늘', '호박', '양파', '당근', '유부', '간장', '파', '마늘', '고추가루', '청양고추', '통깨', '참기름', '소면']"
7020262,"['물', '홍차잎', '사탕수수원당', '다시팩 (소)']"
7020261,"['청국장200g', '두부200g', '느타리버섯 조금', '무우', '대파 조금', '돼지고기 다짐육', '멸치액젓', '표고버섯 가루', '마늘', '고추가루']"
7020260,"['콩나물', '대파 조금', '돼지고기 다짐육', '굴소스', '스테비아', '참기름 조금', '다진마늘']"
7020259,"['맥 된장 높게', '느타리버섯 조금', '노루궁댕이버섯', '두부 조금', '감자 작은것', '대파 조금', '다시다', '고추가루', '다진마늘']"
7020258,"['떡국떡', '꿀']"
7020257,"['오트밀', '두유', '소금', '물', '올리브오일', '오트밀 와플', '아몬드 버터', '토마토 슬라이스', '로메인 상추', '계란 후라이']"
7020256,"['도토리묵', '상추', '당근', '파', '진간장', '참기름', '고춧가루', '설탕', '깨']"
7020255,"['달래', '간장', '들기름', '고춧가루', '깨', '설탕']"
7020254,"['숙주', '대파', '고추', '진간장', '국간장', '꽃소금', '깨']"
7020253,"['손질된 늙은호박', '찹쌀가루', '물', '설탕', '물']"
7020252,"['골뱅이 큰캔', '북어채', '양배추', '대파', '양파', '오이', '당근', '청양고추', '마늘', '깨', '고추장', '고춧가루', '설탕', '올리고당', '다진마늘', '식초']"
7020251,"['잡곡밥', '닭가슴살', '굵은 마늘', '양파', '다진 파', '올리브오일', '물 약간', '쌈채소', '당근 약간', '고추장', '고춧가루', '양조간장', '알룰로스', '후추']"
7020250,"['돼지고기등심 ', '찹쌀가루', '전분', '물', '후추', '식용유', '소금', '후추']"
7020249,"['짜장가루', '양파', '당근', '감자', '돼지고기 다짐육', '다진마늘']"
7020248,"['고등어', '대파', '통깨', '오일 적당량', '고추장', '고춧가루', '미림', '참치액', '올리고당', '다진마늘', '참기름', '생강가루', '후춧가루']"
7020247,"['냉동 핫도그', '옥수수', '다진양파', '마요네즈', '케찹', '소금', '설탕', '통후추 약간', '파슬리 약간', '치즈피자']"
7020246,"['손질된 찐 전복', '밥', '당근', '양파', '파', '돼지고기 다짐육', '굴소스', '참기름']"
7020245,"['오트밀', '견과류', '소금', '올리브유', '꿀']"
7020244,"['사누끼 우동사리', '디포리 멸치육수', '가쓰오부시 조금', '가쓰오국물 쯔유', '물', '우동건더기스프', '삶은계란', '새우튀김', '오징어튀김']"
7020243,"['김밥김', '체다치즈', '밥', '맛살', '달걀', '당근라페 적당량', '우엉조림 적당량', '시금치나물 적당량', '참치', '마요네즈', '참기름', '소금', '통깨 약간']"
7020242,"['가래떡', '당면', '사각어묵', '파', '동전육수', '물', '고춧가루', '고추장', '설탕', '간장', '굴소스', '올리고당', '식용유']"
7020241,"['콩비지', '돼지 앞다리살', '신김치', '대파', '청양고추', '다진 마늘', '고춧가루', '물', '참치액', '국간장']"
7020240,"['어묵', '당근', '베이컨', '김밥용단무지', '깻잎', '식용유', '간마늘', '굴소스', '간장', '물엿', '참깨']"
7020239,"['봄동', '고춧가루', '다진 마늘', '간장', '설탕', '멸치액젓', '매실청', '식초']"
7020238,"['시금치', '굵은소금', '다진 마늘', '국간장', '소금', '들기름', '통깨 약간']"
7020237,"['소꼬리', '대파 흰부분', '양파 대', '통마늘', '생강', '통후추', '부추', '간장', '맛간장', '맛술', '식초', '깨소금', '고추가루', '참기름']"
7020236,"['오징어', '양파', '배추', '다진마늘', '동전육수', '국간장', '진간장']"
7020235,"['배추', '대파', '다진마늘', '국간장', '고춧가루', '진간장', '소금', '들기름', '깨']"
7020234,"['오트밀', '아몬드우유', '양송이버섯', '양파', '파슬리가루 약간', '올리브유', '파르메산치즈가루', '참치액젓', '후춧가루 톡톡', '버터', '발사믹소스', '스테비아']"
7020233,"['월동무', '청양고추', '진간장', '사과식초', '설탕', '물']"
7020232,"['밥', '양파', '당근', '호박', '비엔나소세지', '계란', '간장', '굴소스', '설탕', '케찹', '통깨 약간', '소금 약간', '후추 약간', '물']"
7020231,"['생생우동', '어묵', '나무젓가락', '고춧가루', '간장']"
7020230,"['수삼', '대추', '물', '잣 약간']"
7020229,"['깐도라지', '오징어채', '설탕', '소금', '고추장', '고추가루', '다진마늘', '올리고당', '2배사과식초', '설탕 조금', '통깨 조금', '생강술']"
7020228,"['달걀', '진간장', '올리고당', '맛술 미림', '황설탕', '물', '다시마', '생강', '양파', '대파', '물', '굵은소금']"
7020227,"['냉이', '바지락', '양파', '청양고추', '대파', '해물육수', '다진마늘', '된장', '참치액젓']"
7020226,"['돼지고기 목살', '감자', '양파', '청양고추', '홍고추', '대파', '다진마늘', '맛술', '고추장', '고춧가루', '동전육수', '참치액젓', '물']"
7020225,"['참치캔', '양파', '청양고추', '대파', '고춧가루', '고추장', '된장', '다진 마늘', '굴소스', '설탕', '참기름', '물']"
7020224,"['참치캔', '감자 작은 것', '양파', '애호박', '표고버섯', '대파', '고추장', '고춧가루', '간장', '맛술', '다진 마늘', '소금 약간', '후추 약간']"
7020223,"['호빵', '식용유', '버터']"
7020222,"['무', '고춧가루', '다진 마늘', '다진 파', '매실액', '설탕', '새우젓', '소금 약간', '통깨']"
7020221,"['닭안심', '표고버섯', '새송이버섯', '팽이버섯', '양파', '쪽파', '다진마늘', '현미유', '청주', '채수', '아기굴소스', '참기름', '올리고당', '감자전분', '물']"
7020220,"['브라우니믹스', '우유']"
7020219,"['양파', '마늘', '새우', '양송이 버섯', '청양고추', '스파게티']"
7020218,"['아삭이고추', '다진돼지고기', '부추', '당근', '양파', '두부', '당면', '밀가루 약간', '튀김가루', '탄산수', '노른자', '국간장', '참기름', '소금', '다진마늘', '후추 약간']"
7020217,"['삼겹살', '묵은지', '콩나물', '두부', '대파', '설탕', '사골육수', '다진마늘', '고춧가루', '멸치액젓']"
7020216,"['순두부', '동전육수', '물', '양파', '대파', '청양고추', '다진마늘', '새우젓']"
7020215,"['삼겹살', '밥', '간장', '설탕', '굴소스', '다진마늘']"
7020214,"['미박삼겹살', '로즈마리 허브', '상추쌈', '한재 미나리', '쌈장']"
7020213,"['잡채', '김', '라이스페이퍼']"
7020212,"['수제만두', '떡', '멸치육수', '소고기', '계란', '파', '다진마늘1', '집간장1', '식초']"
7020211,"['브로콜리', '참치캔', '마요네즈', '가쓰오부시', '참기름']"
7020210,"['밥', '계란 후라이', '브로콜리', '토마토 가니쉬', '돼지고기', '쇠고기', '양파', '토마토소스', '우스타소스', '빵가루', '소금', '후추 약간', '계란', '밀가루', '버터', '브라운스톡', '소금', '후추 약간', '양파', '샐러리', '당근', '토마토소스', '토마토페이스트', '부케가르니']"
7020209,"['감자', '토마토', '당근', '양파1개', '느타리버섯', '노루궁뎅이 버섯', '돼지고기', '카레가루', '치킨스톡', '죽염']"
7020208,"['닭가슴살', '토마토2개', '브로콜리', '양파', '당근200g', '애호박', '느타리 버섯', '노루궁뎅이버섯', '오이', '허브솔트', '죽염']"
7020207,"['플레인요거트', '견과류 조금', '볶음현미', '꿀']"
7020206,"['완숙 토마토', '올레오칸탈올리브오일', '파슬리가루']"
7020205,"['말린 미역', '황태', '국간장', '멸치액젓', '다시다', '물', '마늘']"
7020204,"['닭가슴살', '애호박', '파프리카', '당근', '표고버섯', '불린 쌀', '다시마', '물', '청주', '버터', '간장']"
7020203,"['프랑크소시지', '맛살', '당근', '계란', '단무지', '우엉조림', '김밥김', '참치캔 큰것1개', '해바라기유 조금', '소금', '소금', '마요네즈', '설탕', '소금', '후추가루 조금']"
7020202,"['건취나물', '국간장', '까나리액젓', '다진마늘', '들기름', '다시마육수', '다진대파']"
7020201,"['봄동', '까나리액젓', '매실액', '고추가루', '마늘', '깨', '참기름', '대파', '당근', '양파']"
7020199,"['홍합', '다진마늘', '대파 적당히 (잘게 썬)', '청양고추']"
7020198,"['비타민채소', '페파론치노', '다진마늘', '치킨스톡', '맛술', '소금 약간', '대파흰부분 넉넉히', '생강가루 약간 ', '통깨', '치킨스톡', '맛술', '소금 약간 ']"
7020197,"['노른자', '설탕', '옥수수전분', '바닐라오일 약간', '우유', '바닐라빈', '동물성 휘핑크림', '설탕', '바나나', '계란과자']"
7020196,"['오트밀', '토마토소스', '마른 표고버섯', '체다치즈', '우유', '참치 액젓', '물', '후추 약간', '식용유']"
7020195,"['브로콜리 송이', '피자치즈', '다진 마늘', '소금 약간', '후추 약간', '식초', '물', '물', '소금']"
7020194,"['굴', '무 흰 부분', '알배춧잎', '들기름', '물', '마늘', '청양고추', '홍고추', '부추']"
7020193,"['소고기 목심살', '샐러드', '견과류', '허브맛 솔트 조금', '스테이크소스', '식용유']"
7020192,"['연유', '코코아파우더']"
7020191,['애플망고']
7020190,"['고구마', '오일']"
7020189,"['물파래', '무', '통깨 약간', '굵은소금', '설탕', '식초', '식초', '굵은소금', '간장', '식초', '설탕', '다진 마늘']"
7020188,"['두부', '달걀', '공깃밥', '매운굴소스', '데리야끼소스', '통깨 약간', '식용유', '면포', '비엔나 소세지']"
7020187,"['식빵', '햄', '치즈', '과일잼', '달걀', '우유']"
7020186,"['계란', '다진 당근', '다진 대파', '참기름', '물', '통깨 약간']"
7020185,"['시금치', '대파', '참치액젓', '국간장', '깨소금', '참기름', '다진마늘', '굵은소금']"
7020184,"['감자', '양파', '다진마늘', '올리고당', '진간장', '굴소스']"
7020183,"['박력분', '설탕', '계란', '버터', '우유']"
7020182,"['무채', '소금', '설탕', '고춧가루', '식초', '진간장', '까나리액젓', '다진대파', '소금', '참기름', '통깨']"
7020181,"['두부', '참치캔', '양파', '대파', '통깨', '진간장', '설탕', '고추장', '고춧가루', '다진마늘', '맛술', '소고기다시다', '후춧가루 약간', '물']"
7020180,"['소고기', '표고버섯', '삶은고사리', '삶은 토란대', '무', '대파', '콩나물', '물', '식용유 소량', '참기름', '고춧가루', '소금간', '양파', '자른 다시마', '고춧가루', '다진마늘', '국간장', '맛술', '참치액', '후추 톡톡']"
7020179,"['다진 돼지고기', '양파', '당근 작은것', '미니 송이버섯', '파프리카', '계란', '대파', '굴소스', '토마토소스', '맛술', '통후추', '소금', '물', '우스터소스', '설탕', '파슬리 조금']"
7020177,"['해파리', '오이', '파프리카', '파프리카', '피망', '맛살', '시판용 냉채소스', '물', '설탕', '식초', '소금']"
7020176,"['오트밀', '호두', '아몬드', '바나나', '다크초콜릿', '올리브오일', '꿀']"
7020175,"['삶은계란', '조림용 맛간장', '조개멸치 육수', '물']"
7020174,"['너겟', '간장', '설탕', '다진마늘', '물', '식초']"
7020173,"['파프리카', '소금 조금', '진간장', '설탕', '가쓰오부시']"
7020172,"['나박물김치 적당히', '국수']"
7020171,"['미숫가루', '우유', '계란', '설탕', '버터', '올리브유', '블루베리', '꿀', '견과류 약간']"
7020170,"['무', '대파', '물', '식용유', '소금', '마늘', '참기름', '깨소금 약간', '호박', '양파', '당근 약간', '마늘', '새우젓', '참기름', '깨소금 약간', '멸치', '홍초청', '마늘', '식용유', '참기름', '깨소금 약간', '건새우', '홍초청', '마늘', '참기름', '깨소금 약간']"
7020169,"['꼬막', '물', '맛술', '진간장', '까나리 액젓', '매실액', '다진마늘', '맛술', '설탕', '참기름', '통깨', '다진파']"
7020168,"['잭다니엘', '콜라', '라임주스', '얼음 취향껏']"
7020167,"['대패 삼겹살', '숙주나물', '청경채', '부추', '당근', '대파', '진간장', '굴소스', '맛술', '간 마늘', '생강청', '후춧가루', '참기름', '통깨']"
7020166,"['고등어', '밀가루', '양상추', '식용유 적당량', '깨', '연겨자', '진간장', '올리고당', '식초', '간마늘']"
7020165,"['건 피마자', '다시마 우린 물', '간 마늘', '국간장', '맛술', '들기름', '깨소금', '참기름', '통깨']"
7020164,"['건새우', '청양고추', '홍고추', '진간장', '요리당', '설탕', '다진 마늘', '다진 생강', '포도씨유', '참기름 약간', '통깨 약간']"
7020163,"['토마토', '아보카도', '양파', '소금 약간', '후추 약간', '레몬주스']"
7020162,"['밥', '양파', '당근', '크래미', '팽이버섯', '달걀', '치킨스톡']"
7020161,"['황태포', '무', '대파', '참기름', '참치액젓', '황태 불린 물', '소금 약간']"
7020159,"['치커리', '오이', '양파', '스테비아', '식초', '고추가루', '다진마늘', '깨 조금', '매실청']"
7020158,"['돼지고기 뒷다리', '양파', '대파', '간장', '스테비아', '미림', '고추가루', '참기름 조금', '깨 조금', '올리브오일']"
7020157,"['상추', '양파', '고춧가루', '설탕', '진간장', '액젓', '매실액', '다진마늘', '참기름', '통깨']"
7020156,"['불고기용 소고기', '당면', '당근', '알배추', '양파', '표고버섯', '만가닥버섯', '간장', '설탕', '올리고당', '맛술', '다진마늘', '갈아만든배', '육수', '국간장', '멸치액젓', '매실액', '후추 조금']"
7020155,"['쌀가루', '물']"
7020154,"['코다리', '무', '다시마', '물', '간장', '고춧가루', '양파', '청양고추', '간마늘', '매실액', '미림', '물엿', '생강가루', '참기름', '진간장', '고춧가루', '후춧가루 톡톡']"
7020153,"['당근', '물 조금', '소금', '설탕', '찹쌀가루', '카스테라']"
7020152,"['깐도라지', '양파', '소금', '설탕', '고춧가루', '고추장', '식초', '다진마늘 조금', '깨 조금']"
7020151,"['염장미역줄기', '양파', '생강술', '포도씨유', '후추가루 조금', '참기름 조금', '통깨 조금']"
7020150,"['달걀', '오이', '소금', '아보카도', '양파', '마요네즈', '요구르트', '홀그레인머스타드', '후추 ']"
7020149,"['스팸', '감자', '김치', '두부', '양파', '대파', '표고버섯', '고추장', '고춧가루', '다진 마늘', '국간장', '물']"
7020148,"['쪽파', '부추', '애호박 조금', '팽이버섯 조금', '오징어', '홍합살', '통밀가루', '부침가루', '물', '소금', '식용유']"
7020147,"['배추', '납작 어묵', '대파', '청양고추', '물', '다진마늘', '국간장', '맛소금']"
7020146,"['귤', '설탕', '생강']"
7020145,"['김밥용김', '즉석밥', '스팸', '사각어묵', '청양고추', '꼬들단무지', '식용유', '맛간장', '참기름', '통깨']"
7020144,"['밀떡', '짜장가루', '물', '대파', '우삼겹', '굴소스', '설탕', '후추', '소금', '고춧가루 소량']"
7020143,"['우삼겹', '무', '두부', '청양고추', '홍고추', '표고버섯', '양파', '대파', '물', '멸치육수 코인', '토장찌개 된장', '고춧가루', '다진마늘', '소금 ']"
7020142,"['무', '굵은소금', '다진 마늘', '다진 생강', '쪽파', '까나리액젓', '새우젓', '고춧가루', '매실청', '흰설탕']"
7020141,"['자른 미역', '황태채', '두부 한모', '참기름', '국간장', '참치액', '간마늘', '물', '소금간']"
7020140,"['또띠아', '피자치즈', '슬라이스햄', '콘옥수수', '토마토소스']"
7020139,"['소고기다짐육', '감자', '양파', '짜장소스', '전분가루', '대파흰부분', '소금 약간 ', '쪽파']"
7020138,"['멸치육수', '떡국떡', '들깨가루', '참치액젓', '소금', '대파']"
7020137,"['메로골드 자몽', '원당 (또는 설탕)', '레몬즙']"
7020136,"['홍차시럽', '생크림', '얼그레이티백', '뜨거운 물']"
7020135,"['쌀', '새우', '당근 약간', '느타리버섯', '만가닥 버섯', '쪽파', '소금 약간', '물', '다시마', '다진 마늘', '버터', '간장', '맛술', '참깨', '다진 쪽파', '참기름', '청양고추']"
7020134,"['등갈비', '튀김가루', '식용유 넉넉히', '물', '간장', '설탕', '올리고당', '식초', '꿀 듬뿍', '깨소금']"
7020133,"['또띠아', '버터', '간마늘 약간', '올리고당', '파슬리 약간']"
7020132,"['찬밥', '계란', '당근', '팽이버섯', '파채', '베이컨', '가는소금', '깨소금', '참기름', '후추 조금']"
7020131,"['돼지 안심 넉넉히 (또는 등심)', '양파 큰것', '당근', '브로콜리', '완두콩', '분말카레', '물']"
7020130,"['감자', '식용유', '물', '진간장', '설탕', '올리고당', '통깨', '참기름', '후추 조금']"
7020129,"['참치 통조림 小', '코인 육수', '양파', '감자', '표고버섯', '청양고추', '대파', '물', '고춧가루', '된장', '다진 마늘', '맛술', '국간장']"
7020128,"['멸치육수', '떡볶이떡', '사각어묵', '대파', '고추장', '고춧가루', '진간장', '설탕', '굴소스', '멸치액젓', '다진마늘', '후추 조금']"
7020127,"['베이컨', '숙주', '청양고추', '대파', '식용유 약간', '통깨 약간', '쪽파 송송', '간장', '맛술', '굴소스', '다진 마늘', '올리고당']"
7020126,"['대패삼겹살', '콩나물', '양파', '당근', '대파', '진간장', '고추장', '고춧가루', '다진마늘', '설탕', '매실액', '올리고당', '맛술', '참기름', '깨소금', '후추 조금']"
7020125,"['힌우 홍두깨살', '배', '다진마늘', '설탕', '진간장', '참기름', '노른자', '깨소금 조금']"
7020124,"['동물성 휘핑크림', '설탕', '얼음 적당량', '바나나맛 우유', '에스프레소', '코코아파우더 약간']"
7020123,"['감자', '오이', '후추', '식용유', '파슬리가루', '버터', '설탕']"
7020122,"['봄동', '멸치액젓', '마늘', '생수', '매실즙', '설탕', '고추가루', '통깨 적당히', '당근', '양파']"
7020121,"['봄동', '멸치액젓', '마늘', '생수', '매실즙', '설탕', '고추가루', '통깨 적당히', '당근', '양파']"
7020120,"['닭다리살', '양파', '느타리버섯', '대파', '달걀', '밥', '다시마', '물', '간장', '맛술', '설탕', '후춧가루 약간']"
7020119,"['팽이버섯', '쪽파', '계란', '소금', '참치액 조금']"
7020118,"['쪽파', '까나리액젓1/5T', '참치액', '배 간거1/2컵', '새우젓1t', '생강 조금', '고추가루', '통깨']"
7020117,"['계란', '마요네즈', '머스타드', '식빵', '토마토소스', '베이컨']"
7020116,"['순두부', '계란', '파', '밥', '간장', '굴소스', '후추 조금']"
7020115,"['돼지고기 앞다리살', '콩나물', '대파', '양파', '당근', '표고버섯', '고추장', '고추가루', '간장', '다진마늘', '매실액', '설탕', '맛술', '후추 약간']"
7020114,"['묵은 배추김치', '들기름', '대파', '다진마늘', '설탕', '통깨 약간']"
7020113,"['샤브샤브육수 소스', '생수', '청경채', '숙주', '느타리버섯', '표고버섯', '팽이버섯 작은것', '비엔나소시지', '소고기', '파인애플', '맛살', '어린잎채소', '라이스페이퍼', '샤브샤브소스']"
7020112,"['떡국떡', '생수', '동전육수', '냉동 물만두', '계란', '국간장', '참기름 약간', '소고기 다짐육', '맛술', '소금', '후추 약간']"
7020111,"['표고버섯', '소고기 다짐육', '돼지고기 다짐육', '대하', '청양고추', '홍고추', '다진마늘', '계란흰자', '소금', '후추', '참기름', '녹말가루', '홍 파프리카', '노란 파프리카', '양파', '피망', '물', '굴소스', '간장', '설탕', '식초', '후추', '녹말푼 물']"
7020110,"['떡국떡', '견과류', '물', '설탕', '통깨', '참기름', '소금', '시나몬가루']"
7020109,"['가지', '소금 약간', '라이스페이퍼', '물', '설탕', '물엿', '진간장', '케첩', '식초', '고춧가루', '청양고추', '당근', '양파']"
7020108,"['아몬드', '마카다미아', '피스타치오', '카레가루', '버터', '다진마늘', '식용유', '청양고추', '즉석밥']"
7020107,"['삼겹살', '다진 잣', '다진마늘', '다진생강', '후추 톡톡', '물엿', '진간장', '맛술', '발사믹식초', '굴소스', '케찹', '참깨']"
7020106,"['소고기', '순두부', '물', '양파', '표고버섯', '청양고추', '식용유', '참기름', '고추가루', '설탕', '국간장', '참치액']"
7020105,"['알배추', '무', '청양고추', '고춧가루', '설탕', '국간장', '참치액', '매실액', '식초', '참기름', '통깨', '다진마늘']"
7020104,"['순대', '오소리감투', '사골육수', '대파', '청양고추', '들깨가루', '새우젓', '후춧가루', '사골육수', '고춧가루', '후춧가루', '다진마늘', '국간장', '멸치액젓']"
7020103,"['전복', '냉동모둠해물', '냉동새우', '썬파', '다진마늘', '다진생강', '고춧기름', '두반장', '굴소스', '소주', '양배추', '양파', '청경채', '죽순', '전분물 (농도에맞게)', '참기름']"
7020102,"['배', '사과', '파인애플', '양파', '진간장', '꽃게액젓', '매실액', '소고기다시다', '꿀', '다진마늘', '다진생강', '소주', '후추', '돼지고기 불고기감', '돼지고기 꽃살', '양념', '대파', '통깨 솔솔']"
7020101,"['느타리버섯', '계란', '소금', '양조간장', '참기름', '통깨']"
7020100,"['돌나물', '초고추장', '통깨', '다진마늘', '설탕', '참기름']"
7020099,"['두부', '대파', '굴소스', '진간장', '올리고당', '참기름', '후춧가루', '두부 소보로', '계란', '밥', '소금', '참기름', '식용유']"
7020098,"['또띠아', '모짜렐라치즈', '슬라이스아몬드', '파슬리가루 약간', '마늘', '버터', '꿀']"
7020097,"['소고기 양지', '대파', '무', '당면', '물', '참기름', '국간장', '고춧가루', '멸치액젓', '맛술', '다진마늘', '소금 약간', '후추 약간']"
7020096,"['식용유', '다진마늘', '대파 흰부분', '돼지고기 다짐육', '두부', '부추', '썰은 김치', '당면', '진간장', '만두피', '진간장', '참기름', '맛소금', '다시다']"
7020095,"['딸기', '식초 약간', '설탕', '물']"
7020094,"['신김치 적당량', '설탕', '참치', '참기름', '불닭소스', '밥', '김', '치즈 적당량', '깨 약간']"
7020092,"['오징어', '당근', '호박', '양파', '대파', '고추', '홍고추', '깻잎', '고은 고춧가루', '굵은 고춧가루', '설탕', '간장', '다진 마늘', '소주', '생강즙', '참기름', '통깨']"
7020091,"['잔멸치', '청양고추', '포도씨유', '요리당', '설탕', '참기름', '통깨 약간']"
7020090,"['우유', '시판 요거트']"
7020089,"['마늘쫑장아찌', '고추가루', '참기름', '참깨']"
7020088,"['전', '떡', '계란', '식용유 적당량', '체다 치즈', '대파 약간']"
7020087,"['봄동 배추', '멸치액젓', '진간장', '고춧가루', '식초', '설탕', '매실청', '다진 마늘', '참기름 약간', '통깨 약간']"
7020086,"['알배추', '방울토마토', '달래200g', '발사믹식초', '올리브오일', '매실액', '고춧가루', '다진마늘', '참기름']"
7020083,"['계란흰자', '설탕']"
7020082,"['배추김치 적당량', '스팸 작은 것', '대파 약간', '간장', '고춧가루', '굴소스', '깨 약간']"
7020081,"['냉동 옥수수', '설탕', '마요네즈', '버터 약간', '피자치즈', '파슬리가루 약간', '체다치즈 적당량']"
7020080,"['쪽파', '고춧가루', '멸치액젓', '다진마늘', '설탕', '매실액', '생강가루 약간', '통깨']"
7020079,"['계란3개', '설탕', '소금', '우유 생크림', '무염버터', '바닐라빈 페이스트2ts', '박력분', '코코아파우더', '베이킹파우더', '초코칩', '토핑용 초코칩 적당량']"
7020078,"['건미역', '양파', '감자', '마늘', '밥', '버터', '맛술', '참기름', '통깨']"
7020077,"['쇠고기', '아스파라거스', '로즈마리', '자색양파', '양송이버섯', '미니양배추', '올리브오일', '소금 적당량', '후추 적당량', '버터 적당량 ']"
7020076,"['대파', '고춧가루', '설탕', '매실액', '진간장', '깨소금', '참기름']"
7020075,"['소갈비살', '간장', '배음료', '설탕', '다진마늘', '맛술', '참기름', '후추 약간']"
7020074,"['스팸', '순두부', '대파', '청양고추', '양파', '애호박', '달걀', '식용유', '마늘', '고추가루', '진간장', '굴소스', '설탕', '통후추', '물']"
7020073,"['식빵', '크림치즈', '당근라페 적당량', '사과', '체다치즈', '양상추']"
7020072,"['아보카도', '토마토', '할라피뇨', '다진 마늘', '레몬즙', '소금 약간', '파슬리 약간']"
7020071,"['대파', '양파', '멸치액젓', '고춧가루', '설탕', '간마늘', '새우젓']"
7020070,"['김밥김', '단무지', '당근라페 적당량', '우엉조림 적당량', '계란지단 적당량', '시금치나물 적당량', '밥', '참기름', '소금', '통깨 약간']"
7020069,"['동태', '무', '대파', '청양고추', '홍고추', '두부 한모', '쌀뜨물', '쑥갓', '간마늘', '간생강', '새우젓', '국간장', '고추가루', '고추장', '된장']"
7020068,"['알배추', '다진 소고기', '밥', '다시마', '물', '전분물', '통깨 약간', '식용유', '참기름', '간장', '맛술', '올리고당', '후춧가루 약간']"
7020067,"['동물성 휘핑크림', '설탕', '식빵', '딸기']"
7020066,"['떡볶이 떡', '사각 어묵', '양배추', '대파', '물', '고추장', '고춧가루', '진간장', '황설탕']"
7020065,"['브로콜리', '두부', '소금', '국간장', '깨 약간', '참기름 약간']"
7020064,"['맛살', '깻잎', '계란', '밀가루']"
7020063,"['고등어 통조림', '대파', '청양고추', '홍고추', '느타리버섯', '감자', '들깨가루', '물', '범일콩 된장', '고추장', '고춧가루', '참기름', '참치액젓', '국간장', '다진마늘', '다진생강']"
7020062,"['또띠아', '바나나', '계란', '연유', '버터']"
7020061,"['무', '당근', '소금', '식초2T', '참기름']"
7020060,"['돼지갈비', '감자3개', '양파', '무1토막', '당근', '파', '마늘', '간장', '맛술', '설탕', '참기름']"
7020059,"['어묵', '양파', '당근', '파프리카', '간장', '통깨']"
7020058,"['표고버섯', '전분가루', '튀김가루', '굴소스', '케첩', '간장', '올리고당', '물']"
7020057,"['우동', '베이컨', '새우', '파', '양배추', '양파', '숙주', '가쓰오부시', '굴소스', '간장', '물엿', '맛술']"
7020056,"['깻잎', '두부', '당근 조금', '양파 조금', '밥', '쌈장', '매실액', '참기름', '통깨', '참치액', '소금 약간', '후추 약간']"
7020055,"['고등어', '당근', '표고버섯', '호박', '양파', '카레가루', '계란', '무순 약간 ', '레몬']"
7020054,"['표고버섯', '양파', '당근', '청고추', '간장', '올리고당', '굴소스', '맛술', '다진 마늘', '식용유', '참기름', '통깨']"
7020053,"['양조간장', '설탕', '맛술', '생강가루 약간', '후추가루 약간', '다진마늘', '조청', '물', '참기름', '청양고추']"
7020052,"['식용유', '익은 배추김치', '양파', '참치캔', '국간장', '다진마늘', '참치액', '고춧가루', '다진 파']"
7020051,"['소고기 불고기용', '당근', '양파', '표고버섯', '새송이버섯', '대파', '배', '양파', '편생강', '설탕', '올리고당', '다진마늘', '맛술', '간장', '후추 약간', '통깨']"
7020050,"['동죽조개', '통마늘', '홍고추', '청양고추', '대파', '맛술', '후추 약간', '물']"
7020049,"['깐 도라지', '오이', '양파', '고춧가루', '고추장', '다진마늘', '설탕', '식초', '통깨']"
7020048,"['소고기 다짐육', '당근', '양파', '대파', '밥', '계란', '소금', '후추 약간']"
7020047,"['캔참치', '김치', '두부', '양파', '대파', '물', '김치국물', '설탕', '고춧가루', '국간장', '다진마늘', '액젓', '소금 약간', '후추 약간']"
7020045,"['호박', '새우젓', '고춧가루', '통깨', '파', '마늘']"
7020044,"['바나나', '피넛버터', '베이킹용다크초콜릿 ', '견과류']"
7020043,"['식빵', '토마토 소스', '피자치즈', '소시지', '양파', '빨간 파프리카', '노란 파프리카']"
7020042,"['떡국떡', '느타리버섯 ', '파프리카 빨강', '피망1/2개', '양파', '만능간장', '마늘', '꿀', '물', '참기름', '깨']"
7020041,"['삶은 취나물', '간 마늘', '다진 파', '국간장', '맛술', '들기름', '깨소금', '다시마 우린 물', '참기름', '통깨']"
7020040,"['딸기', '설탕', '레몬즙']"
7020039,"['두부', '소고기', '팽이버섯', '양파', '대파', '물', '미림', '후추 약간', '물', '새우젓', '다진마늘', '참치액젓', '국간장', '고춧가루']"
7020038,"['사각어묵', '대파', '고춧가루', '진간장', '올리고당', '참기름', '식용유', '통깨 솔솔 ']"
7020037,"['마시멜로우', '코코아파우더', '우유', '누텔라', '초코펜 약간']"
7020036,"['코다리', '감자', '무', '대파', '식용유', '통깨', '물', '굵은소금', '식초', '물', '마늘', '생강청', '고춧가루', '설탕', '진간장', '액젓', '맛술', '올리고당', '참기름']"
7020035,"['알배기 배추', '검은깨 조금', '부침가루', '물', '식용유 조금']"
7020034,"['칼국수 면', '감자', '호박', '대파', '멸치 육수', '김가루 조금', '깨소금 조금', '고추장', '된장', '액젓', '마늘']"
7020033,"['스파게티면', '육개장', '토마토소스', '페페론치노', '버터', '대파', '파마산 치즈 적당량']"
7020032,"['아귀포', '쪽파', '간 마늘', '맛술', '올리고당', '고추장', '참기름', '통깨']"
7020031,"['바나나', '크래커', '체다치즈', '모짜렐라치즈', '블루베리', '설탕', '시나몬파우더', '레몬즙']"
7020030,"['파스타 면', '소고기 낙엽살', '토마토', '양파', '마늘', '버터', '올리브유', '소금 조금', '후춧가루 조금', '물', '시판 토마토소스']"
7020029,"['두부', '다짐육', '당근', '대파', '양파', '물', '설탕', '고춧가루', '진간장', '된장', '다진마늘', '고추장', '물']"
7020028,"['돼지고기', '애호박', '양파', '감자', '버섯', '식용유', '들기름', '고추장', '고춧가루', '다진마늘', '국간장', '멸치액젓', '맛술', '물']"
7020027,"['살치살', '잣', '마른대추', '간장', '물엿', '설탕', '다진마늘', '미림', '깨소금', '후추', '참기름']"
7020026,"['냉이', '모둠해물', '부침가루', '물', '물', '당근', '식용유', '통깨 약간']"
7020025,"['밥', '김', '상추', '모둠전', '묵은지', '소금', '참기름', '깨소금 약간']"
7020024,"['문어숙회', '미나리', '오이', '양파', '당근 조금', '대파', '청양고추', '깻잎 조금', '야채 취향것', '고춧가루', '고추장', '간장', '액젓', '마늘', '식초', '레몬즙', '설탕', '꿀']"
7020023,"['꼬막', '간 마늘', '진간장', '참치 액', '매실액', '고춧가루', '참기름', '통깨']"
7020022,"['잡채', '부추', '굴소스', '식용유 약간', '밀가루', '물', '달걀', '소금']"
7020021,"['동태포', '달걀', '전분', '빵가루', '식용유 약간', '맛술', '소금', '소금 약간', '후추 약간', '마요네즈', '식초', '레몬즙', '소금', '알룰로스', '후추', '다진 양파', '다진 단무지']"
7020020,"['살치살', '쌈장 조금', '생와사비 조금', '소금 조금', '후추 조금', '모듬새싹 적당히', '무절임 조금']"
7020019,"['찰현미4컵', '수수 조금', '기장 조금', '당근300g', '팽이버섯', '다시마 요리팩 ']"
7020018,"['소고기', '냉이', '무', '호박', '두부', '대파', '청양고추', '멸치 육수', '된장', '간 마늘', '고춧가루']"
7020017,"['황태채', '무', '콩나물', '두부', '홍고추', '대파', '달걀 흰자', '멸치 다시마육수', '참기름', '국간장', '다진마늘', '새우젓', '소금 약간']"
7020016,"['느타리버섯', '시금치', '양파', '죽염', '계란']"
7020015,"['황태 북어', '쪽파', '찹쌀가루', '식용유', '참기름', '진간장', '맛술', '참기름', '설탕', '고춧가루', '마늘', '생강청', '진간장', '맛술', '올리고당', '고추장', '후춧가루', '통깨']"
7020014,"['찰 팽이버섯', '다시마 요리팩']"
7020013,"['우엉', '간장', '알룰로스', '스테비아 설탕', '물']"
7020012,"['나물', '야채 ', '밥', '식용유', '밀가루']"
7020011,"['나물', '계란', '식용유 넉넉하게', '후추']"
7020010,"['방울토마토', '올리브유', '계란', '전분', '닭가슴살', '간장 소량', '파']"
7020009,"['떡국떡', '어묵', '비엔나소세지', '양배추 조금', '포도씨유', '다진마늘', '고추장', '고춧가루', '국간장', '올리고당', '설탕 취향껏', '참기름 조금', '통깨 조금', '물']"
7020008,"['고사리 데친거', '쪽파', '들기름', '마늘', '국간장', '홍게 액젓', '소주', '물', '들깨가루', '통깨 약간']"
7020007,"['박력분', '버터', '생크림', '설탕', '소금', '초코칩', '노른자', '우유', '슈가파우더 약간']"
7020006,"['연어', '오이', '달걀', '맛술', '검은 깨', '밥', '소금 약간', '후춧가루 약간', '식용유', '식초', '설탕', '소금 약간']"
7020005,"['소고기', '무', '대파', '다시마', '물', '참기름', '다진 마늘', '국간장', '소금', '후추']"
7020004,"['핫케이크 가루', '우유', '계란', '식빵', '베이컨', '파슬리가루 톡톡']"
7020003,"['돼지고기 머릿고기 ', '순대', '사골국물', '부추', '양파', '고추가루', '다진마늘', '까나리액젓', '국간장', '다시다 조금', '다진 청양고추']"
7020002,"['소면', '백김치', '오이', '사각조미 김', '달걀', '간장', '설탕', '들기름', '통깨', '설탕', '참기름', '식용유', '소금']"
7020001,"['도토리묵', '계란', '김가루 넉넉히', '배추김치 약간 ', '국간장', '쪽파 약간 ', '통깨 약간 ']"
7020000,"['떡국떡', '어묵', '대파', '라면', '삶은계란', '코인육수', '고추장', '고춧가루', '다진마늘', '간장', '설탕', '다시다', '후추가루']"
7019999,"['햄', '감자', '통마늘', '대파 약간 ', '통깨', '진간장', '설탕', '물']"
7019998,"['우삼겹', '팽이버섯', '숙주나물', '알배추', '양파절임소스', '양파슬라이스']"
7019997,"['감자탕용 돼지등뼈', '감자 중자', '깻잎', '삶은 시래기', '양파', '파', '월계수 잎', '고춧가루', '까나리액젓', '다진 마늘', '다진 생강 조금', '된장', '국간장', '다시다', '미림', '참치액']"
7019996,"['파스타', '두반장', '굴소스', '소고기 다짐육', '느타리버섯', '양파', '마늘', '청경채', '생크림', '바질가루 약간', '소금 약간', '후추 약간', '고춧가루 약간', '어린잎채소 약간']"
7019995,"['아보카도', '밥', '참기름', '소금', '통깨 약간']"
7019994,"['골든블루 사피루스', '토닉워터', '레몬', '얼음']"
7019993,"['닭 윙', '요거트', '식용유 약간', '소금', '후추', '전분', '다진 생강', '진간장', '물', '맛술', '굴소스', '물엿', '식초', '식용유', '참기름', '깨소금 약간', '후추 약간']"
7019992,"['오이', '양파', '고춧가루', '진간장', '참기름', '다진 마늘', '올리고당', '통깨 약간']"
7019991,"['깻잎', '소고기 다짐육', '돼지고기 다짐육', '당근', '양파', '표고버섯', '슬라이스햄', '식용유 약간', '케첩 약간', '전분', '굴소스', '달걀 흰자', '전분', '다진마늘', '소금 약간', '후추 약간', '달걀', '맛술', '소금 약간']"
7019990,"['브로콜리', '두부', '다진 마늘', '국간장', '소금', '참기름', '통깨 약간']"
7019989,"['표고버섯', '들깨가루', '애호박', '수제비', '천일염', '후추', '들기름']"
7019988,"['봄동', '다진마늘', '대파 넉넉히', '된장', '들기름']"
7019987,"['게살', '팽이버섯', '계란', '참치액', '코인육수', '대파 넉넉히', '소금 약간 ', '후춧가루 약간 ', '전분가루']"
7019986,"['애호박', '당근', '튀김가루', '찬 물', '참치액', '식용유 넉넉히']"
7019985,"['칼국수면', '자숙 꼬막', '오징어', '냉동 새우 살', '알배추', '양배추', '청경채', '양파', '당근', '대파', '청양고추', '통마늘', '물', '고춧가루', '간장', '칠리 오일', '굴 소스', '맛술', '참치 액젓', '후추']"
7019984,"['동물성 휘핑크림', '연유', '딸기', '설탕', '얼음 적당량', '우유', '딸기']"
7019983,"['명란젓', '계란', '식용유', '다진파', '참기름', '밥', '통깨', '마요네즈']"
7019982,"['새우살', '대패삼겹살', '표고버섯', '진간장', '굴소스', '올리고당', '통깨']"
7019981,"['소고기', '양파', '당근', '브로콜리', '한알 육수', '물']"
7019980,"['스팸', '밥', '신김치', '고춧가루', '김치국물', '식용유', '대파 다진거', '진간장', '마요네즈', '참기름', '통깨', '김가루']"
7019979,"['무', '양파', '생수', '밥', '다시마', '참치 액', '소금']"
7019978,"['오징어', '김', '밥', '참기름', '소금', '깨', '간장', '참치액젓', '설탕', '올리고당', '매실청']"
7019977,"['닭', '전복', '양파', '파', '청양고추', '감자', '고구마', '당근', '참기름', '다진마늘', '송송 써 파', '간장', '물', '설탕', '다진생강']"
7019976,"['로제스파게티소스', '가로팔로 유기농 파스타면 ', '소고기다짐육']"
7019975,"['당면', '소고기 다짐육', '어묵', '맛살', '시금치', '양파', '당근', '식용유', '간장', '참기름', '설탕', '올리고당', '깨']"
7019974,"['소고기 다짐육', '호박', '당근', '양파', '표고버섯', '감자', '참치액', '육수한알', '소금 약간', '후추 약간', '참기름']"
7019973,"['중멸치', '양파', '풋고추', '진간장', '물엿', '고추가루', '깨소금', '참기름']"
7019972,"['소고기 국거리', '파', '당근', '밥', '조미김', '다진마늘', '간장', '설탕', '올리고당', '참기름', '깨']"
7019971,"['식빵', '마요네즈', '다진마늘', '설탕', '꿀']"
7019970,"['양파', '파프리카', '물', '식초', '설탕', '소금', '피클링스파이스', '월계수잎']"
7019969,"['청경채', '양파', '당근', '식초', '다진마늘', '까나리액젓', '새우젓', '진간장', '매실청', '설탕', '고춧가루', '참깨', '참기름']"
7019968,"['당면', '돼지고기 잡채용', '사각어묵', '맛살', '느타리버섯', '마늘', '식용유', '깨', '간장', '참기름', '올리고당', '간장', '간장', '설탕', '참기름', '올리고당', '깨', '다시다', '간장']"
7019967,"['세발나물', '당근', '양파', '액젓', '다진마늘', '참기름', '통깨']"
7019966,"['삼겹살', '깻잎', '양파', '생강 조금', '마늘', '후춧가루 약간', '설탕', '간장', '미림', '물']"
7019965,"['물만두', '식용유', '케찹', '간장', '설탕', '꿀', '식초']"
7019964,"['닭다리살', '닭가슴살', '떡국떡 취향껏', '우유', '후춧가루', '올리브유 넉넉히', '대파 약간', '고추장', '고춧가루', '간장', '굴소스', '물엿', '설탕', '케첩', '맛술', '물', '다진마늘', '통마늘']"
7019963,"['계란', '식빵', '마요네즈', '설탕', '소금', '소금']"
7019962,"['우엉', '청피망', '홍고추', '양파', '숙주', '진간장', '참치액', '맛술', '설탕', '물엿']"
7019961,"['고구마', '소금', '식용유']"
7019960,"['우유', '요거트']"
7019959,"['미니 떡갈비', '애호박', '당근', '양파', '대파', '계란', '소금', '설탕', '후추', '간장', '후추', '밥']"
7019958,"['순살 삼치', '채썬 생강 약간', '다진마늘', '간장', '조청', '매실액', '후추가루 톡톡', '물']"
7019957,"['양송이스프 분말', '물']"
7019956,"['닭다리살', '맛술', '간장', '올리고당', '다진마늘', '설탕', '대파', '우유']"
7019955,"['양배추', '굵은소금', '애플사이더비니거', '레몬즙', '홀그레인머스타드', '소금', '생강청', '매실청']"
7019954,"['소고기', '무', '두부', '국간장']"
7019953,"['김치', '스팸', '대파', '계란', '간장', '고춧가루', '통깨 약간']"
7019952,"['콩나물', '쌀', '물 (콩나물삶은물)', '다진 쇠고기', '계란', '달래', '청양고추', '홍고추', '양조간장', '참기름', '참깨']"
7019950,"['계란', '당근', '햄', '대파 (or부추)', '소금', '밥', '김밥용김', '통깨', '참기름']"
7019949,"['미니양배추', '오일', '버터', '소금', '후추 약간', '물', '식초']"
7019948,"['소고기 다짐육', '양파', '간장', '밀가루', '설탕', '후추 약간']"
7019947,"['메밀국수 면', '조미김', '통깨 적당량', '들기름', '간장', '설탕', '식초', '후추 적당량']"
7019946,"['식빵', '양상추', '삶은계란', '로메인', '치즈', '샌드위치햄', '오이 슬라이스', '머스타드', '소금', '후추', '마요네즈']"
7019945,"['호두', '지리멸치', '식용유', '간장', '미림', '올리고당', '설탕', '깨']"
7019944,"['버터', '고추장', '다진마늘', '파마산치즈가루', '꿀', '파스타면', '새우', '고추장버터', '다진마늘 약간', '후추 약간', '쪽파 약간']"
7019943,"['홍가리비', '빨간 파프리카', '미림', '피자치즈', '슈레드치즈', '파슬리 약간', '다진마늘', '양파', '마요네즈', '버터', '꿀', '후추 약간']"
7019942,"['새우', '대파', '피망', '노란파프리카', '식용유', '두반장', '올리고당', '간장', '미림', '고춧가루', '설탕', '다진마늘', '참기름', '볶은참깨', '후춧가루']"
7019941,"['밥', '돼지고기 다짐육', '숙주', '대파', '달걀', '홍고추', '당근', '식용유', '맛술', '후춧가루 약간', '굴 소스', '설탕', '멸치 액젓', '소금 약간']"
7019940,"['키조개관자', '시금치', '청양고추', '해물품은한알', '된장', '다진마늘', '생강술', '후추가루 아주조금']"
7019939,"['베이컨', '팽이버섯', '식용유', '돈까스소스']"
7019938,"['바사 필레', '가다랭이 육수', '진간장', '설탕', '청주', '맛술', '생강']"
7019937,"['무', '굴', '양파', '배', '홍고추', '찹쌀풀', '새우젓', '고추가루', '다진마늘', '생강', '설탕', '소금']"
7019936,"['계란', '양파', '대파', '참치액', '까나리액젓', '소금', '후추 톡톡 ', '물']"
7019935,"['오이', '양파', '대파', '다진 마늘', '고추장', '고춧가루', '진간장', '흰설탕', '참기름', '통깨 넉넉하게']"
7019934,"['백 진미채', '고춧가루', '마요네즈', '고추장', '설탕', '물엿', '물', '참기름', '통깨 약간']"
7019933,"['설탕', '베이킹소다', '달고나', '우유']"
7019931,"['감자', '생새우', '멸치육수', '된장', '고추장', '다진마늘', '맛술', '황설탕', '국간장', '소금 약간']"
7019930,"['고구마', '당근', '브로콜리', '양파', '식용유 약간', '튀김가루', '물', '식용유', '소금']"
7019929,"['참송이 버섯', '양배추', '쌀', '검은쌀 조금']"
7019928,"['달래', '차돌박이', '두부', '무', '양파', '청양고추', '홍고추', '대파', '다진 마늘', '고춧가루', '멸치육수', '재래식 된장']"
7019927,"['소고기 다짐육', '고추장', '조청', '물', '대파 흰 부분', '다진마늘', '맛간장', '매실액', '생강술', '꿀']"
7019926,"['코다리', '식용유 약간', '전분', '마늘', '깨소금 약간', '소금', '후추', '맛술', '간장', '물', '고추장', '케첩', '맛술', '황설탕', '식초', '물엿', '후추 약간']"
7019925,"['동태포', '부추', '당근', '식용유 약간', '전분', '달걀', '참기름 약간', '소금', '후추', '맛술', '맛술', '소금']"
7019924,"['도토리묵', '계란', '밀가루', '부침가루', '설탕', '고춧가루', '간마늘', '깨소금', '참기름', '진간장']"
7019923,"['물미역', '무', '생강술', '설탕', '소금', '사과식초', '사과식초', '설탕', '다진마늘', '고추가루', '통깨 조금']"
7019922,"['박력분', '버터', '계란', '설탕', '소금3g', '베이킹파우더', '사과', '설탕', '레몬즙']"
7019921,"['우렁살', '양파', '대파 흰 부분', '애호박1/3', '청양고추', '홍고추', '두부', '밀가루', '참기름', '다진마늘', '고춧가루', '된장', '물', '멸치코인육수']"
7019920,"['당근', '애호박', '양파', '느타리버섯', '찬밥', '냉동새우', '카레가루', '계란', '후추 소량']"
7019919,"['감자', '왕새우', '당근', '양파', '계란', '튀김가루', '빵가루', '버터', '소금', '후춧가루 톡톡 ', '화이트 와인']"
7019918,"['고구마 중 사이즈', '알룰로스', '검은깨', '타피오카전분', '우유']"
7019917,"['홀토마토캔', '양파', '당근', '토마토', '양배추', '소금', '후추 톡톡 ']"
7019916,"['새우젓', '실파', '오이고추1개', '홍고추1개', '청양고추1개', '다진마늘1t', '올리고당 조금', '통깨', '참기름', '식초']"
7019915,"['마른미역', '참기름', '소금 약간 ', '국간장', '후춧가루 약간 ']"
7019914,"['순살 닭고기', '단호박', '감자', '대파', '양파', '당근', '청양고추', '베트남고추', '진간장', '굴소스', '맛술', '설탕', '다진마늘', '후추 약간', '참기름 약간']"
7019913,"['무 조금', '설탕', '소금 조금', '고추냉이 조금', '식초 넉넉히']"
7019912,"['밥', '파인애플', '새우', '당근', '양파', '피망 약간씩', '계란', '다진마늘', '진간장', '액젓', '식용유 약간', '후추 약간 ']"
7019911,"['고형 짜장', '물', '닭가슴살', '양배추 약간', '감자', '양파', '다진마늘', '꿀 약간 (또는 올리고당)', '식용유', '소금', '맛술', '후추 약간']"
7019910,"['수삼', '우유', '꿀', '잣']"
7019909,"['밥', '두부', '깻잎', '김밥용김', '맛소금', '통깨', '참기름', '식용유', '다진마늘', '고춧가루', '진간장', '올리고당', '물', '통깨', '참기름']"
7019908,"['등갈비', '묵은지', '월계수잎', '통후추', '생강가루', '간장', '고춧가루', '설탕', '마늘', '참기름']"
7019907,"['홍 진미채', '맛술', '설탕', '마요네즈', '식용유', '마늘', '참기름', '통깨 약간', '고추장', '간장', '올리고당']"
7019906,"['브로콜리', '굵은소금', '식초']"
7019905,"['양배추', '파프리카', '스위트콘', '마요네즈', '식초', '설탕', '소금']"
7019904,"['엿기름', '물', '밥', '설탕', '계피', '생강']"
7019903,"['밥', '참기름', '소금', '통깨 약간', '참치', '마요네즈', '진간장', '올리고당']"
7019902,"['등뼈', '잘 익은 김치', '양파', '대파', '고추가루', '다진마늘', '설탕', '다시다', '간장', '소금']"
7019901,"['계란', '굵은소금', '물', '얼음 넉넉하게']"
7019900,"['콩나물', '물', '소금', '고춧가루', '다진 마늘', '참치액', '참기름', '통깨 약간']"
7019899,"['달걀', '다진 당근', '다진 대파', '다진 양파', '소금']"
7019898,"['달걀', '우유', '토마토', '다진 양파', '통마늘', '대파', '간장', '굴소스', '설탕', '후춧가루 약간', '전분가루', '물']"
7019897,"['당근', '소금', '올리브오일', '홀그레인머스타드', '꿀', '레몬즙']"
7019896,"['떡국용떡', '소고기', '달걀', '대파', '사골육수', '국간장', '다진 마늘', '설탕', '소금', '후추 적당량']"
7019895,"['김치', '돼지고기 삼겹살', '양파', '대파', '두부', '다진 마늘', '새우젓', '진간장', '고춧가루', '쌀뜨물', '김칫국물', '굵은소금', '식초']"
7019894,"['호빵', '오일', '체다치즈']"
7019893,"['돼지고기 등심', '밀가루', '달걀', '빵가루']"
7019892,"['돼지 등갈비', '청주', '생강즙', '다진마늘', '소금', '후추 톡톡', '식용유', '떡볶이떡 (선택)', '간장', '고춧가루', '맛술', '다진마늘', '생강청', '설탕', '물엿', '물', '매운 건고추', '참기름', '통깨 (또는 잣가루)', '아몬드슬라이스']"
7019891,"['김밥김', '참치', '마요네즈', '당근라페 적당량', '달걀', '밥', '참기름', '소금', '통깨 적당량']"
7019890,"['두부 부침', '동태전', '스팸', '비엔나 소시지', '콩나물', '김치', '다진 마늘', '대파', '청양고추', '다시마 멸치육수', '소금', '후추 약간']"
7019889,"['참치캔', '계란', '다진당근 조금', '양파', '청양고추', '맛소금 조금', '팽이버섯', '후춧가루 톡톡 ', '식용유 넉넉히']"
7019888,"['계란', '흑설탕', '바닐라오일 약간', '카놀라유', '박력분', '시나몬파우더', '베이킹파우더', '피칸', '아몬드', '당근', '크림치즈', '슈가파우더', '동물성 휘핑크림', '레몬즙', '호두 약간']"
7019887,"['팽이버섯', '달걀', '밥', '굴 소스', '들기름', '소금 약간', '식용유', '비엔나 소세지', '통깨 약간']"
7019886,"['감자', '계란', '마요네즈', '소금 조금', '설탕 조금', '노란 파프리카', '빨간 파프리카']"
7019885,"['배추', '된장', '들기름', '들깨가루', '대파']"
7019884,['고구마']
7019883,"['소고기 국거리', '무', '콩나물', '대파', '소금', '고춧가루', '다진 마늘', '국간장', '참치액', '소고기다시다', '물']"
7019882,"['사각어묵', '통깨 약간', '고추장', '굴소스', '고춧가루', '다진마늘', '올리고당', '후추']"
7019881,"['참치캔', '멸치육수', '찬밥', '호박', '당근', '참기름', '참치액젓', '가는소금', '깨소금']"
7019880,"['소고기 다짐육', '돼지고기 다짐육', '우엉조림', '새송이버섯', '대파', '양파', '식용유 넉넉히', '진간장', '다진마늘', '맛술', '설탕', '후추', '찹쌀가루', '간장', '꿀', '참기름']"
7019879,"['고등어', '가는 소금', '백미', '찹쌀', '물', '쪽파 쏭쏭', '깨소금', '참기름', '식용유 넉넉히']"
7019878,"['스팸', '양파', '파', '사골곰탕', '물', '떡국떡', '잘익은김치', '고춧가루', '된장', '고추장', '참치액젓', '다진마늘']"
7019877,"['생크림', '설탕', '우유200ml', '에스프레소', '흑임자']"
7019876,"['잔멸치', '슬라이스아몬드', '식용유', '설탕', '꿀', '물엿', '생강청', '통깨']"
7019875,"['파스타면', '올리브오일', '마늘', '후추', '파마산치즈', '냉동 흰 다리 새우']"
7019874,"['순두부', '대파', '달걀', '다진마늘', '소금', '후추 톡톡', '굴소스', '참기름']"
7019873,"['닭다리살', '소금 약간', '맛술', '쪽파 약간', '식용유 약간', '간장', '설탕', '생강가루 약간']"
7019872,"['소고기 국거리', '콩나물', '무', '대파', '참기름', '고추가루', '다진마늘', '설탕', '국간장', '알약 육수']"
7019871,"['인삼', '찹쌀가루', '소금', '치즈']"
7019870,"['닭봉', '대파', '통후추', '술', '통마늘', '고추장', '고운고춧가루', '간장', '매실액', '생강청']"
7019869,"['LA갈비', '시판 소갈비양념장', '물', '사과즙', '무', '당근', '대추']"
7019868,"['두부', '소고기', '무', '녹말가루', '파프리카', '느타리버섯', '당근 약간', '양파1/2개', '숙주', '미나리', '후추 약간', '마늘', '참기름', '육수']"
7019867,"['깐도라지', '굵은소금', '들기름', '국간장', '통깨']"
7019866,"['라면', '대파', '식용유']"
7019865,"['소고기 국거리용', '무', '두부', '곤약', '새우살', '어묵', '멸치육수', '국간장', '참치액', '참기름']"
7019864,"['상추', '액젓', '고춧가루', '매실액', '생강청', '식초', '깨']"
7019863,"['동치미 무 작은거', '고춧가루', '올리고당', '통깨 약간']"
7019862,"['계란', '방울토마토', '대파', '체다치즈', '어린잎채소', '사워도우번', '식초', '올리브오일', '소금', '파슬리가루 톡톡', '쯔유', '맛술', '후추 톡톡']"
7019861,"['고사리 (불린거)', '국간장', '참기름', '멸치육수', '들깨가루', '통깨']"
7019860,"['봄동', '양배추', '양파', '파', '다진마늘', '팽이버섯', '순두부', '굴소스', '후추 약간', '마라소스']"
7019859,"['캐모마일 티백', '뜨거운 물', '모구모구리치', '로즈마리 약간', '크랜베리 약간']"
7019858,"['파스타면', '새송이버섯', '마늘', '골뱅이', '그린빈', '페페론치노 약간', '버터', '소금', '굴소스', '골뱅이통조림국물', '면수', '소금 약간', '후추 약간', '그라나파다노치즈 약간']"
7019857,"['데친 상추', '빨강 파프리카 조금 (또는 홍고추)', '굵은소금', '마늘', '깨소금', '고춧가루', '매실청', '된장', '고추장', '참기름', '통깨']"
7019856,"['훈제오리', '알배추', '팽이버섯', '양파', '청경채', '숙주', '청양고추', '홍고추', '간장', '들기름', '다진마늘', '식초', '후추 약간', '물', '올리고당']"
7019855,"['밥', '당근', '우엉', '김밥용햄', '단무지', '김', '계란', '소금', '참기름', '통깨']"
7019854,"['꽈리고추', '물', '진간장', '멸치액젓', '설탕', '올리고당', '맛술', '다진 마늘']"
7019853,"['깐양', '순두부', '돼지고기 다짐육', '고춧기름', '고춧가루', '썬파', '다진마늘', '다진생강', '양조간장', '꽃게액젓', '후추', '물']"
7019852,"['두부', '계란', '부추', '당근', '부침가루', '소금', '식용유 적당히', '진간장', '맛술 미림', '식초', '들기름', '통깨 살짝']"
7019851,"['닭 볶음탕용', '홍고추', '감자', '양파', '새송이버섯', '대파', '홍고추', '물', '물', '소주', '고추장', '고춧가루', '진간장', '설탕', '다진 마늘']"
7019850,"['묵은지', '다진 마늘', '고춧가루', '황설탕', '들기름', '올리고당', '물', '통깨 솔솔 ']"
7019849,"['만두', '소고기 양지살', '양파', '청양고추', '홍고추', '대파 조금', '쑥갓 조금', '다진마늘', '참치액젓', '고추가루']"
7019848,"['돼지고기 콩팥', '마늘', '소금', '후추', '식용유', '향신료']"
7019847,"['냉이', '광대나물', '멸치액젓', '참기름', '깨소금 약간']"
7019846,"['샤인머스켓', '탄산수', '꿀']"
7019845,"['우유', '유기농 초콜릿', '코코아 파우더 적당히']"
7019844,"['소고기 아롱사태', '깐메추리알', '꽈리고추', '마늘', '생강', '다시마', '대파잎 조금', '대파뿌리', '월계수잎', '양파', '마늘', '생강', '통후추', '소고기 삶은 육수', '흑설탕', '진간장', '맛술']"
7019843,"['귤', '효모', '설탕', '레몬즙', '물']"
7019842,"['고구마', '계란', '설탕', '생수', '핫케이크 믹스', '우유', '파슬리', '슈가파우더 약간']"
7019841,"['밥', '소고기 불고기용', '감자', '당근', '단호박', '부추', '양파', '참기름', '국간장', '소금', '물']"
7019840,"['딸기', '사과', '파인애플', '플레인 요거트', '레몬즙', '꿀', '소금', '후추 톡톡', '파슬리가루 약간']"
7019839,"['콜라비', '소금', '다진마늘', '고추가루', '설탕', '통깨 조금']"
7019838,"['봄동', '소고기 양지', '다진 대파', '다진 마늘', '청양고추', '홍고추', '멸치육수', '재래식 된장', '참기름', '소금 약간']"
7019837,"['콩나물', '청양고추', '대파 조금', '고추가루', '다진마늘', '소금']"
7019836,"['모듬전', '김치', '콩나물', '물', '잡채', '김치국물', '코인육수']"
7019835,"['두부면', '씻은 숙주', '전복', '다진 대파', '고춧가루', '물', '동전 육수']"
7019834,"['식빵', '파프리카 슬라이스', '로메인', '샌드위치햄', '오이 슬라이스', '양상추', '토마토 슬라이스', '치즈', '마요네즈', '머스타드']"
7019833,"['두부면', '묵은 김치', '생토마토', '양파', '현미 가래떡', '대파', '다진 마늘', '다진 꽈리고추', '아보카도오일', '건바질가루 ', '다진 견과류']"
7019832,"['레드 비트', '당근', '양파', '다진 마늘', '집간장', '냉압착 올리브오일', '건 다시마 물', '다진 쪽파']"
7019831,"['카레 버터맛', '대패삼겹살', '양파', '후추 약간', '물', '케첩']"
7019830,"['커버춰초콜릿', '생크림', '물엿', '무염버터', '무가당 코코아 파우더 넉넉히']"
7019828,"['청어', ' 밀가루 조금', '대파', '양파', '식용유 넉넉하게', '진간장', '물', '매실청', '참기름', '다진 마늘', '생강술']"
7019827,"['밥', '가지', '부추 약간 (또는 무순)', '통깨 약간', '달걀 노른자', '물', '간장', '맛술', '다진 마늘', '설탕', '양배추', '달걀', '소금 약간', '후추 약간']"
7019826,"['부침가루', '부추', '오징어', '청양고추', '간장', '식초', '고추', '양파']"
7019825,"['스팸', '밥', '김밥용 김', '간장', '맛술', '청주', '설탕']"
7019824,"['쪽파', '고추가루', '베트남 고추가루', '설탕', '다진마늘', '멸치액젓', '물']"
7019823,"['양배추', '콩나물', '밥', '고춧가루', '간장', '매실청', '참기름', '마늘 조각', '청양고추 조각', '참깨']"
7019822,"['생선', '양파', '파', '무', '호박', '청양고추', '꽃게다리', '다시마물', '고추장', '쌈장', '고추가루', '베트남 고추가루', '맛술', '다진마늘', '참치액']"
7019821,['양배추']
7019820,"['대파', '계란', '쪽파 조금', '간장', '버터']"
7019819,"['된장', '두부', '표고버섯', '대파 넉넉히', '팽이버섯', '감자', '양파']"
7019818,"['건미역', '소고기 국거리', '물', '진간장', '참기름', '다진 마늘', '국간장', '멸치액젓', '소금 약간']"
7019817,"['소고기 국거리용', '물', '코인 육수', '무', '삶은 고사리', '삶은 토란대', '대파', '양파', '숙주나물', '표고버섯', '느타리버섯', '참기름', '식용유', '고춧가루', '국간장', '소금', '계란', '당면 약간', '고춧가루', '국간장', '멸치 액젓', '다진 마늘', '후춧가루 톡톡']"
7019816,"['꼬치어묵', '무', '다시다 티백', '국간장', '청양고추', '홍고추', '대파 넉넉히', '표고버섯']"
7019815,"['김밥김', '밥', '오이', '당근', '크래미 넉넉하게', '계란', '소금 약간', '식용유 약간', '맛소금', '참기름', '통깨 약간씩']"
7019814,"['오징어', '새우', '양배추', '당근', '계란', '부침가루', '물', '소금 약간', '후추 약간', '데리야끼소스', '마요네즈']"
7019813,"['닭다리살 정육', '고구마', '양배추', '대파', '깻잎', '청양고추', '참기름', '통깨 약간', '피자치즈 듬뿍', '고추장', '고춧가루', '간장', '맛술', '설탕', '카레가루', '다진마늘', '생강가루 약간']"
7019812,"['시판 나시고랭 양념', '밥', '새우', '대파', '양파', '피망', '파프리카', '숙주나물', '식용유 약간', '계란']"
7019811,"['밥', '고사리 볶음', '도라지 볶음', '시금치 무침', '상추', '불고기', '밥', '깻잎', '김밥용김', '단무지', '우엉조림', '달걀', '참기름 조금', '깨 조금']"
7019810,"['참나물', '양파', '간장', '식초', '액젓', '설탕', '다진마늘', '매실청', '고춧가루 크게', '들기름', '통깨', '차돌박이', '소금', '후추 약간']"
7019809,"['양배추', '방울토마토', '루꼴라', '모짜렐라 치즈', '베이컨 크럼블스', '달걀', '또띠아', '케찹']"
7019808,"['연어', '소금', '후추', '메밀면', '방울토마토', '아보카도', '샐러드 믹스', '크러쉬드페퍼', '간장', '참기름', '식초', '올리브오일', '설탕', '깨']"
7019807,"['얼음 적당량', '우유', '연유', '에스프레소']"
7019806,"['시래기 불린거', '쌀', '물', '진간장', '고춧가루', '대파', '통깨', '참기름', '매실액', '다진 마늘', '물']"
7019805,"['삼겹살', '김치', '소주', '김치국물', '물', '새우젓', '설탕', '마늘', '다진 대파']"
7019804,"['불린쌀', '고등어', '다시마', '레몬', '쪽파 넉넉히']"
7019803,"['새꼬막', '달래', '홍고추', '홍게간장', '양조간장', '참기름', '참깨', '물', '굵은 소금', '식초', '물', '소금', '식초', '소주']"
7019802,"['소고기 국거리', '무', '대파', '콩나물']"
7019801,"['밥', '김가루', '계란', '김치', '햄', '떡갈비']"
7019800,"['돼지고기 삼겹살', '배추김치', '다진마늘']"
7019799,"['닭가슴살 캔', '대파 넉넉히', '콩나물', '계란', '표고버섯', '팽이버섯', '양파', '호박 약간', '당근 약간', '고추가루', '치킨스톡', '참치액', '다진마늘', '사골육수', '물', '소금 약간', '후추 약간']"
7019798,"['대패 삼겹살', '부추', '마늘', '간장', '설탕', '식초', '피시소스', '고추기름']"
7019797,"['버터와규주먹밥', '취나물', '참나물', '부지깽이나물', '도라지무침 ', '단무지', '계란', '김밥용김']"
7019796,"['두릅', '쪽파', '청피망', '빨강피망', '노랑피망', '오징어', '회초장', '땅콩소스']"
7019795,"['참나물', '사과', '액젓', '고춧가루', '생강청', '매실액', '식초', '깨']"
7019794,"['시금치', '국간장', '깨', '참기름']"
7019793,"['수삼', '쌀', '밤', '물']"
7019792,"['돼지고기 다짐육', '두부', '다진당근 조금', '대파 조금', '다진마늘', '맛술', '참치액', '맛소금', '후춧가루 조금', '부침가루', '달걀', '식용유 넉넉히']"
7019791,"['잡채', '부추', '당근', '진간장', '참기름', '물', '밥', '참기름', '소금', '후추 조금']"
7019790,"['소고기', '떡국떡', '무', '달걀', '도시락 김', '국간장', '다진마늘', '다진생강', '생강즙', '참기름', '천일염 적당량', '소금', '후춧가루 톡톡 ']"
7019789,"['꼬지전 외', '밥', '대파', '식용유', '멸치 액젓', '소금 약간', '참기름 약간']"
7019788,"['밥', '닭 다리살', '쪽파', '다시마', '달걀', '양파', '쯔유']"
7019787,"['고사리나물', '숙주나물 ', '도라지나물', '시금치나물', '느타리버섯볶음 ', '고추장', '참기름']"
7019786,"['크래미', '계란', '팽이버섯', '대파 조금', '치킨스톡', '전분가루', '물', '참치 액', '후추', '참기름', '물']"
7019785,"['고사리 나물 조금', '시금치 나물 조금', '도라지 나물 조금', '무생채 조금', '숙주나물 조금', '소고기 소보로2스푼', '밥', '계란', '참기름', '고추장']"
7019784,"['연두부', '계란', '참치액', '맛술']"
7019783,"['배추', '대파', '참치 액', '다진 마늘', '페페론치노', '깨소금', '참기름', '후추']"
7019782,"['양배추', '소금', '들기름', '들깨', '레몬']"
7019781,"['떡국떡', '계란', '두부', '가다랑어포', '데리야끼소스 적당히', '마요네즈 적당히', '진간장', '참기름', '소금']"
7019780,"['알배기 배추', '부침가루 적당히', '계란', '물 적당히', '올리브 오일 적당히']"
7019779,"['고등어', '묵은지', '대파', '양파', '홍고추', '청양고추', '멸치다시마육수', '들기름', '고춧가루', '진간장', '참치액', '간마늘', '간생강', '맛술', '황설탕']"
7019778,"['소고기', '새우', '채소', '버섯', '간장', '식초', '설탕', '다진 청양고추']"
7019777,"['양배추', '양파', '당근 약간', '달걀', '소금', '후추 약간', '버터', '슬라이스 체다치즈']"
7019776,"['쪽파', '오징어', '냉동새우', '부침가루', '물', '청양고추', '홍고추', '당근 약간', '달걀']"
7019775,"['일배기 배추', '대파', '홍고추', '참기름', '생수', '진간장', '마늘', '맛소금 약간', '후추 톡톡 ', '녹말가루', '통깨']"
7019774,"['홍합탕 국물', '계란', '당근 약간', '대파 약간', '참깨', '물', '홍합', '소금', '소주', '샐러리']"
7019773,"['연근', '부침가루', '계란', '소금', '청고추', '홍고추', '오일 넉넉하게', '물', '소금']"
7019772,"['메주', '물', '천일염', '붉은 고추', '대추', '메주', '콩 삶은거']"
7019771,"['두부', '오트밀', '찹쌀가루', '매운 굴 소스', '식용유', '스테이크소스']"
7019770,"['떡국떡', '소고기', '양파', '당근', '홍고추', '표고버섯 슬라이스', '대파', '소금 약간', '참기름 약간', '후춧가루 약간', '통깨 약간', '진간장', '설탕', '다진 파', '다진 마늘', '참기름 약간', '후춧가루 약간', '맛술', '진간장', '설탕', '진간장', '굴소스', '참기름', '설탕']"
7019767,"['소갈비', '파', '갉은 배', '갈색 설탕', '맛술', '간마늘', '참기름', '조청', '진간장', '다진대파', '후추', '물']"
7019766,"['김장김치', '생수', '대파', '두부', '참기름', '참치액']"
7019764,"['박력분', '통밀가루', '베이킹 파우더', '소금', '황설탕', '버터', '크랜베리', '우유']"
7019763,"['곤약', '사각어묵', '양파', '청양고추', '마늘', '진간장', '원당', '까나리액젓', '고춧가루', '매실엑기스', '고추장', '식용유 조금']"
7019762,"['냉이', '부침가루', '물', '식용유']"
7019761,"['강력분', '소금', '설탕', '이스트', '우유', '버터', '커피', '물', '버터', '설탕', '계란', '럼주', '박력분', '버터', '모짜렐라 치즈', '소금']"
7019760,"['밥', '김', '갓 피클', '계란', '베이컨', '크래미', '오이', '소금', '참기름', '깨소금 약간']"
7019759,"['냉동시판 만두', '오이고추', '튀김가루', '얼음물 ', '식용유']"
7019758,"['튀김가루', '얼음물', '노바시새우', '식용유']"
7019757,"['튀김가루', '얼음물', '줄쥐포', '식용유']"
7019756,"['봄동', '고춧가루', '멸치액젓', '설탕', '다진마늘', '참치액', '간장', '참기름', '소금 약간', '통깨 약간']"
7019755,"['생닭', '대파 넉넉히', '양파', '통마늘', '소금 약간']"
7019754,"['닭다리', '찹쌀', '마늘', '한방삼계탕재료', '대파 약간', '소금 약간', '후추 약간']"
7019753,"['오징어', '삼겹살', '대파', '양파', '당근', '식용유', '고춧가루', '간장', '올리고당', '고추장', '맛술', '설탕', '다진 마늘', '통깨 약간', '생강가루 약간', '후춧가루 약간']"
7019752,"['파스타면', '베이컨', '양파', '표고버섯', '마늘', '올리브오일', '파슬리가루 약간', '소금', '올리브오일', '버터', '체더치즈', '생크림', '우유', '면수', '소금 약간', '후춧가루 약간']"
7019751,"['무염버터', '설탕', '흑설탕', '소금 약간', '노른자', '바닐라오일 약간', '박력분', '베이킹파우더', '베이킹소다', '초코칩', '피칸', '아몬드']"
7019750,"['동물성 휘핑크림', '설탕', '우유', '블루큐라소시럽', '얼음 적당량', '우유', '에스프레소']"
7019749,"['꼬시래기', '다진 마늘', '고추장', '식초', '설탕', '깨', '참기름 약간', '청양고추']"
7019748,"['식빵', '계란', '버터 넉넉히', '꿀', '우유']"
7019747,"['메밀국수 생면', '도시락김', '깻잎', '들기름', '쯔유', '매실청', '통깨', '들기름']"
7019746,"['브로콜리 줄기', '간장', '올리고당', '참기름', '후추', '현미유']"
7019745,"['둥근호박', '굵은 고춧가루', '물', '가쓰오부시', '참치액', '다진 마늘']"
7019744,"['생강', '계피', '생수', '흑설탕', '황설탕']"
7019743,"['도라지무침 ', '취나물액젓무침 ', '부지깽이나물된장무침 ', '참나물무침 ', '고추장', '통깨']"
7019742,"['깐도라지', '회초장', '다진마늘', '다진파', '참기름', '통깨']"
7019741,"['신라면', '다진마늘', '페페론치노', '올리브오일', '물']"
7019740,"['냉동튀김용깐 새우', '부침가루', '계란', '후추가루 조금', '생강술', '포도씨유']"
7019739,"['밥', '햄', '당근 조금', '단무지', '시금치', '달걀', '어묵', '김밥김', '참기름', '깨소금', '소금']"
7019738,"['배추', '당근', '깻잎', '메밀가루', '계란', '포도씨유', '가는소금 조금']"
7019737,"['애호박', '소금 약간', '파스타소스']"
7019736,"['깻잎', '납작 어묵', '부침가루', '계란', '포도씨유 조금']"
7019735,"['소고기', '느타리버섯', '표고버섯', '대파', '코인 육수', '물', '국간장', '참기름', '다진 마늘', '후춧가루 약간', '국간장', '참치 액', '소금 약간']"
7019734,"['꽈리고추', '다시마', '마늘', '감자', '물', '식용유', '간장', '맛술', '올리고당', '설탕', '참기름', '통깨', '후춧가루 약간']"
7019733,"['닭다리살', '전분가루', '달걀', '생강술', '생강가루 약간', '소금', '후추 약간', '대파 흰부분', '홍고추', '청양고추', '피망', '고추기름', '건고추', '다진마', '간장', '굴소스', '황설탕', '식초', '맛술', '참기름']"
7019730,"['순두부', '돼지고기 다짐육', '양파', '대파', '물', '냉동 해물 모둠', '쪽파', '계란', '고춧가루', '간마늘', '참기름', '진간장', '꽃소금', '설탕', '후춧가루 조금', '고추기름']"
7019729,"['소고기 불고기용', '다진 마늘', '설탕', '후춧가루', '진간장', '굴소스', '참기름', '식초', '깨소금', '식용유']"
7019728,"['국수', '국물용 멸치', '김치', '김치국물', '파 약간', '마늘', '멸치액젓', '물']"
7019727,"['다크 초콜릿', '생크림', '올리고당', '버터', '코코아파우더 ']"
7019726,"['떡국떡', '고기만두', '사골육수', '물', '참치액', '계란', '소금', '대파 약간', '식용유']"
7019725,"['막국수면', '양배추', '당근 조금', '상추', '양파', '탄산수', '고춧가루', '고추장', '진간장', '설탕', '식초', '레몬즙', '참기름', '참깨']"
7019724,"['소고기', '떡국떡', '물만두 작은1봉지', '나주 곰탕', '김가루 조금', '계란지단 조금', '대파 조금', '생강술', '다진마늘', '소금 조금', '후추가루 조금']"
7019723,"['돼지고기 수육용', '양파', '대파', '월계수잎', '진간장', '맛술', '물엿', '설탕', '다진마늘', '물']"
7019722,"['멸치', '식용유', '청양고추', '물엿', '진간장', '설탕', '참기름']"
7019721,"['가지', '양파', '청양고추', '대파', '식용유', '다진마늘', '고춧가루', '설탕', '굴소스', '진간장', '참기름', '통깨 조금']"
7019720,"['밀가루', '버터', '우유', '소금', '후추', '넛맥가루', '라자냐면', '바질페스토', '모짜렐라', '리코타치즈', '루꼴라', '그라나파다노']"
7019719,"['레몬', '대추', '물', '꿀', '생강', '베이킹소다', '레몬슬라이스 약간']"
7019718,"['무', '동태전', '고추전', '깻잎전', '두부전', '다진마늘', '양파', '표고버섯', '파', '스팸', '새우젓', '국간장', '고춧가루', '물', '육수']"
7019717,"['쌀국수면', '쌀국수육수', '물', '채소 취향껏', '양파', '숙주', '대파']"
7019716,"['떡국떡', '다진소고기', '고기만두', '김치만두', '달걀', '다진파', '호박 조금', '당근 조금', '양파 조금', '참치액', '소금 약간', '후추 약간', '육수한알']"
7019715,"['간장 새우', '밥', '배합초', '와사비 조금', '청양고추', '깨 조금']"
7019714,"['부지깽이 나물250g', '된장', '조청', '다진마늘', '다진파', '참기름', '통깨']"
7019713,"['멸치육수', '사골육수', '떡국떡', '만두 (먹고싶은 만큼)', '대파', '계란', '국간장', '맛술', '참기름', '액젓', '다진마늘', '소금 적당량', '후추 적당량']"
7019712,"['조랭이떡', '소고기 양지살', '대파 조금', '다진마늘', '국간장', '참치액젓']"
7019711,"['만두소 ', '킹 새우', '만두 피']"
7019710,"['물', '통 계피', '생강', '대추', '흑설탕']"
7019709,"['쇠고기', '조갯살', '새우살', '박', '죽순', '두부', '간장', '소금 약간', '물', '마른 문어', '멸치', '다시마', '채소']"
7019708,"['계란', '술', '새우젓', '양조간장', '쪽파', '물', '체다치즈', '참기름']"
7019707,['사각어묵']
7019706,"['우삼겹', '숙주', '부추', '팽이버섯', '맛술', '물', '소금 약간', '통깨 약간', '연겨자 약간', '쯔유간장', '맛술', '물', '다진 쪽파', '레몬즙']"
7019705,"['배추', '깻잎', '소고기 샤브용', '느타리버섯', '표고버섯', '팽이버섯', '다시마', '국간장', '코인육수', '간장', '설탕', '맛술', '연겨자']"
7019704,"['감자', '통마늘', '햄', '다시마', '물', '진간장', '설탕', '참기름', '건조 마늘가루', '후추 톡톡']"
7019703,"['크래미', '계란', '소금', '후추 톡톡', '케찹', '설탕', '식초', '두반장', '굴소스', '물']"
7019702,"['멸치', '청양고추', '다진마늘', '진간장', '올리고당', '설탕']"
7019701,"['떡국떡', '대파', '만두', '계란', '물', '사골육수', '코인육수', '참치액', '간마늘']"
7019700,"['삼겹살 조금', '양파', '김치 조금', '간마늘', '액젓', '밥', '부추 조금', '쌈장']"
7019699,"['생 오리고기', '부추', '양파', '대파', '통마늘', '홍고추', '고추장', '고춧가루', '진간장', '굴소스', '올리고당', '황설탕', '간마늘', '맛술', '생강술', '참기름', '후추 약간']"
7019698,"['계란', '설탕', '박력분', '무염버터', '레몬즙', '바닐라오일 약간', '슈가파우더', '레몬즙']"
7019697,"['두부', '양파', '마늘', '올리브유', '상추', '현미밥', '간장', '고추장', '참기름']"
7019696,"['봄동', '고춧가루', '다진마늘', '멸치액젓', '매실액', '설탕', '참기름', '소금']"
7019695,"['파김치 묵은거 적당히', '들기름', '식용유', '코인육수', '설탕', '참치액', '올리고당']"
7019694,"['닭다리', '고구마', '대파', '맛술', '다진 마늘', '생강가루 약간', '후춧가루 약간 ', '물', '진간장', '올리고당', '맛술', '생강가루 약간', '참기름', '통깨 약간']"
7019693,"['마카로니', '슬라이스 체더치즈', '우유', '버터', '밀가루', '소금 약간', '후춧가루 약간', '파슬리 가루 약간']"
7019692,"['홍가리비', '소금', '물', '소주 조금', '레몬']"
7019691,"['햇반', '달걀', '참기름', '소금', '스팸', '당근', '김밥김']"
7019690,"['떡국떡', '손만두', '양지', '참치액', '소금', '달걀', '국간장', '참기름', '깨소금']"
7019689,"['계란', '감자', '뉴슈가 분말', '마요네즈']"
7019688,"['당면', '돼지고기', '양파', '당근', '팽이버섯', '부추 약간', '간장', '맛술', '물', '설탕', '마늘', '참기름', '깨소금', '식용유', '후추 약간']"
7019687,"['조기', '무', '양파', '청양고추', '대파', '육수나 쌀뜨물', '고추가루', '맛간장', '어간장', '마늘', '생강청', '맛술', '후추 톡톡 ']"
7019686,"['묵은지', '참치캔', '고춧가루', '청양고추']"
7019685,"['돈가스', '양파', '대파', '김치', '참치액젓']"
7019684,"['카레용 취향것', '양파', '당근', '감자', '하이라이스']"
7019683,"['브로콜리', '피자 치즈', '다진마늘', '소금', '후추', '현미유 적당량']"
7019682,"['시금치', '소금', '참기름', '국간장', '깨']"
7019681,"['달걀', '냉동새우', '참치액', '물']"
7019680,"['건 도라지', '대파', '참기름', '맛소금', '간마늘', '통깨']"
7019679,"['엿기름', '물', '밥', '설탕', '계피', '생강']"
7019678,"['조랭이떡', '사골육수', '물', '대파', '달걀', '소고기 다짐육', '양조간장', '후추 약간', '맛술', '다진 마늘', '올리고당', '참기름']"
7019677,"['콩나물', '대파', '소금', '물', '참치액', '참기름', '다진 마늘', '통깨 약간']"
7019676,"['모둠전', '대파', '쌀뜨물', '국간장', '고춧가루', '새우젓', '맛술', '다진 마늘', '소금', '후추 약간']"
7019675,"['소고기 안심', '파프리카', '대파', '새송이버섯', '마늘', '단호박샐러드', '소금', '후추', '올리브오일']"
7019674,"['크래미', '깻잎', '부침가루', '계란', '식용유']"
7019673,"['부추', '부침가루', '튀김가루', '참치액', '물', '건새우', '청양고추']"
7019672,"['홀그레인머스타드', '마요네즈', '꿀', '식초']"
7019671,"['달래', '시판 된장', '집 된장', '두부', '애호박 약간', '양파', '멸치다시다 코인육수']"
7019670,"['쌀', '강황가루', '올리브유', '후추 약간']"
7019669,"['냉동 꽃게', '된장', '소주', '대파 흰부분', '물']"
7019668,"['칵테일 새우', '맛술', '후추', '칵테일새우', '홍고추', '청양고추', '양파', '계란', '소금', '후추', '맛술', '전분가루', '부침', '계란', '소금']"
7019667,"['풋고추 (또는오이고추)', '튀김가루', '계란', '소금', '돼지고기 다짐육', '두부', '대파', '양파', '당근', '계란', '다진마늘', '소금', '후추', '전분가루', '소금', '후추', '맛술']"
7019666,"['연근', '달걀', '타피오카전분', '소금 약간', '후추 약간', '홍고추']"
7019665,"['멸치다시육수', '애호박', '양파', '당근', '감자', '표고버섯', '감자수제비', '김치', '김치국물']"
7019664,"['무', '대파', '콩나물', '들기름', '물', '참치액', '멸치액젓', '소금', '다진 마늘']"
7019663,"['코다리', '양파', '청양고추', '대파', '마늘', '소금', '후추', '통깨', '카놀라유', '감자전분', '마늘', '만능간장', '고추장', '고추가루', '설탕', '맛술3큰술', '참기름1큰술', '꿀', '생강청', '물']"
7019662,"['참나물', '소금', '다진마늘', '다진파', '참기름', '통깨 솔솔']"
7019661,"['돼지갈비', '당근 작은거', '무', '대파', '양파', '홍고추', '다진마늘', '생강', '진간장', '맛술', '설탕', '매실액', '참기름', '후추 ', '다진마늘', '물엿']"
7019660,"['소갈비', '밤', '대추', '당근', '표고버섯', '설탕', '미림', '양조간장', '설탕', '마늘', '생강', '후추가루', '참기름']"
7019659,"['삶은 고사리', '다진대파', '국간장', '참치액', '멸치 다시마육수', '통깨 약간']"
7019658,"['건빵', '식용유', '설탕']"
7019657,"['깐도라지', '실파 조금', '굵은소금', '황설탕', '멸치 다시마육수', '국간장', '들기름', '소금 약간']"
7019656,"['냉동새우', '다짐육', '두부', '애호박', '대파흰대', '당면', '밀가루', '소금', '식용유', '물', '간장', '맛술', '소금', '후추 톡톡', '건조 마늘가루']"
7019655,"['냉동 새우', '고추', '달걀', '부침가루', '맛술', '소금', '후추 톡톡']"
7019654,"['대패삼겹살', '콩나물', '대파', '다진생강', '설탕', '진간장', '국간장', '굴소스', '깨']"
7019653,"['냉동 동태포', '계란', '밀가루', '소금 약간', '후추가루 약간', '홍고추', '쑥갓잎 약간']"
7019652,"['도토리가루', '물', '소금', '들기름']"
7019651,"['연어', '양파', '청양고추', '간장', '물', '올리고당', '맛술']"
7019650,"['스파게티 면', '시금치', '올리브오일', '생크림', '다진 마늘', '소금', '파르메산 치즈 가루 약간', '후춧가루 약간']"
7019649,"['한우 사골곰탕', '김치만두', '파']"
7019648,"['무', '소금', '포도씨유', '다진마늘', '참기름', '통깨']"
7019647,"['소고기 샤브샤브용', '양배추', '팽이버섯', '소주', '간장', '레몬청', '레몬즙', '꿀']"
7019646,"['녹인버터', '소금', '머스코바도 설탕', '백설탕', '꿀', '바닐라 익스트랙', '달걀', '중력분', '옥수수 전분', '베이킹 소다', '다크 초코칩']"
7019645,"['쌀뜨물', '물', '조개멸치 육수', '된장', '다진마늘', '찌개용모둠 야채', '두부', '달래']"
7019644,"['팽이버섯', '홍고추', '쪽파', '청양고추', '계란', '소금', '부침가루']"
7019643,"['밥', '닭가슴살', '감자', '당근', '양파', '부추 썰은거', '달걀', '식용유', '검은 깨', '소금 약간', '케찹 취향껏']"
7019642,"['청국장', '물', '대파', '양파', '묵은지 조금', '두부', '청양고추', '참치액젓']"
7019641,"['무', '양파', '물', '다진 쪽파', '다시마', '들깨가루', '소금 약간']"
7019640,"['곶감', '딸기', '크림치즈']"
7019639,"['건미역', '반건조 가자미 큰것1마리', '생강 간거', '고추씨', '국간장', '다진마늘', '후추가루 조금', '생강술']"
7019638,"['동물성 휘핑크림', '설탕', '얼음 적당량', '우유', '에스프레소', '코코아파우더 약간', '크로와상 생지']"
7019637,"['닭고기', '양파', '당근', '감자', '대파', '다진마늘', '간장', '설탕', '고춧가루', '고추장', '미림']"
7019636,"['돼지갈비', '감자', '돼지갈비양념', '양파', '다진마늘', '참기름']"
7019635,"['미니 돈까스', '대파나 쪽파', '양파', '계란', '쯔유', '전분가루', '설탕', '물']"
7019634,"['홍합', '쪽파', '청양고추', '홍고추', '부침가루', '물', '홍합 국물', '오일 넉넉하게']"
7019633,"['육전용 소고기 우둔살', '찹쌀가루', '계란', '간장', '맛술', '설탕', '참기름', '소금', '후추 약간']"
7019632,"['무', '파', '당근', '소금', '간장', '통깨', '간마늘', '들기름']"
7019631,"['냉동 와일드 블루베리', '설탕', '레몬즙']"
7019630,"['떡국떡', '쇠고기', '대파', '우유', '밀가루', '굵은소금', '다진마늘', '참치액', '참기름', '물', '후추', '계란', '소금', '김가루', '식용유 약간']"
7019629,"['시금치', '소금', '간마늘', '통깨 약간', '참기름']"
7019628,"['연근', '튀김가루', '계란', '소금', '식초', '소금', '물']"
7019627,"['굴', '소금', '밀가루', '계란']"
7019626,"['엿기름 티백', '설탕', '단호박', '생강', '물', '설탕', '밥', '물']"
7019625,"['해물믹스', '콩나물', '냉동새우', '새송이버섯', '청경채', '양파', '전분가루', '당면', '베트남고추', '간장', '참치액', '맛술', '다진마늘', '매실', '생강청', '고추장', '고추가루', '굴소스', '후추 약간']"
7019624,"['대패삼겹살 넉넉히', '묵은김치', '튀김가루', '부침가루', '김치국물 넉넉히']"
7019623,"['소고기 국거리용', '떡국떡', '만두', '계란', '대파', '조미김 약간', '물', '참기름', '다진마늘', '국간장', '소금 약간', '후추']"
7019622,"['소고기 다짐육', '달걀', '두부', '부침가루', '쪽파', '소금', '후춧가루 약간', '진간장', '다진 마늘', '설탕', '맛술']"
7019621,"['당근', '표고버섯', '파', '스팸', '밥', '달걀', '간장', '참기름']"
7019620,"['맛살', '사각햄', '단무지', '쪽파', '달걀', '부침가루', '식용유 적당량', '소금']"
7019619,"['스파게티면', '소불고기', '다진 마늘', '다진파', '면수', '진간장', '굴소스', '후추 약간', '설탕']"
7019618,"['배추김치', '부침가루', '튀김가루', '소금 약간', '청양고추', '홍고추']"
7019617,"['LA갈비', '시판 소갈비양념', '양배추즙', '다진마늘']"
7019616,"['삶은 고사리', '대파', '캐슈넛', '국간장', '참치액젓', '설탕', '참기름', '통깨', '식용유', '다진마늘']"
7019615,"['햄', '크래미', '깻잎', '식용유']"
7019614,"['도라지', '고사리', '시금치', '소금', '소금', '설탕', '소금', '맛술', '깨소금', '참기름', '통깨', '다시마 우린물', '깨소금', '국간장', '맛술', '참기름', '들기름', '통깨', '다시마 우린물', '깨소금', '액젓', '참기름', '통깨']"
7019613,"['냉동 대구살', '소금', '후추 약간', '감자 전분', '당근', '배추', '올리브오일', '식초', '매실청', '소금', '피클', '양파 작은']"
7019612,"['참치', '팽이버섯', '청양고추', '홍고추', '계란', '부침가루', '카놀라유']"
7019611,"['청양고추', '통마늘', '간장1', '설탕', '물', '식초']"
7019610,"['떡국떡', '표고버섯', '느타리버섯', '육수', '범일 국간장', '들깨가루']"
7019609,"['밀떡', '어묵', '양파', '스팸', '간마늘', '물', '고추장', '고춧가루', '설탕', '간장', '부추 조금']"
7019607,"['쌀튀밥', '조청', '설탕', '견과류']"
7019606,"['중력분 밀가루', '물', '소금', '식용유', '감자', '대파', '청양고추', '통깨 조금', '천일염 조금', '멸치', '다시마', '청양고추', '물']"
7019605,"['비지', '삼겹살 조금', '김치', '대파', '청양고추', '국간장', '참치액', '고춧가루', '다시다']"
7019604,"['소고기 우둔살', '쪽파', '당근', '새송이버섯', '홍고추', '계란', '전분가루', '소금', '참기름', '진간장', '참기름', '다진마늘', '후추 적당히']"
7019603,"['부추', '당근', '양파', '까나리액젓', '부침가루', '물', '식용유']"
7019602,"['시금치', '소금', '미원 약간', '참기름', '깨']"
7019601,"['차돌박이', '숙주나물', '홍고추', '쪽파', '다진 마늘', '식용유', '굴소스', '진간장', '소금', '후추 톡톡 ', '통깨 솔솔 ']"
7019600,"['단호박', '찹쌀가루', '삶은 밤', '설탕', '소금']"
7019599,"['양배추', '파슬리', '후추', '국간장', '들기름', '깨소금', '청양고추']"
7019597,"['사각어묵', '계란', '홍초', '밀가루', '부추', '소금', '식용유 약간']"
7019596,"['병아리콩 삶은거', '토마토', '케일', '건 크린베리', '아몬드 슬라이스', '소금', '메이플시럽', '화이트발사믹식초']"
7019595,"['맛술', '고춧가루', '고추장', '쌀조청', '마늘', '생강가루 약간', '오징어포', '쥐포', '북어포', '양념장', '참기름', '깨소금 약간']"
7019594,"['봄동', '식초', '고춧가루', '맛술', '멸치액젓', '설탕', '식초', '통깨']"
7019593,"['냉이', '소금', '홍고추', '된장', '고추장', '간마늘', '다진대파', '참기름']"
7019592,"['돼지고기 다짐육', '고추장', '매운 고추장', '들깨가루', '진간장', '다진마늘', '생강술', '설탕', '후추가루 조금', '올리고당', '참기름', '통깨 조금']"
7019591,"['마른오징어', '전분', '식용유 약간', '튀김가루', '물', '카레가루', '식용유']"
7019590,"['갈치', '무', '청양고추', '대파', '코인육수', '물', '국간장', '진간장', '멸치액젓', '올리고당', '식용유', '다진마늘', '고춧가루', '다진생강', '된장', '후추 약간']"
7019589,"['미니 도나스 믹스', '달걀', '식용유', '물', '황설탕', '계피가루', '다진땅콩', '식용유 약간']"
7019588,"['쌀', '물 많이']"
7019587,"['LA갈비', '건 홍고추', '청양고추', '표고버섯 작은거', '물', '간장', '청주', '후추', '매실청', '설탕', '다진 마늘', '대파', '양파', '참기름']"
7019586,"['당면', '표고버섯', '느타리버섯', '부추', '새송이버섯', '파프리카 레드', '파프리카 노랑', '소금', '다진마늘', '후추 적당히', '참기름', '간장', '설탕', '참기름', '간장', '설탕', '굴소스', '참기름']"
7019585,"['쌀 불린거', '취나물 삶은거', '소고기 등심', '들기름', '자른 다시마', '물', '소금 약간', '후추가루 약간', '국간장', '다진 대파', '다진 마늘', '들기름', '다진 부추', '진간장', '국간장', '맛술', '다진 마늘', '참기름', '통깨 약간']"
7019584,"['돼지고기 다짐육', '깻잎', '느타리버섯', '표고버섯', '대파', '당근', '양파', '두부', '달걀', '부침가루', '진간장', '맛술', '건조 마늘가루', '소금', '후추 톡톡']"
7019583,"['굴', '부침가루', '달걀', '고추', '소금', '천일염']"
7019582,"['봄동', '냉동 새우', '튀김가루', '물', '청양고추', '홍고추']"
7019581,"['삼각김밥김', '단무지', '햄', '어묵', '계란', '게맛살']"
7019580,"['박력분', '설탕', '꿀', '물엿', '달걀', '달걀 노른자', '식용유']"
7019579,"['진미채', '식용유', '간장', '올리고당', '설탕', '마요네즈', '통깨', '미림']"
7019578,"['달걀', '소세지', '깻잎', '식용유 약간', '소금', '맛술', '케첩 약간']"
7019577,"['소고기부채살', '달걀', '찹쌀가루', '식용유 약간', '소금 약간', '간장', '맛술', '참기름', '후추 약간', '상추', '양파', '물엿', '고춧가루', '매실청', '식초', '황설탕', '참기름', '깨소금', '소금 약간']"
7019576,"['건미역', '생굴', '들기름', '국간장', '멸치액젓', '맛술', '들깨가루', '소금 약간', '쌀뜨물']"
7019575,"['통밀 초코 쿠키믹스', '계란', '녹인버터', '우유', '초코칩']"
7019574,"['떡국떡', '달걀', '김치만두', '꽃소금', '참치액', '대파', '구운김 조금', '멸치', '다시마', '물']"
7019573,"['순두부', '고춧기름', '계란', '양파', '대파', '청양고추', '홍피망', '물', '간장', '설탕', '두반장', '후추 조금', '연두']"
7019572,"['매생이', '굴', '떡국', '해물육수', '다진마늘', '참치액젓', '국간장', '대파 조금']"
7019571,"['소고기갈비', '무', '양파', '대파', '당근', '표고버섯', '대추', '간장', '다진파', '다진마늘', '배즙', '생강청', '미림', '후추', '참기름', '통깨']"
7019570,"['고구마', '튀김가루', '튀김가루', '물']"
7019569,"['김밥김', '깻잎', '달걀', '당근라페 적당량', '우엉조림 적당량', '시금치나물 적당량', '밥', '소금', '참기름', '통깨 약간']"
7019568,"['식빵', '달걀', '우유', '체다치즈', '과일잼', '버터']"
7019567,"['떡볶이떡', '사각어묵', '대파', '물', '고추장', '고춧가루', '설탕', '간장', '올리고당', '다시다', '후춧가루 약간']"
7019566,"['달걀', '물', '굵은소금']"
7019565,"['시금치', '다진 마늘', '국간장', '소금', '참기름', '통깨 약간']"
7019564,"['숙주', '대파', '물', '다진 마늘', '참치액', '참기름', '소금']"
7019563,"['물', '곶감', '생강', '계피', '흑설탕', '호두']"
7019562,"['감자', '계란', '튀김가루', '고추장', '식용유']"
7019561,"['계란', '스트링치즈', '소금', '우유', '후추 약간', '올리브오일', '케찹']"
7019560,"['돼지갈비', '양파', '감자', '당근', '표고버섯', '청양고추', '간장', '설탕', '참기름', '후추', '깨소금', '물엿', '갈아만든 배음료', '다진마늘', '소주']"
7019559,"['꼬시래기', '양파', '오이', '고추장', '설탕', '식초', '참기름', '참깨', '매실액기스']"
7019558,"['삼겹살', '신김치', '설탕', '다진마늘', '매실', '고추가루', '된장', '간장']"
7019557,"['양파', '감자', '파스타면', '생크림', '우유', '후추 조금', '치킨스톡']"
7019556,"['시금치', '꽃소금', '맛소금', '참치액', '다진마늘', '참기름']"
7019555,"['소고기 육전용 부채살', '계란', '찹쌀가루', '청주', '소금', '후추 ']"
7019554,"['단무지', '맛살', '김밥 햄', '어묵', '쪽파', '부침가루', '계란', '고운소금', '식용유 넉넉하게']"
7019553,"['소고기', '진간장', '다진 마늘', '황설탕', '청주', '참기름', '후추 조금', '계란']"
7019552,"['동태포', '계란2개', '노른자', '부침가루', '쑥갓 조금', '홍고추', '청주', '소금', '후추', '간장', '쪽파', '식초', '설탕', '고춧가루', '깨소금']"
7019551,"['취나물 데친 것', '대파', '국간장', '참치 액', '다진 마늘', '깨소금', '참기름']"
7019550,"['얼음', '박카스', '파워에이드']"
7019549,"['신 김치', '콩나물', '김치 국물', '동전 육수', '대파', '고춧가루', '참치 액', '다진 마늘', '물', '후추 ']"
7019548,[]
7019547,"['미역', '가자미', '물', '국간장', '멸치 액젓', '다진 마늘', '후추 약간', '다시마', '참기름']"
7019546,"['연근', '소금', '전분', '비트 물', '부침 가루', '소금', '치자 물', '부침 가루', '소금', '물', '부침 가루', '마차 파우더', '소금 1꼬집']"
7019545,"['생선포 적당량 ', '소금 약간', '후추 약간 ', '계란', '밀가루', '쑥갓 약간', '당근 약간', '파프리카 약간 (또는 홍고추)']"
7019544,"['냉이 많이', '된장', '대파', '마늘', '청양 고추', '두부', '멸치육수']"
7019543,"['가지', '대파흰부분', '소고기', '양파', '간장', '맛술', '설탕', '다진마늘', '굴소스', '물', '식초 살짝 (혹은 레몬즙)']"
7019542,"['냉이 많이', '통깨', '집간장', '참기름']"
7019541,"['양배추', '소금', '건새우', '달걀', '감자녹말']"
7019540,"['숙주', '대파', '국간장', '소금', '참기름', '통깨']"
7019539,"['무', '대파', '청양고추', '모시조개', '두부', '오징어', '국간장', '참치 액', '고춧가루', '다진 마늘', '새우젓']"
7019538,"['닭 다리살', '오이', '쌈무', '초록 파프리카', '노란 파프리카', '빨간 파프리카', '간장', '꿀', '다진마늘', '후추', '소금 약간씩']"
7019537,"['소고기', '표고버섯', '대파', '양파', '당근', '식용유', '다진마늘', '굴소스', '참기름', '볶은참깨', '소금', '후춧가루']"
7019536,"['김밥김', '밥', '맛소금', '참기름', '통깨', '계란', '후추', '식용유', '김밥햄', '슬라이스치즈', '스리라차소스 (or 케찹)']"
7019535,"['김', '생수', '조선간장', '맛간장', '참기름', '통깨']"
7019534,"['김밥김', '명란젓', '밥', '참기름', '통깨', '김밥햄', '계란', '마요네즈']"
7019533,"['김', '밥', '당근', '맛살', '시금치', '계란', '단무지', '우엉', '소금', '참기름', '통깨 약간', '햄']"
7019532,"['깻잎장아찌', '물', '들기름', '고춧가루', '통깨 약간', '간장']"
7019531,"['새싹채소', '방울토마토', '귤', '부라타치즈', '그라나파다노치즈 약간', '귤', '올리브유', '꿀', '소금 약간', '후추 약간']"
7019530,"['알배추', '대파', '우동면', '물', '느타리버섯', '양파', '다시마', '국간장', '소금', '쯔유', '청양고추', '식용유', '후추 약간']"
7019529,"['오징어', '양파', '당근', '대파', '청양고추3', '홍고추1', '부추', '튀김가루3', '감자전분3', '계란', '소금', '후추']"
7019528,"['고등어', '데친 시래기', '된장', '고춧가루', '양조간장', '까나리액젓', '멸치 다시마 육수', '설탕', '매실청', '소주', '다진 대파', '다진 마늘', '청양고추', '홍고추']"
7019527,"['돈가스', '계란', '양파', '간장', '설탕', '소금 적당량', '물']"
7019526,"['돼지고기 다짐육', '양파', '당근', '대파', '콩나물', '생강가루', '설탕', '다진 마늘', '맛술', '간장', '후추가루 조금']"
7019525,"['닭발', '대파', '콩나물', '깻잎', '양파', '떡볶이떡', '매운 고춧가루', '일반 고춧가루', '다진 마늘', '설탕', '생강가루', '맛술', '간장', '매실', '고추장']"
7019524,"['낫또', '꿀', '소금']"
7019523,"['등갈비', '배', '양파', '물', '간장', '멸치액젓', '고춧가루', '올리고당', '설탕', '매실액', '다진마늘', '맛술', '참기름']"
7019522,"['고사리', '양파', '홍고추', '청양고추', '물', '진간장', '고춧가루', '맛술', '국간장', '고추장', '다진 마늘', '올리고당', '설탕', '참기름', '생강가루 약간', '후춧가루 약간']"
7019521,"['콩나물', '황태', '무', '대파', '양파', '홍고추', '청양고추', '계란', '맛술', '코인육수', '물', '들기름', '소금', '참치 액', '다진 마늘']"
7019520,"['소세지', '떡볶이 떡', '케찹', '올리고당', '진간장', '다진 마늘', '깨소금']"
7019519,"['당근', '달걀', '버터', '아몬드', '유자청', '올리브유 약간', '크림치즈', '버터', '꿀', '레몬즙']"
7019518,"['떡국', '소고기 국거리', '대파', '국간장', '참기름', '참치액', '소금', '다진마늘', '물']"
7019517,"['오이', '소금', '진간장', '참기름', '설탕', '미숫가루']"
7019516,"['밤고구마', '튀김가루', '녹말가루', '맥주', '물', '식용유', '진간장', '매실청', '다진쪽파', '참깨', '식초']"
7019515,"['봄동', '고춧가루', '갈치액젓', '새우젓', '다진마늘', '다진생강', '매실액', '조청', '참기름', '통깨']"
7019514,"['꽃상추', '양파', '다진 마늘', '진간장', '고춧가루', '황설탕', '참기름', '통깨 솔솔 ']"
7019513,"['컵누들', '양파', '생 표고버섯', '베이컨', '다진 마늘', '대파', '라면스프', '물 적당히', '진간장', '굴소스 저칼로리', '알룰로스 저칼로리', '올리브오일 조금', '밥 취향껏', '통깨 솔솔 ']"
7019512,"['숙주나물', '쪽파', '다진 마늘', '까나리액젓', '참기름', '통깨 솔솔 ', '물', '소금']"
7019511,"['소고기 다짐육', '양파', '당근', '식은밥', '옥수수캔', '다진파', '다진마늘', '짜장가루', '식용유']"
7019510,"['당근', '달걀', '마른김', '밥', '양배추 (생략가능)', '소금', '올리브오일', '홀그레인머스타드', '레몬즙', '꿀', '후추 약간']"
7019509,"['군만두', '당근', '양파', '오이', '양배추', '청양고추', '홍고추', '간장', '식초', '다진마늘', '식초', '고추장', '고추가루']"
7019508,"['오이', '굵은소금', '물엿', '식초', '소주', '매실청', '다진마늘', '참기름', '통깨']"
7019507,"['바나나우유', '에스프레소']"
7019506,"['쥐포', '부침가루', '계란', '소금', '식용유']"
7019505,"['소고기', '배춧잎', '대파 흰 부분', '양파', '표고버섯', '두부', '실곤약', '쑥갓', '계란 취향껏', '간장', '맛술', '황설탕', '생강술', '다시마']"
7019504,"['소갈비 찜용', '물', '맛술', '물', '간장', '맛술', '설탕', '배즙', '다진마늘', '후춧가루 약간', '다진대파', '꿀']"
7019503,"['계란', '다진양파', '다진 홍고추', '다진대파', '물', '간장', '설탕', '참기름', '통깨']"
7019502,"['양배추', '당근', '계란', '소금', '후추', '또띠아', '올리브오일', '슬라이스 햄', '슬라이스 치즈', '케첩', '설탕', '타바스코소스']"
7019501,"['브로컬리', '파프리카', '당근', '고구마', '양배추', '소금 약간', '초고추장']"
7019500,"['시판 사골 육수', '떡국떡', '냉동 고기만두', '참기름 약간', '후춧가루 약간', '계란', '표고', '대파', '조미김']"
7019499,"['유기농 뱀텟', '앉은뱅이밀', '설탕', '소금', '인스턴트 드라이 이스트', '달걀', '우유', '녹인버터', '살구잼 적당량']"
7019498,"['오이', '식초', '다진 마늘', '설탕', '통깨', '소금']"
7019497,"['다진 늙은호박', '튀김가루', '소금']"
7019496,"['밥', '사각유부', '양파', '크래미', '참치', '볶음김치', '계란', '소금', '설탕']"
7019495,"['알배기배추', '무우', '당근', '쪽파', '홍고추', '생강', '다진마늘', '배', '양파', '생수', '소금', '다진마늘']"
7019494,"['당면', '당근', '느타리버섯', '목이버섯', '양파', '돼지고기 잡채용', '노란 파프리카', '빨간 파프리카', '간장', '설탕', '다진 마늘', '참기름 적당히', '후추 적당히', '깨 적당히']"
7019493,"['우엉', '들기름', '흑설탕', '진간장', '물', '물엿', '통깨']"
7019492,"['퍼핑콩', '호박씨', '아몬드분태', '콩가루', '조청', '물엿', '설탕', '버터', '소금', '물']"
7019491,"['대파 흰부분', '그릭요거트', '베이컨', '딜 약간', '소금 약간', '후추 약간', '올리브오일 약간', '올리브오일', '발사믹식초', '홀그레인머스터드', '레몬즙']"
7019490,"['사과', '미나리', '쪽파 약간', '들기름 약간', '고춧가루', '간장', '다진마늘', '설탕', '식초', '까나리액젓']"
7019489,"['국물 멸치', '불린 표고버섯', '양파', '청양고추', '대파', '된장', '고추장', '다진 마늘', '다진대파', '통깨', '참기름', '물']"
7019488,"['동부묵', '계란', '소금', '후추 조금', '가는 소금', '김가루', '깨소금', '참기름']"
7019487,"['연근', '조청', '설탕', '간장', '물', '식용유', '참기름', '통깨', '맛술', '식초']"
7019486,"['계란', '모닝빵', '마요네즈', '머스타드', '파마산치즈가루', '소금', '설탕', '후추가루 아주조금']"
7019485,"['해바라기씨', '호박씨', '잔멸치', '참기름', '식용유', '설탕', '미림', '간마늘', '통깨']"
7019484,"['당근', '올리브오일', '파프리카 파우더', '간마늘', '메이플시럽', '파마산치즈', '통후추 소량', '허브솔트', '감자전분', '크림치즈', '그릭요거트', '레몬즙', '파슬리 소량', '허브솔트', '간마늘 소량']"
7019483,"['부침두부', '양상추', '새싹채소 조금', '들기름', '매실즙', '간장', '마늘', '올리브유']"
7019482,"['감자', '당근', '부침가루', '파마산가루']"
7019481,"['쌀', '찹쌀', '팥', '대추', '밤']"
7019480,"['어묵', '양파', '대파', '진간장', '미림', '설탕', '굴소스', '물엿', '후추가루 약간', '참기름', '통깨', '고추기름', '다진마늘']"
7019479,"['돼지고기 앞다리살', '물', '소금', '간마늘', '간생강', '소주', '월계수잎']"
7019478,"['국수', '달걀', '열무 얼갈이김치 적당히 (또는 배추김치)', '고추장', '고춧가루', '식초', '설탕', '올리고당', '다진마늘', '통깨', '참기름']"
7019477,"['밥', '계란', '크래미', '대파', '물', '설탕', '식초', '미림', '국간장', '굴소스', '치킨스톡', '감자전분', '물']"
7019476,"['소고기 국거리용', '국간장', '소금 약간', '마른미역', '참기름']"
7019475,"['밥', '소고기', '후추', '소금 소량', '콘옥수수', '대파', '버터', '진간장', '미림', '설탕']"
7019474,"['육포', '물', '범일 고추장', '다진 마늘', '설탕', '참기름', '통깨']"
7019472,"['닭고기 안심', '당근', '감자', '브로콜리', '양파', '올리브오일 넉넉히', '물', '고형카레']"
7019471,"['도토리묵', '참기름', '오이', '당근', '양파', '상추', '깻잎', '굵은고춧가루', '양조간장', '참치액', '식초', '매실액', '올리고당', '참기름', '간마늘', '통깨']"
7019470,"['피망', '밀떡볶이', '가쓰오부시', '돼지고기', '양파', '당근', '소금 소량', '미림', '계란', '빵가루', '후추 소량', '미림', '물', '우스타소스', '케찹', '버터']"
7019469,"['등갈비', '콜라', '진간장', '사과', '양파', '다진마늘', '월계수잎']"
7019468,"['박력분', '설탕', '소금 약간', '베이킹파우더', '버터', '계란', '우유', '계란 적당량']"
7019467,"['기름', '닭 정육', '우유', '대파', '맛소금', '우동면', '통깨', '모짜렐라치즈', '진간장', '간마늘', '생강청', '미림', '물엿', '설탕', '케찹', '굴소스', '고운고춧가루', '치킨스톡', '후추 소량']"
7019466,"['나물', '밥', '들기름', '소금', '깨', '김밥김', '고추장']"
7019465,"['양배추잎', '밀가루', '버터', '물', '토로케루블럭', '돼지고기', '양파', '당근', '소금', '미림', '계란', '빵가루', '후추 소량']"
7019464,"['오징어', '양파', '대파', '식용유', '설탕', '공기밥 인원수대로', '참기름 약간', '통깨 약간', '다진마늘', '고춧가루', '맛술', '올리고당', '간장', '고추장']"
7019463,"['익은 김치', '스팸', '대추방울토마토', '고추장1T', '원당']"
7019462,"['된장', '다시마', '멸치', '생수', '야채', '소고기양지']"
7019461,"['사태', '양파', '대파', '소금', '후추', '사골액기스', '소면']"
7019460,"['달걀', '돼지고기 목살 (얇은거)', '전분가루', '양파', '간장', '청주', '매실액', '설탕', '생강가루']"
7019459,"['돼지고기 앞다리살 다짐육', '두부', '청양고추', '홍고추', '당근', '양파', '다진마늘', '파', '소금1/2T', '후추가루', '계란', '통깨', '참기름', '밀가루', '계란']"
7019458,"['당면', '섬초', '목이버섯20g', '양파', '당근 조금', '불고기 잰거', '간장', '설탕', '소금1/2t', '참기름', '통깨', '계란지단 ']"
7019457,"['늙은 호박 작은거', '갈치', '청양고추', '대파', '다시마멸치 육수', '국간장', '멸치 액젓', '청주', '고춧가루', '다진 마늘', '대파흰부분 ', '후추 약간', '참기름']"
7019456,"['조기', '대파 넉넉히', '다진마늘', '된장', '고춧가루', '청양고추', '홍고추', '진간장', '고춧가루', '매실액', '물엿', '다진마늘', '맛술', '된장']"
7019455,"['팽이버섯', '식용유', '전분가루', '카레가루', '소금 약간', '후추 약간', '간장', '마요네즈', '와사비']"
7019454,"['새송이버섯', '대파', '통깨 약간', '식용유', '진간장', '설탕', '맛술', '다진 마늘', '참기름']"
7019453,"['배추', '굵은소금', '물', '찹쌀가루', '물', '액젓', '새우젓', '고춧가루', '다진마늘', '생강청', '매실액', '배즙']"
7019452,"['상추', '양파', '쪽파', '고춧가루', '설탕', '식초', '진간장', '참기름', '통깨']"
7019451,"['박력분', '물', '동죽조개', '알배추', '당근 약간', '무 약간', '대파', '팽이버섯', '액젓', '소금']"
7019450,"['만선 느타리버섯', '계란', '소금', '후추', '쪽파', '부추', '마늘', '식용유', '물', '간장', '설탕', '맛술', '청주']"
7019449,"['수삼', '배추', '두부', '집된장', '고춧가루', '들기름']"
7019448,"['무', '파프리카', '사과', '마늘', '새우젓', '소금', '레몬즙']"
7019447,"['무', '파프리카', '사과', '양파', '소금', '설탕', '마늘', '새우젓', '고추가루']"
7019446,"['봄동', '양파', '당근 약간', '대파 약간', '청양고추', '고춧가루', '액젓', '국간장', '매실청', '다진마늘', '참기름', '깨소금 취향껏', '소금 약간']"
7019445,"['밥', '물']"
7019444,"['닭 볶음탕용', '마늘', '대파', '소금', '진간장', '굴소스', '설탕', '생강']"
7019443,"['양미리', '무', '멸치다시마 육수', '대파', '고추가루', '양조간장', '국간장', '설탕', '소주', '다진 마늘']"
7019442,"['두부', '대파', '양파', '다진마늘', '고춧가루', '매운고춧가루', '설탕', '간장', '굴소스', '참치액', '식용유', '다시다', '후추 적당량', '참기름']"
7019441,['서리태']
7019440,"['삼겹살', '숙주', '마라우육면 소스', '양조간장', '다진마늘', '다진 대파', '청양고추', '참기름']"
7019439,"['콜라비 큰것1개', '배추 큰것', '굵은소금', '김장양념', '설탕', '통깨 조금']"
7019438,"['식빵', '로메인상추', '사과', '슬라이스햄', '허니머스터드소스', '마요네즈']"
7019437,"['건 곤드레', '달래', '양파', '간장', '올리고당', '고춧가루', '다진마늘', '매실청', '참기름', '깨소금 취향껏']"
7019436,['전']
7019435,"['가지', '대파', '다진마늘', '소금', '설탕', '다시다', '들기름', '참깨']"
7019434,"['느타리버섯', '표고버섯', '홍고추', '청양고추', '양파', '식용유 넉넉히', '밀가루', '계란', '소금 약간', '후춧가루 약간 ']"
7019433,"['소고기 불고기용', '양파', '대파', '팽이버섯', '당근', '맛술', '코인 육수', '물', '양파', '사과', '진간장', '흑설탕', '다진 마늘', '대파', '참기름', '후춧가루 약간']"
7019432,"['당면', '돼지고기', '당근', '시금치', '양파', '표고버섯', '진간장', '맛술', '참기름', '다진마늘', '후추 톡톡 ', '진간장', '설탕', '식용유', '참기름', '물엿', '참치액젓', '후추 톡톡']"
7019431,"['숙주나물', '물', '다진 대파', '다진 마늘', '참기름', '국간장', '액젓', '당근', '깨 조금', '소금 조금']"
7019430,"['표고버섯', '들기름', '식용유', '집간장', '조청']"
7019429,"['떡국떡', '소고기 양지300g', '대파1.5대', '우유', '밀가루 듬뿍', '굵은 소금', '다진 마늘', '참치액', '참기름', '물', '후추', '조미김', '식용유', '계란지단 ']"
7019428,"['취나물', '물', '소금', '다진 대파', '다진 마늘', '국간장', '액젓', '들기름', '깨 조금']"
7019427,"['분홍 소세지', '계란', '부추', '당근', '맛술 미림', '소금', '후추 톡톡 ', '식용유 적당히']"
7019426,"['양배추', '청피망', '홍피망', '노랑피망', '땅콩소스', '쌈장']"
7019425,"['당근', '홀그레인 머스타드', '올리브오일', '파마산치즈', '소금']"
7019424,"['감자', '양파', '버터', '파마산치즈', '소금', '물', '우유', '후추 톡톡 ']"
7019423,"['양배추', '사과', '파슬리', '깨소금', '레몬즙', '소금']"
7019422,"['물미역', '무', '마늘', '식초', '설탕', '소금', '깨소금']"
7019421,"['도토리가루', '물', '소금', '참기름']"
7019420,"['연근', '올리브오일', '소금 약간 ', '식초', '소금']"
7019419,"['컵누들', '양파', '닭가슴살', '다진마늘', '우유', '식용유', '체다치즈']"
7019418,"['돼지고기 다짐육', '숙주', '당면', '두부', '대파', '만두피', '다진마늘', '맛술', '소금', '후추 약간', '간장', '다진마늘', '간장', '소금', '후추 약간', '참기름', '기본 만두소', '부추', '소금', '기본 만두소', '김치', '고춧가루']"
7019417,"['칼국수면', '작은 감자', '애호박', '당근', '양파', '대파', '멸치육수', '국간장', '다진마늘', '소금', '후추 약간']"
7019416,"['진미채', '마요네즈', '간장', '맛술', '다진마늘', '올리고당', '후추 약간', '통깨']"
7019415,"['시금치', '소금', '다진마늘', '멸치액젓', '참기름', '참깨 적당히', '맛소금 조금']"
7019414,"['잔멸치', '마늘', '식용유 조금', '간장', '올리고당', '통깨']"
7019413,"['매생이', '김장김치', '부침가루', '생수', '소고기다시다']"
7019412,"['브로콜리', '두부', '간장', '들기름', '소금', '통깨 약간', '식초', '밀가루', '소금']"
7019411,"['브로콜리', '식초', '밀가루', '소금']"
7019410,"['떡볶이떡', '사각어묵', '양배추', '대파', '삶은 계란', '멸치육수', '고추장', '고춧가루', '간장', '설탕', '올리고당', '후추']"
7019409,"['떡볶이떡', '사각 어묵', '양배추', '대파', '삶은 계란', '통깨', '물', '짜장소스', '간장', '올리고당', '후추']"
7019408,"['굴', '무', '콩나물', '두부', '청양고추', '홍고추', '대파', '멸치육수', '참기름', '맛술', '다진마늘', '새우젓', '소금', '후추 약간', '소금']"
7019407,"['닭고기', '물', '고추장4', '고춧가루6', '다진마늘2', '물엿4', '청주1', '후추 약간 ']"
7019406,"['고구마', '양파', '당근', '피망', '튀김가루', '물', '간장', '식초', '설탕', '물']"
7019405,"['어묵', '김치', '양파', '대파', '물', '코인 육수', '들기름', '마늘', '멸치 액젓', '설탕']"
7019404,"['우유', '바닐라빈', '무염버터', '박력분', '전란', '노른자', '설탕', '골드럼']"
7019403,"['무', '소금', '알룰로스', '생강가루', '들기름', '깨소금']"
7019402,"['소고기', '돼지고기', '숙주', '부추', '당면', '두부', '대파', '청양고추', '진간장', '마늘', '소금', '후추']"
7019401,"['만두', '파프리카 빨간색', '파인애플', '오이', '양파', '목이버섯', '물', '식초', '굴소스', '설탕', '소금', '전분물']"
7019400,"['야채 (샐러드용)', '양배추', '올리브유', '식초', '레몬즙', '설탕', '소금', '후추 톡톡', '파슬리가루 약간']"
7019399,"['국수', '참기름', '밀키트 주꾸미', '양배추', '표고버섯', '청양초', '대파', '고춧가루', '참기름', '깨소금', '식용유', '소금 약간']"
7019398,"['돼지고기', '콩나물', '꽈리고추', '양파', '간장', '고추장', '고춧가루', '콩나물 삶은 물', '쌀조청', '마늘', '맛술', '소금', '후추 약간']"
7019397,"['생굴', '계란', '밀가루', '식용유']"
7019396,"['돼지고기 다짐육', '두부', '다진마늘', '진간장', '설탕', '대파', '오이고추', '당근 조금', '참기름', '소금', '후추', 'MSG1꼬집', '밀가루', '달걀']"
7019395,"['쌀', '콩나물', '당근', '표고버섯', '쪽파', '소고기 다짐육', '다진마늘', '소갈비양념', '올리고당', '참기름', '간장', '통깨']"
7019394,"['손질 고등어', '무', '간장', '다진마늘', '대파', '매실청', '고춧가루', '맛술', '올리고당', '후추 약간', '양파', '청양고추', '물']"
7019393,"['계란', '밥', '참치 작은 것', '양파', '당근', '애호박', '대파']"
7019392,"['계란', '참기름', '소금', '가쓰오부시장국 ', '물']"
7019391,"['호두', '설탕', '물']"
7019390,"['두부', '봄동', '신김치', '양파', '청양고추', '쌀뜨물', '된장', '청국장가루', '맛술', '고춧가루', '다진 마늘']"
7019389,"['통오겹살', '묵은지', '물', '김치국물', '된장', '고춧가루', '설탕', '국물용 멸치', '다진마늘']"
7019388,"['김밥김', '공깃밥', '참기름', '소금', '통깨 약간']"
7019387,"['두부', '계란', '토마토파스타소스', '모짜렐라 피자치즈', '소금', '후추']"
7019386,"['캔옥수수', '설탕', '소금 소량', '마요네즈', '모짜렐라치즈', '슬라이스치즈', '버터', '식빵']"
7019385,"['고등어', '무우', '대파', '쌀뜨물 적당히', '멸치육수', '고춧가루', '설탕', '진간장', '맛술', '된장', '고추장', '다진마늘', '매실액', '간생강', '참기름', '후추 조금']"
7019384,"['달래', '고춧가루', '간장', '다진 마늘', '올리고당', '맛술', '참기름', '통깨 약간']"
7019383,"['동태', '순두부', '팽이버섯', '무', '당근', '호박', '콩나물', '양파', '홍고추 조금', '대파 조금', '된장', '고추장', '고추가루', '간장', '매실', '참치액', '맛술', '다진마늘', '새우젓']"
7019382,"['봄동', '고춧가루', '간장', '다진 마늘', '설탕', '멸치액젓', '식초', '매실청']"
7019381,"['다크커버춰', '생크림', '무염버터', '코코아파우더 넉넉히']"
7019380,"['냉이', '된장', '참깨', '참기름', '대파', '다진 마늘']"
7019379,"['삼치', '양파', '무', '다진 마늘', '대파', '청양고추', '양조간장', '고추가루', '홍게간장', '까나리액젓', '물', '설탕', '매실청', '소주']"
7019378,"['돼지고기 앞다리살 다짐육', '양파', '두부', '쪽파 조금', '계란', '맛소금', '후춧가루 약간', '다진마늘', '부침가루']"
7019377,"['고등어', '오일', '홍게간장', '스끼야끼간장', '물', '올리고당', '생강청', '맛술']"
7019376,"['라면', '고추가루', '파', '콩나물', '대패삼겹살', '계란']"
7019375,"['떡국떡', '물김', '멸치 다시마 육수', '까나리액젓', '국간장', '계란', '홍고추 약간']"
7019374,"['어묵', '스테이크소스', '맛술', '부침가루', '달걀', '소금', '청양고추', '홍고추']"
7019373,"['감자', '오일', '양조간장', '설탕', '물', '다진 대파', '홍고추', '참기름', '후추 약간']"
7019372,"['홍합', '샐러리', '물', '소금', '마늘', '생강 (손톱 만큼)', '소주', '다진 대파', '홍고추', '청양고추']"
7019371,"['양송이버섯', '새송이버섯', '양파', '생크림', '우유', '치즈', '식용유', '소금']"
7019370,"['생굴', '쌀']"
7019369,"['밥', '계란', '올리브오일 약간', '버터', '진간장', '맛술 미림', '물', '통깨 약간', '부추 약간']"
7019368,"['계란', '설탕', '소금 약간', '바닐라오일 약간', '다크초코', '무염버터', '중력분', '베이킹소다', '초코펜', '화이트코팅초콜릿 적당량']"
7019367,"['맛살', '양파', '슬라이스치즈', '다진마늘', '버터 조금', '소금', '우유', '생크림']"
7019366,"['배추', '부침가루', '물']"
7019365,"['달걀', '스팸', '대파', '치킨스톡', '소금', '물', '참기름']"
7019364,"['떡국떡', '멸치', '계란', '소고기', '대파', '국간장', '멸치액젓', '다진마늘', '후추 톡톡', '참기름', '물']"
7019363,"['멸치다시마육수', '애호박', '감자', '양파', '대파', '고추', '팽이버섯', '두부', '된장 크게', '고춧가루', '소금 간맞추기', '다시다']"
7019362,"['참돔', '양파', '대파', '국간장', '고춧가루', '물엿', '맛술', '다진마늘', '고추장', '설탕', '소금', '물']"
7019361,"['양배추 조금', '대파', '새송이버섯', '닭가슴살', '식용유 조금', '컵누들 찜닭맛', '고춧가루', '고추장', '떡볶이 떡', '우유']"
7019360,"['오징어', '무', '대파', '홍고추', '멸치 다시마육수', '간마늘', '국간장', '참치액', '소금 약간']"
7019359,"['대패삼겹살', '대파', '양파', '당근', '설탕', '진간장', '고추장', '고춧가루', '다진마늘', '맛술']"
7019358,"['부추', '자색양파', '고춧가루', '멸치 액젓', '매실청', '다진 마늘', '비정제 설탕', '발사믹 식초', '깨소금']"
7019357,"['전복', '사과1/2개', '양파', '대파 흰 부분', '다시마', '통마늘', '청양고추', '홍고추', '진간장', '백설탕', '생강청', '청주', '물']"
7019356,"['미니 알 배추', '집된장', '깨', '참기름']"
7019355,"['동죽조개', '무 약간', '청양고추', '홍고추', '대파', '마늘']"
7019354,"['가지', '계란', '소금', '부침가루', '식용유', '진간장', '매실청', '참깨', '고춧가루']"
7019353,"['배', '사과', '파인애플', '양파', '진간장', '꽃게액젓', '매실액', '소고기다시다', '꿀', '다진마늘', '다진생강', '소주', '후추', 'la갈비', '한우사태', '깐밤', '당근', '표고버섯', '양념', '조개멸치 육수', '파채 원하는만큼', '콜라', '물']"
7019352,"['무', '갈치', '대파', '물', '간장', '다진마늘', '생강청', '매실액', '고춧가루', '술']"
7019351,"['라면', '토마토주스', '물', '달걀', '쪽파 약간']"
7019350,"['꼬막', '쪽파', '진간장', '고추가루', '설탕', '참기름', '통깨']"
7019349,"['밥', '계란', '상추', '무생채', '콩나물', '시금치나물', '비빔장', '참기름', '식용유']"
7019348,"['소갈비', '당근', '홍파프리카', '피망', '양파', '감자', '간마늘', '간장', '설탕', '후추']"
7019347,"['두부', '계란', '대파', '식용유', '간장', '굴소스', '밥새우', '참기름 약간']"
7019346,"['스파게티면', '양파', '느타리버섯', '피망', '후추 약간', '토마토스파게티소스']"
7019345,"['양배추', '슬라이스햄', '체다치즈', '계란', '후추', '식용유']"
7019344,"['시금치', '부침가루', '소금', '홍고추', '식용유']"
7019343,"['꼬치어묵', '무', '건표고버섯', '청양고추', '국간장', '어묵스프']"
7019342,"['냉동 볶음밥', '김밥김', '체다슬라이스치즈']"
7019341,"['닭', '허브맛솔트 톡톡 ']"
7019340,"['알배기', '천일염', '사과', '양파', '새우', '멸치액젓', '쪽파', '찹쌀가루', '다시마육수', '고춧가루', '매실청', '설탕', '다진마늘', '생강']"
7019339,"['오징어', '오이', '무', '설탕', '참치액젓', '식초', '매실액', '다진마늘', '고추장', '고춧가루', '콩가루']"
7019338,"['양파', '대파', '돼지고기 다짐육', '소면', '식용유', '후춧가루 조금', '다진 마늘', '간장', '굴소스', '설탕', '굵은 고춧가루', '맛술', '피넛소스']"
7019337,"['콩나물', '부추 조금', '마늘', '국간장', '꽃소금', '맛소금', '고춧가루', '참깨 약간', '참기름']"
7019336,"['쌀', '물', '콩나물', '표고버섯', '당근', '콩나물', '당근', '물', '소금', '진간장', '물', '들기름', '깨소금', '고춧가루', '올리고당', '쪽파']"
7019335,"['냉동 고등어', '튀김가루', '올리브오일', '쌀뜨물 넉넉하게', '다진 오이피클', '피클물', '마요네즈', '올리고당']"
7019334,"['감자', '소금', '물', '식용유 넉넉하게']"
7019333,"['미역줄기', '톳', '양파', '액젓', '맛술', '참기름', '깨소금']"
7019332,"['닭다리', '양파', '감자', '식용유', '다진마늘', '진간장', '고춧가루', '양파즙', '참기름', '소주', '꿀', '후추']"
7019331,"['감자', '올리브유', '식용유', '큐민가루', '카레가루', '오레가노']"
7019330,"['사과', '쪽파 조금', '설탕', '고춧가루', '액젓', '다진마늘', '소금', '참기름', '깨소금']"
7019329,"['늙은호박', '물', '찹쌀가루', '소금', '설탕']"
7019328,"['자숙꼬막', '부추 적당히', '양파', '깨 조금', '청양고추 적당히', '간장', '설탕', '미림', '참기름', '다진마늘', '고춧가루']"
7019327,"['도라지', '오이', '마늘', '깨소금', '초고추장', '고춧가루']"
7019326,"['양배추', '사각어묵', '청양고추', '다진마늘', '식용유', '진간장', '설탕']"
7019325,"['감자', '양파', '달걀', '당근', '베이컨', '마요네즈', '크림치즈', '소금', '후추']"
7019324,"['묵은지', '들기름', '다진마늘', '설탕', '맛술', '진간장', '물', '통깨']"
7019323,"['메추리알', '양파', '파프리카', '케첩', '굴소스', '간장', '통깨', '식용유']"
7019322,"['김밥김', '라이스페이퍼', '식용유 적당량']"
7019321,"['무염버터', '흰설탕', '머스코바도 설탕', '꿀', '저지방우유', '호밀가루', '베이킹 파우더', '베이킹 소다', '호두', '오트밀']"
7019320,"['양배추', '어묵', '양파', '당근 조금', '청양고추', '마늘', '콩나물국 국물', '맛간장', '쌀엿', '들기름', '통깨']"
7019319,"['오트밀', '미역', '참치', '물', '참기름 조금']"
7019318,"['고구마', '메이플 시럽 넉넉히', '올리브 오일 넉넉히']"
7019316,"['물', '우유', '대파', '양파', '라면', '다진마늘', '식용유']"
7019315,"['우삼겹', '양파', '다진마늘', '대파', '청양고추', '계란노른자', '진간장', '물엿', '설탕', '맛술', '다진마늘']"
7019314,"['돼지고기 앞다리살', '양파', '깻잎', '대파', '통깨 약간', '고추장', '간장', '맛술', '올리고당', '고춧가루', '굴소스', '설탕', '참기름', '매실청', '다진 마늘']"
7019313,"['우엉', '식초', '물', '다시마', '생강', '통깨 약간', '진간장', '다진 마늘', '설탕', '맛술', '올리고당']"
7019312,"['달걀', '체다치즈', '모짜렐라치즈', '소금']"
7019311,"['동태', '두부', '대파', '청양고추', '홍고추', '무', '마늘', '생강청1큰술', '새우젓1큰술', '맛간장5큰술', '고추가루3큰술', '고추장2큰술', '된장']"
7019310,"['김밥김', '우엉조림 적당량', '시금치나물 적당량', '당근라페 적당량', '달걀', '단무지', '밥', '참기름', '소금', '통깨 약간']"
7019309,"['크림치즈', '계란', '설탕', '옥수수전분', '생크림']"
7019308,"['청경채', '베이컨', '식초', '올리브유', '다진마늘', '굴소스', '깨소금', '후추 조금']"
7019307,"['카레', '물', '우유', '새송이버섯', '양파', '돈까스', '식용유 넉넉히']"
7019306,"['삼치', '전분가루', '통마늘', '소금 약간', '후추 약간', '생강술 약간', '간장', '맛술', '물엿', '생강가루', '레몬생강차']"
7019305,"['떡국', '굴', '대파 조금', '다시팩', '다진마늘', '국간장', '참치액젓']"
7019304,"['두부', '스팸', '대파', '양파', '청양고추', '식용유', '물', '진간장', '다진 마늘', '굴소스', '설탕', '고춧가루', '후춧가루']"
7019303,"['두부', '참치', '양파', '대파', '청양고추', '고추가루', '설탕', '간장', '다진마늘', '물', '물', '참치액']"
7019302,"['고등어', '갓김치', '무', '물', '갓김치 국물', '간장', '맛술', '다진 마늘', '설탕', '고춧가루']"
7019301,"['알배기배추', '튀김가루', '청양고추', '홍고추', '소금 약간', '부침가루']"
7019300,['밀키트 크림뇨끼']
7019299,"['얼음 적당량', '우유', '에스프레소']"
7019298,"['수삼', '잣', '고추장', '고운고춧가루', '간장', '매실액']"
7019297,"['두부', '스팸', '계란', '부침가루', '식용유', '양파', '대파']"
7019296,"['소고기', '무', '두부', '코인 육수', '들기름', '물', '국간장', '맛술', '들기름', '소금']"
7019295,"['부시맨빵', '카피콜라', '상추', '슬라이스치즈', '홀그레인머스타드']"
7019294,"['비엔나 소세지', '미니파프리카 빨강', '미니파프리카 주황', '미니파프리카 노랑', '피망', '마늘', '올리브오일', '통깨 약간', '토마토케첩', '진간장', '설탕', '발사믹 식초']"
7019293,"['김치', '두부', '들기름', '깨소금', '물']"
7019292,"['감자', '양배추', '맛살', '계란', '머스터드1T', '마요네즈', '홀그레인머스터드', '꿀', '알룰로스']"
7019291,"['김밥', '기름 조금']"
7019290,"['무', '대파', '고추가루', '까나리액젓', '매실액', '식초', '설탕', '소금', '깨소금']"
7019289,"['딸기', '우유', '설탕']"
7019288,"['삶은 팥', '칼국수면', '물', '소금 취향것', '설탕 취향것']"
7019287,"['멸치100g', '간장', '조청', '미림', '참기름', '깨소금', '기름 넉넉히']"
7019286,"['감자', '햄', '당근', '양파', '대파 조금', '애호박 조금', '햇반', '굴소스', '간장', '참기름', '깨 조금', '맛소금 조금']"
7019285,"['양배추', '생크림', '소금', '통후추 간 것 적당량', '완성된코울슬로 ', '햄', '당근', '설탕', '식초', '마요네즈']"
7019284,"['돼지갈비', '양파', '청양고추', '꽈리고추', '홍고추', '당근', '무', '표고버섯', '대파', '물', '양파', '갈아만든 배', '진간장', '황설탕', '맛술', '물', '다진마늘', '생강가루', '대파', '참기름', '후추']"
7019283,"['감자 큰거', '고운소금', '후춧가루 톡톡', '비엔나소세지', '빵가루 적당량', '계란', '케첩', '머스터드소스 약간']"
7019282,"['찰 기장 조금', '수수 조금', '검은쌀 조금', '시래기300g', '표고버섯']"
7019281,"['돼지고기 다짐육', '양파', '다진마늘', '빵가루', '우유', '버터', '카레 가루', '파마산 치즈', '파슬리', '소금', '후추', '시판 토마토소스', '케첩', '설탕', '맛술', '물', '후추', '양파', '다진마늘', '올리브오일']"
7019280,"['계란', '당근', '대파', '팽이버섯 조금', '청양고추', '천일염', '멸치 조금', '다시마', '물']"
7019279,"['두부', '소금', '진간장', '물', '맛술', '설탕', '다진마늘1t', '참기름', '통깨 약간', '식용유 적당히']"
7019278,"['팽이버섯', '참치캔', '달걀', '당근', '소금 약간', '후추 약간', '식용유 적당히']"
7019277,"['스팸', '소시지', '햄 적당량', '베이크드빈스', '떡국용떡', '두부', '신김치', '쌀뜨물', '라면사리', '고춧가루', '고추장', '참치액', '다진 마늘', '국간장', '맛술', '소금', '후춧가루 약간']"
7019276,"['가지', '대파', '간장', '고춧가루', '올리고당', '참치액', '다진 마늘', '참기름', '통깨 약간']"
7019275,"['대구포', '감자전분', '계란', '미림', '소금', '후추', '기름 넉넉히']"
7019274,"['봄동잎', '액젓', '고추가루', '매실액', '대파', '간마늘', '참기름', '깨소금']"
7019273,"['팥', '밥', '물', '소금 취향것', '설탕 취향것']"
7019272,"['밥', '김치', '콩나물', '햄 조금', '대파', '굴소스', '기름 넉넉하게', '참기름', '깨소금']"
7019271,"['돌나물', '사과', '통깨 약간', '고추장', '간장', '식초', '올리고당', '다진 마늘', '참기름']"
7019270,"['김밥 김', '당근', '사각어묵', '청양고추', '계란3개', '밥', '간장', '고추가루', '올리고당', '맛술', '참기름', '소금', '깨소금']"
7019269,"['봄동', '물', '된장', '고추장', '멸치', '청양고추', '간 마늘', '대파 적당량']"
7019268,"['오이', '계란', '크래미', '밥', '참기름', '깨소금', '소금']"
7019267,"['밥', '계란', '대파', '당근', '애호박', '새송이버섯', '소세지', '굴소스', '참기름']"
7019266,"['콩나물 머리 딴 것', '미더덕', '오징어 중간', '깻잎', '대파', '양파', '청양 고추', '참기름', '통깨', '고추장', '진간장', '매실청', '다진 마늘', '고춧가루']"
7019265,"['소고기 불고기감', '계란', '미림', '찹쌀가루', '대파', '식용유 넉넉하게', '소금 조금', '후추 조금']"
7019264,"['꼬막', '굵은소금', '진간장', '부추', '당근 조금', '양파 조금', '간장', '맛술', '다진마늘', '청양고추', '매실액', '참기름', '깨소금']"
7019263,"['사태', '물', '무', '대파', '간 마늘', '참치 액', '소금', '후춧가루']"
7019262,"['고등어', '부침가루', '카레가루', '식용유']"
7019261,"['만두', '떡국떡', '국물 멸치', '물', '계란', '당근', '청양고추', '다진 마늘', '참치 액젓', '소금']"
7019260,"['참기름', '김치 적당히', '고춧가루', '액젓', '다진마늘', '코인육수', '물', '양파', '호박 조금', '칼국수면']"
7019259,"['갑오징어 중', '청양고추', '양파', '당근', '고추장', '고추가루', '다진마늘', '쪽파 (또는 대파)', '설탕', '맛술', '요리당', '후추', '깨소금', '참기름']"
7019258,"['시금치', '고추장', '고춧가루', '다진 마늘', '대파 흰 대', '매실진액', '식초', '참기름', '깨소금 조금 ']"
7019257,"['김', '쪽파', '간장', '액젓', '매실진액', '고춧가루', '미림', '간 마늘', '참기름', '깨소금']"
7019256,"['김장김치', '부침가루', '튀김가루', '계란', '당근 조금', '대파', '청양고추', '콩나물', '물']"
7019255,"['홍합', '물', '무', '청양고추', '대파', '마늘', '소금', '미림']"
7019254,"['배추', '팽이버섯', '당근 조금', '대파', '청양고추2개', '간장', '올리고당', '고추가루', '참기름', '깨소금 조금']"
7019253,"['배춧잎', '감자', '물', '중멸치', '건다시마', '건새우', '된장', '국간장', '고춧가루', '청양고추', '대파 초록부분']"
7019252,"['쌀밥', '김밥김', '체다치즈', '샌드위치햄', '달걀', '참기름', '소금 약간', '깨 약간']"
7019251,"['LA갈비', '무 (1주먹크기)', '양파', '마늘', '사과', '생강 조금', '간장', '맛술', '매실액', '흑설탕', '대파 (원하는 만큼)']"
7019250,"['호박', '찹쌀', '물', '설탕', '소금', '잣 약간']"
7019249,"['밥', '햄', '멸치볶음', '냉이나물', '참기름', '깨소금 약간']"
7019248,"['배추', '대패삼겹살', '상추', '초간장 약간']"
7019247,"['떡국떡', '물', '설탕', '참기름', '소금', '통깨', '시나몬가루', '견과류']"
7019246,"['토란', '홍초', '육수', '들깨가루', '멸치액젓', '마늘', '참기름', '깨소금 약간', '물미역', '멸치액젓', '마늘', '참기름', '깨소금 약간', '취나물', '멸치액젓', '참기름', '깨소금 약간', '배추시래기', '된장', '육수', '멸치', '마늘', '참기름', '깨소금 약간']"
7019244,"['멸치다시마 육수', '아욱', '건새우', '두부', '된장', '까나리 액젓', '다진마늘', '대파']"
7019243,"['양배추', '부추', '당면', '계란', '올리브 오일', '짜파게티만능 소스', '참기름', '참깨', '소금']"
7019242,"['두툼한 식빵', '계란', '우유', '소금 약간', '설탕 약간', '메이플시럽', '버터', '과일 취향껏']"
7019241,"['어묵 꼬치용', '떡볶이떡', '대파 넉넉히', '쪽파 약간 ', '코인육수', '고추장', '고춧가루', '물엿', '설탕', '진간장']"
7019240,"['시금치', '소금', '간마늘', '국간장', '액젓', '참기름 적당량', '깨']"
7019239,"['양배추', '고춧가루', '까나리액젓', '원당', '통깨', '마늘', '식소다']"
7019238,"['건취나물', '소금', '들기름', '통깨', '물', '국간장', '다진 마늘', '다진 대파', '들기름']"
7019237,"['올리브오일', '파스타1줌', '바지락', '편마늘', '해물가루', '소금', '페페론치노']"
7019236,"['글루텐 프리믹스', '시나몬 가루', '땅콩버터', '초코칩', '오트밀', '저지방우유', '비정제 설탕', '포도씨유', '피칸', '토핑용 피칸']"
7019235,"['김', '두부', '계란', '당근', '유기농 어린잎 넉넉히', '크레미', '단무지', '우엉', '소금 조금', '올리브 오일 적당히', '참기름 조금', '깨 조금']"
7019234,"['생우동면', '조기어묵', '청양고추', '우동건더기스프 조금', '소금 조금 (이나 국간장)']"
7019233,"['딸기잼', '식빵', '계란', '파슬리가루', '버터', '체다치즈']"
7019232,"['스팸', '공기밥', '새우', '깨소금', '식용유', '간장']"
7019231,"['박력분', '설탕', '물엿', '버터', '달걀', '바닐라향', '식용유', '설탕', '물', '딸기', '생크림', '설탕']"
7019230,"['그린빈', '견과류', '버터', '맛소금', '설탕', '후추 톡톡']"
7019229,"['돼지갈비', '당근', '무', '대파', '홍고추', '간장', '맛술', '꿀', '다진 마늘', '참기름', '생강가루', '후추 조금', '사과즙', '물']"
7019228,"['두부', '계란', '시금치 조금', '당근 조금', '양파 조금', '소금 조금', '새우젓', '참기름']"
7019227,"['엿기름', '쌀', '물', '설탕']"
7019226,"['LA갈비', '배', '간장3/4', '미림1/2', '물1', '설탕1', '생강가루1/2t', '다진파', '다진마늘', '후추', '참기름', '무', '당근', '물 ']"
7019225,"['고등어', '무', '다싯물', '익은김치', '양파', '청양고추', '대파', '진간장', '소금', '설탕', '간 마늘', '큐브 생강', '소주', '고춧가루']"
7019224,"['식빵', '달걀', '우유', '설탕 적당량', '버터']"
7019223,"['빈츠', '마시멜로우']"
7019222,"['당근', '소금', '올리브오일', '홀그레인머스타드', '레몬즙', '꿀']"
7019221,"['만두피', '양배추', '맛살', '청양고추', '슬라이스 치즈', '천일염', '갈색설탕', '참기름', '식용유']"
7019220,"['냉이', '된장', '고추장', '참기름', '다진 마늘', '통깨 적당량']"
7019219,"['돼지고기', '달걀', '두부', '부침가루', '쪽파', '소금 약간', '후춧가루 약간', '진간장', '다진 마늘', '설탕', '맛술']"
7019218,"['사각어묵', '소세지', '떡볶이 떡', '사각 라이스페이퍼', '케찹', '진간장', '올리고당', '다진 마늘', '깨소금']"
7019217,"['양파', '새송이버섯', '청고추', '홍고추', '애호박', '대파', '마늘', '표고버섯', '조갯살', '다시마 조각', '손질한 멸치', '두부', '된장 크게', '고춧가루', '미림', '후추 적당량', '물', '멸치액젓 적당량']"
7019216,"['양배추', '물 적당히']"
7019215,"['계란', '설탕', '식초']"
7019214,"['사과', '배', '바나나', '귤', '건포도 적당량 (또는 크랜베리)', '마요네즈 취향껏', '소금 적당량', '설탕 적당량']"
7019213,"['홍 진미채', '고추장', '고춧가루', '매실청', '식초', '다진 마늘', '참기름', '통깨 약간']"
7019212,"['두부', '마늘', '양파', '홍고추', '청고추', '대파', '고춧가루', '설탕', '소금 적당량', '후추 적당량', '생강가루', '두반장', '미림', '진간장', '전분', '물', '식용유 적당량', '참기름']"
7019211,"['삶은 무청 시래기', '건 보리새우', '건멸치', '청양고추', '된장', '생강술', '다진마늘', '다시다 조금']"
7019210,"['순두부', '물', '국물용 멸치 여러마리', '다시마 조각', '마늘', '애호박', '대파', '양파', '청양고추', '국간장', '멸치액젓', '고춧가루', '굵은소금', '당면 (기호에 따라)', '버섯 (기호에 따라)']"
7019209,"['고구마', '설탕', '타피오카전분', '식용유 적당량', '물']"
7019208,"['계란 먹을만큼', '물 적당량']"
7019207,"['밥', '돼지고기', '식용유 적당량', '설탕', '간장', '양파 적당량', '오향가루', '백후추', '미림', '물 넉넉히', '삶은계란 적당량']"
7019206,"['닭가슴살', '맥주', '후추', '오향가루', '소금', '옥수수전분', '생강가루', '마늘', '굴소스', '식용유 넉넉히', '고구마전분', '옥수수전분']"
7019205,"['무', '청양고추', '진간장', '매실청', '물엿', '소주']"
7019204,"['소고기 불고기용', '설탕', '물엿', '다진마늘', '표고버섯', '양파', '느타리버섯', '대파', '간장', '후추 톡톡 ', '깨 톡톡', '참기름']"
7019203,"['무염버터', '설탕', '소금', '달걀물', '박력분', '베이킹파우더']"
7019202,"['고구마', '베이컨', '올리브유', '소금', '간장', '올리고당']"
7019201,"['단배추', '물', '집된장', '다진마늘', '참기름', '고춧가루']"
7019200,"['족발', '식용유', '다진 마늘', '대파', '매운 고추장', '굴소스', '간장', '설탕', '참기름', '통깨']"
7019199,"['호밀빵', '잼 적당량', '감자', '계란', '양파', '당근 다짐', '버터', '마요네즈', '허니머스터드', '설탕', '소금 약간', '후추 약간', '파슬리 약간', '소금', '소금', '식초']"
7019198,"['생굴', '참기름', '부침가루', '부추', '달걀']"
7019197,"['닭다리살', '감자', '대파', '양파', '당근', '호박', '표고버섯', '칼국수면', '홍고추', '부추', '치킨스톡', '참치액', '물', '소금 약간', '후추 약간', '다진마늘', '맛술']"
7019196,"['간고등어', '물', '스끼야끼간장', '양조간장', '맛술', '설탕', '마늘', '생강', '무', '청양고추', '쌀뜨물', '소주']"
7019195,"['간고등어', '오일', '들기름', '쌀뜨물', '소주']"
7019194,"['계란', '표고버섯', '대파', '통마늘', '다시마', '진간장', '물', '흑설탕', '맛술', '참기름', '통깨 약간']"
7019193,"['묵은지', '닭', '양파', '감자', '대파', '월계수잎', '고춧가루', '진간장', '멸치 액젓', '다진 마늘', '매실청', '생강가루 약간']"
7019192,"['고추', '소금', '마늘', '양파', '고추기름', '간장', '식초', '설탕', '굴소스']"
7019191,"['취나물', '다진마늘', '다진파', '멸치액젓', '매실액', '참기름', '통깨']"
7019190,"['돼지고기 다짐육', '순두부', '양파', '대파', '다진 마늘', '청양고추', '계란', '팽이버섯', '맛술', '고춧가루', '진간장', '참치액젓', '코인 육수', '물']"
7019189,"['동태포', '소금 취향껏', '후춧가루 톡톡', '달걀', '맛술', '부침가루 적당히', '식용유 넉넉히', '쑥갓 약간']"
7019188,"['돼지고기 등심', '맛술', '소금 약간', '후추 약간', '전분가루', '찹쌀가루', '물', '식용유', '오이', '양파', '당근', '목이버섯', '미니 파프리카', '간장', '황설탕', '식초', '생강 약간', '물', '전분가루1T', '물2T']"
7019186,"['늙은호박', '부침가루', '물 약간', '소금 약간']"
7019185,"['쌀', '멸치육수', '새송이버섯', '다진쪽파', '깨소금', '참기름', '떡갈비', '진간장', '올리고당', '참기름']"
7019184,"['순두부', '배추잎 큰것', '표고버섯', '홍고추', '쌀뜨물', '된장', '다진마늘', '고추가루', '생강술', '후추가루 조금']"
7019183,"['멸치 작은거', '호박씨 조금', '볶은땅콩 조금', '볶은 너츠 조금', '마카다미아 조금', '생강술', '해바라기유', '올리고당', '참기름', '통깨 조금']"
7019182,"['양배추', '사과', '메이플시럽', '마요네즈', '홀그레인 머스터드']"
7019181,"['흰자', '박력분', '흰설탕', '무염버터', '아몬드 가루', '살구잼', '디사론노 약간']"
7019180,"['봄동', '다진 마늘', '고춧가루', '멸치액젓', '간장', '식초', '매실청', '설탕', '통깨', '참기름']"
7019179,"['열무', '얼갈이 배추', '쪽파', '양파 큰것', '마늘', '사과 중간사이즈', '고춧가루', '새우젓', '멸치액젓', '매실청', '설탕', '꽃소금', '찬밥']"
7019178,"['현미밥', '명란젓 취향껏 ', '오이', '두부', '참깨', '와사비', '무순', '간장', '참기름']"
7019177,"['우동면', '크래미', '마늘', '양배추', '간장', '굴소스', '참치액', '설탕', '후추 약간', '가쓰오부시']"
7019176,"['단배추', '청양고추', '물', '집된장', '고추장', '고춧가루', '다진마늘', '건다시마']"
7019175,"['맛살', '햄', '단무지', '쪽파', '달걀', '부침가루', '전분가루']"
7019174,"['깻잎', '소고기', '달걀', '부침가루', '두부', '쪽파', '소금', '후춧가루', '진간장', '다진 마늘', '설탕', '맛술']"
7019172,"['감자', '대파', '달걀', '물', '국간장', '참치액', '다진 마늘', '소금']"
7019171,"['건미역', '들깨가루', '참치액', '소금', '쌀뜨물']"
7019170,"['핫케이크믹스', '버터 약간', '꿀', '우유', '딸기', '체리', '블루베리']"
7019169,"['베이컨', '식빵', '로메인', '파마산치즈', '마요네즈', '레몬주스', '우스터소스', '파마산치즈', '흑후추', '올리브오일']"
7019168,"['돼지고기 카레용', '대파 흰부분 약간 ', '감자', '양파', '짜장', '전분가루', '쪽파 약간 ']"
7019167,"['당근 중간크기', '소금 조금', '들기름 조금', '통들깨 (넣고 싶은 만큼)']"
7019166,"['쌈배추', '무채', '고춧가루', '소금 조금', '초장', '식초', '진간장', '통깨 조금']"
7019165,"['팽이버섯', '크래미', '밥', '쪽파', '달걀', '식용유 약간', '물', '진간장', '굴소스', '맛술', '식초', '전분물']"
7019164,"['돼지고기 보쌈용', '된장', '블랙커리', '대파 넉넉히', '가을무', '강황 약간 ']"
7019163,"['애호박', '밥새우', '청양고추', '홍고추 약간', '부침가루', '전분가루', '소금', '식용유 약간']"
7019162,"['떡국', '한우곰탕', '계란', '다진마늘', '대파 약간 ', '후춧가루 약간 ', '김가루 약간']"
7019161,"['알배기배추', '된장', '표고', '대파 넉넉히', '다진마늘', '들기름', '소금 약간', '청양고추', '쌀뜨물']"
7019160,"['대패목살', '두부', '대파 약간', '다진마늘', '고추장', '들기름', '쌀뜨물']"
7019159,"['떡국떡', '손김치 만두', '코인육수', '소금 약간', '계란', '대파 약간 ', '후춧가루 약간']"
7019158,"['콩나물', '고춧가루', '다진마늘', '국간장', '대파 넉넉히', '소금 약간']"
7019157,"['계란', '대파 넉넉히', '매실액', '국간장', '후춧가루 약간']"
7019156,"['알배기배추', '된장', '고추장', '다진마늘', '들기름', '표고버섯가루', '소금 약간 ']"
7019155,"['봄동 작은 거', '굵은소금', '된장', '다진 마늘', '설탕', '들기름', '통깨', '다진 대파']"
7019154,"['갈치', '무', '양파', '청양고추', '홍고추', '대파', '고춧가루', '간장', '매실청', '설탕', '생강가루', '다진마늘', '맛술', '후추가루 약간']"
7019153,"['사과', '양파', '진간장', '올리고당', '들기름', '생강가루 약간 ']"
7019152,"['얼음 적당량', '우유', '에스프레소', '달고나 적당량']"
7019151,"['우엉', '청양고추', '간장', '맛술', '설탕', '꿀', '후춧가루 톡톡 ', '물']"
7019150,"['식빵', '프랑크소세지', '달걀', '모짜렐라치즈', '빵가루', '버터 약간 (또는 마요네즈)']"
7019148,"['우동면', '해물믹스', '대파', '당근', '양배추', '청경채', '굴소스', '소금', '후추', '참기름', '참깨', '설탕', '간장']"
7019147,"['닭고기', '양파', '애호박', '당근', '소세지', '마늘', '계란', '월계수잎', '고체카레', '버터', '밥 적당량', '물', '다진생강', '굴소스', '맛술']"
7019146,"['오징어', '무', '멸치육수', '국간장', '고춧가루', '멸치액젓', '연두', '다진마늘', '굵은소금', '대파', '청양고추', '후추 조금']"
7019145,"['티아시아 카레가루', '감자', '양파', '당근 작은것', '양배추', '소고기', '오일', '데친 브로콜리', '양파순', '물']"
7019143,"['차돌박이', '감자', '호박', '양파', '순두부', '미니새송이버섯', '된장', '쌈장', '참치액', '고추가루', '다진마늘', '코인육수']"
7019142,"['순대', '양배추', '대파', '깻잎', '다진마늘', '소금', '소고기 다시다', '설탕', '후추 적당량', '물', '들깨가루']"
7019141,"['통삼겹', '물', '된장', '월계수잎', '양파', '대파', '소금 조금', '후추 조금']"
7019140,"['삶은 시래기', '된장', '양조간장', '까나리액젓', '고추가루', '설탕', '매실청', '소주', '청양고추', '마늘', '대파 약간', '중멸치', '멸치다시마 육수', '들기름']"
7019139,"['옥수수캔', '냉동 찰옥수수 알맹이', '감자', '브로콜리', '우유', '생크림', '체다치즈', '소금', '후추 약간', '물', '소금']"
7019138,"['찹쌀호떡믹스', '감자전분가루']"
7019137,"['계란', '다진대파', '다진당근', '파슬리가루', '슈레드치즈', '올리브오일', '마요네즈', '쯔유', '후추 톡톡', '맛술']"
7019136,"['돼지갈비', '대파', '양파', '소금', '식초', '진간장', '참치액', '설탕', '고춧가루', '케첩', '다진마늘', '후추', '물']"
7019135,"['연어', '쯔유', '간장', '설탕', '참기름', '아보카도', '밥', '계란 노른자']"
7019134,"['콩나물', '쌀', '물', '대파', '참기름', '깨', '간장']"
7019133,"['딸기', '바나나', '요구르트', '우유', '식초']"
7019132,"['빵', '양파', '새송이버섯', '슬라이스 치즈', '토마토', '올리브유', '소금', '후추', '파슬리', '진간장', '발사믹식초']"
7019131,"['미니 단호박', '달걀', '꽃소금', '꿀']"
7019130,"['돼지고기 앞다리살', '대파', '양파', '당근', '양배추', '대파', '설탕', '간장', '고추장', '배음료', '다진마늘', '고춧가루', '참기름']"
7019129,"['우엉채', '간장', '설탕', '꿀', '들기름', '통깨', '참기름 약간', '식초', '물']"
7019128,"['황태', '두부', '마늘', '대파', '계란', '무', '물', '참기름', '국간장', '참치액젓', '후춧가루 약간']"
7019127,"['또띠아', '버터', '계란', '설탕 취향껏', '양파 조금', '치즈', '샌드위치 햄']"
7019126,"['양파', '호박', '당근', '대파 흰부분', '청양고추', '참치캔', '계란', '부침가루', '식용유 적당량', '맛소금', '후추']"
7019125,"['연근', '마늘', '식용유', '진간장', '올리고당', '미림', '노두유', '통깨 적당량']"
7019124,"['돼지고기 다짐육', '두부', '대파', '양파', '물', '다진마늘', '고추장', '간장', '설탕', '참기름 조금', '깨 조금']"
7019123,"['파스타면', '양파', '소금', '고추장', '토마토소스', '올리브오일 적당량', '후추 적당량', '파슬리가루 적당량', '물']"
7019122,"['모닝빵', '소금 약간', '버터']"
7019121,"['바나나', '꿀', '우유']"
7019120,"['양파', '계란', '부침가루 적당량', '빵가루 적당량', '식용유 적당량', '토마토케첩 취향껏']"
7019119,"['시금치', '당근 조금', '대파 조금']"
7019118,"['전복', '마늘', '버터', '후추 적당량', '맛소금', '레몬슬라이스', '파슬리 적당량', '굵은소금 적당량', '베이킹소다 적당량', '물 적당량']"
7019117,"['동태', '소금', '후추', '밀가루', '달걀 ']"
7019116,"['닭 볶음탕용', '우유', '설탕', '소금', '식용유', '고추가루', '대파', '청양고추', '양파', '당근', '작은 감자', '물', '고추장', '된장', '진간장', '설탕', '물엿 크게', '미림', '다진 마늘', '다진 생강', '감자전분', '소고기다시다', '후추 조금', '통깨']"
7019115,"['콩나물', '마늘', '대파', '물 적당량', '굵은소금', '고춧가루', '맛소금', '참기름', '깨']"
7019114,"['쌀떡', '마늘', '진간장', '올리고당', '후추 적당량', '참기름', '물']"
7019113,"['닭 가슴살', '브로콜리', '파프리카 색깔별', '양파']"
7019112,"['김', '들기름', '해바라기유', '참기름', '맛소금 적당량']"
7019111,"['우엉채', '식용유', '진간장', '물엿', '통깨 적당량', '물']"
7019110,"['건미역', '소고기 양지', '참기름', '국간장', '간마늘', '물', '액젓']"
7019109,"['비엔나 소세지', '양파', '당근', '마늘', '후추 약간', '케챂', '간장', '설탕', '식초']"
7019108,"['호빵', '버터', '소금', '올리브유']"
7019107,"['소고기갈비', '통마늘', '떡볶이떡', '배즙', '간장', '맛술', '설탕', '올리고당', '생강가루', '후춧가루', '대파', '양파1개', '청양고추', '꽈리고추', '무', '당근', '표고버섯', '통깨']"
7019106,"['비엔나소세지', '파프리카 노랑', '파프리카 빨강', '당근', '양파', '통마늘', '식용유', '통깨', '돈까스소스', '케첩', '올리고당', '후춧가루 톡톡 ']"
7019105,"['소고기 불고깃감', '갈아만든 배', '다진 마늘', '설탕', '연겨자', '맛술', '진간장', '소금', '참기름', '통후추 약간', '물', '대파', '양파', '당근 약간', '알배추 약간', '느타리버섯 약간 (또는 팽이버섯)']"
7019104,['고구마 큰거']
7019103,"['물', '건표고', '건다시마', '국간장', '소금', '진간장', '유자청', '식초', '물', '다진 양파', '연겨자', '알배추', '깻잎', '소고기 샤브용', '팽이버섯', '청경채', '맛술', '후추 약간']"
7019102,"['카레가루', '물', '소세지', '양파', '감자']"
7019101,"['애호박', '부침가루', '계란', '식용유', '진간장', '식초', '고추가루', '통깨']"
7019100,"['동태', '이리 취향껏 (또는 곤이)', '무', '두부', '대파', '청양고추', '쑥갓', '물', '고추장', '된장', '고춧가루', '국간장', '맛술', '참치액', '다진 마늘', '다진 생강', '후춧가루 약간']"
7019099,"['포항초', '양파', '청양고추', '보리새우', '부침가루', '튀김가루', '물', '꽃소금', '빵가루']"
7019098,"['떡국떡', '물', '설탕', '소금', '참기름', '시나몬가루']"
7019097,"['배', '사과', '파인애플', '양파', '진간장', '꽃게액젓', '매실액', '소고기다시다', '꿀', '다진마늘', '다진생강', '소주', '후추', '한우 불고기감', '표고버섯', '팽이버섯', '파채', '당면', '김치', '파채 원하는만큼', '팽이버섯 원하는만큼', '물']"
7019096,"['무채', '다진 마늘', '다진 생강', '고춧가루', '소금', '흰설탕', '참기름', '까나리액젓', '통깨 솔솔 ']"
7019095,"['소고기 산적용', '다진파', '양파', '배즙', '다진마늘', '간장', '미림', '올리고당', '후춧가루 소량', '참기름', '물']"
7019094,"['순두부', '고추참치', '양파', '표고버섯', '애호박', '대파', '홍고추', '다진 마늘', '고춧가루', '국간장', '들기름', '코인 육수', '물']"
7019093,"['밥', '애호박', '표고버섯', '당근', '양파', '계란', '기름 넉넉하게', '소금']"
7019092,"['호밀식빵', '양배추', '당근', '달걀', '버터', '식용유 약간', '소금', '후추 약간', '설탕 약간', '케첩 약간', '마요네즈 약간', '홀그레인머스타드 약간']"
7019091,"['황태채', '사각어묵', '달걀', '대파', '쌀뜨물', '들기름', '맛술', '멸치액젓', '새우젓', '소금 약간', '후추 약간']"
7019090,"['비엔나소시지', '양파', '당근', '대파', '식용유', '간장', '굴소스', '고춧가루', '케첩', '알룰로스', '깨소금', '후추']"
7019089,"['가지', '식용유', '다진마늘', '진간장', '설탕', '고춧가루', '물', '굴소스', '참기름', '깨소금']"
7019088,"['맛타리버섯', '액젓', '들깨가루', '들기름']"
7019087,"['떡국떡', '꿀']"
7019086,"['소세지', '양파', '올리브유', '케첩', '굴소스', '후추', '통깨']"
7019085,"['닭다리', '고추장 크게', '양조간장', '양파', '후추', '굵은 고추가루']"
7019084,"['단호박 속', '양파', '버터', '우유250ml', '생크림250ml', '체다치즈2장', '파마산치즈가루', '소금 약간 ']"
7019083,"['돼지고기 목살', '대파', '고추장', '고춧가루', '설탕', '올리고당', '진간장', '맛술', '굴소스', '다진 마늘', '다진 생강', '참기름 약간', '후추 약간', '통깨 약간', '소금 약간', '후춧가루 약간']"
7019082,"['우동사리', '멸치육수', '신김치', '사각어묵', '김치국물', '멸치액젓', '고춧가루', '국간장', '다진마늘', '대파', '후추 조금']"
7019081,"['소고기 국거리용', '무', '물', '코인육수', '들기름', '멸치액젓', '다진마늘', '굵은소금', '대파', '후추 넉넉히']"
7019080,"['큰 봄동', '마늘7쪽', '청양고추', '통깨', '고춧가루', '멸치액젓']"
7019079,"['우리밀', '베이킹 파우더', '자일로스 설탕', '소금', '생크림', '구운 피칸']"
7019078,"['박력분', '실온 크림치즈', '실온 무염버터', '실온 달걀', '설탕', '아몬드가루', '베이킹파우더', '소금', '바닐라익스트랙']"
7019077,"['달걀 흰자', '무염버터', '설탕', '꿀', '박력분', '아몬드가루', '코코아파우더', '견과류', '크런키볼']"
7019076,"['양배추', '당근', '사과', '참깨드레싱소스', '삶은 달걀', '아몬드슬라이스']"
7019075,"['블랙커피', '뜨거운 물 조금', '바닐라시럽', '우유', '코코아 파우더 조금']"
7019074,"['닭', '감자', '양파', '당근', '대파', '청양고추', '소주', '다진마늘', '고추장', '고추가루', '간장', '소금', '설탕', '참치액젓']"
7019073,"['등뼈', '양파', '당면', '대파', '고추장', '고춧가루', '간장', '맛술', '다진마늘', '설탕', '소고기다시다']"
7019072,"['꼬막', '양파', '청양고추', '홍고추', '간장', '고은 고춧가루', '올리고당', '참기름', '청주', '다진 마늘', '후춧가루 톡톡 ', '만능 육수', '간장', '올리고당', '만능 육수', '유자청', '후춧가루 약간']"
7019071,"['건미역', '소고기 양지', '까나리액젓', '다진마늘', '참치액', '참기름']"
7019070,"['진미채', '무꿀청 건더기', '마요네즈', '고추가루', '고추장', '설탕', '물엿', '물', '참기름', '통깨']"
7019069,"['소고기', '무', '콩나물', '육수', '양파', '대파', '다진마늘', '고추가루', '국간장', '참치액', '소금', '참기름']"
7019068,"['새우', '숙주', '대파', '양파', '마늘', '식용유', '미림', '굴소스', '청양고추 (또는 페페론치노)']"
7019067,"['엿기름', '물', '찬밥', '설탕', '계피', '생강']"
7019066,"['바카디', '라임즙', '설탕시럽', '얼음']"
7019065,"['땅콩잼', '생크림', '카라멜소스', '우유', '헤이즐넛 시럽', '에스프레소', '아몬드슬라이스 약간', '올리고당 약간']"
7019064,"['찹쌀', '대추', '물', '밤', '호박씨', '땅콩', '아몬드', '흑설탕', '진간장', '참기름', '계피가루', '소금']"
7019063,"['얇은 사각어묵', '당면', '당근', '청경채', '표고버섯', '대파', '양파', '진간장', '굴소스', '설탕', '간마늘', '참기름', '후추 적당량', '통깨', '소금 적당량']"
7019062,"['물', '다시마', '표고버섯', '양파1/2개', '감자', '칼국수 면', '마늘', '들깨가루', '액젓', '들기름']"
7019061,"['양배추', '베이컨', '계란', '당근', '부침가루 약간']"
7019060,"['동물성 휘핑크림', '설탕', '얼음 적당량', '우유', '에스프레소', '코코아파우더 적당량']"
7019058,"['멸치육수', '콩나물', '다진 마늘', '청양고추', '대파', '고춧가루', '천일염', '액젓']"
7019057,"['달래', '양파', '청양고추', '애호박', '대파', '범일 쌈장', '다진마늘', '물']"
7019056,"['소고기', '무', '대파', '다진마늘', '물', '참기름', '국간장', '소금 조금', '후추 조금']"
7019055,"['구운감태', '밥', '소금', '참기름', '통깨 약간', '마요네즈 약간']"
7019054,"['배추김치', '양파 중간 사이즈', '밥', '참치 작은캔', '설탕', '참기름', '볶은참깨']"
7019053,"['도다리 회', '밥', '상추', '깻잎', '양파 초절임', '채썬마늘', '다진 청양고추', '초고추장', '쌈장', '와사비', '참기름', '참깨']"
7019052,"['삼겹살', '가지', '방울토마토', '된장', '케찹', '파마산치즈', '채썬대파']"
7019051,"['파래', '사과', '다진파', '다진마늘', '양조간장', '올리고당', '식초', '굵은소금']"
7019050,"['물', '떡볶이떡', '고춧가루', '설탕', '카레가루', '진간장', '물엿', '어묵', '비엔나소시지']"
7019049,"['순살고등어', '김밥용김', '밥', '초생강', '무순', '참기름 적당량', '식초', '설탕', '소금', '마요네즈', '설탕', '후추 톡톡']"
7019048,"['계란', '우유', '설탕', '이스트', '강력분', '소금', '무염버터', '식용유', '비엔나소시지 적당량', '통깨 적당량']"
7019047,"['전복', '쌀', '찹쌀', '참기름', '굵은소금', '미림', '물 (레시피참고)', '다시마 조각', '고춧가루', '통깨', '참기름', '꿀', '간장', '양파', '청양고추', '부추']"
7019046,"['먹태', '들기름', '맛소금', '마요네즈', '진간장', '꿀', '청양고추', '홍고추']"
7019045,"['핫케이크 믹스', '계란', '우유', '식용유 적당량', '블루베리', '치즈']"
7019044,"['밥', '마요네즈', '참치', '청양고추', '후추 적당량', '소금 적당량', '김가루 적당량 (또는 조미김)']"
7019043,"['샤인머스캣', '물', '얼음 적당량', '꿀 적당량 (또는 설탕)']"
7019042,"['물', '카레가루', '브로콜리 적당량', '당근', '양파', '감자', '소고기', '후추 적당량']"
7019041,"['도넛반죽 믹스', '우유', '식용유', '슈가파우더 약간 (or 흰설탕)', '튀김유 약간']"
7019040,"['고등어', '청양고추', '홍고추', '굵은소금', '전분', '식용유 약간', '고춧가루', '간장', '다진마늘', '다진생강', '올리고당', '매실청', '맛술', '참기름', '후추 약간']"
7019039,"['옥수수콘', '양파', '물 적당히', '마요네즈', '설탕', '식초', '파슬리가루 적당량']"
7019038,"['고등어 먹을만큼', '식용유 적당량', '레몬슬라이스 (생략가능)']"
7019037,"['오징어', '육수', '무', '국간장', '간마늘', '고춧가루', '고추장', '파', '소금 약간']"
7019036,"['오이', '간마늘', '설탕', '당근', '통깨', '파']"
7019035,"['김밥김', '오이', '당근라페', '달걀', '밥', '참기름', '소금', '통깨 약간']"
7019034,"['달걀', '다시마육수', '맛술', '소금']"
7019033,"['알배추', '부침가루', '튀김가루', '물', '참치액', '대파']"
7019032,"['햄', '맛살', '쪽파', '새송이버섯', '전분가루', '계란', '참기름', '소금', '전분가루']"
7019031,"['순대', '라이스페이퍼', '고추장', '진간장', '케찹', '올리고당', '다진마늘', '참기름', '후추', '깨소금']"
7019030,"['황태채', '양파', '달걀', '감자', '당근 조금', '두부', '들기름', '사골육수', '새우젓', '다진마늘']"
7019029,"['애호박', '양파', '계란', '고춧가루', '간장', '굴소스', '올리고당', '후추 조금', '물', '통깨 조금', '식용유 조금']"
7019028,"['미역', '참기름', '다시다', '굵은소금', '다진마늘']"
7019027,"['시금치', '멸치액젓', '참기름', '통깨 톡톡']"
7019026,"['오색 떡국떡', '만두', '멸치육수', '표고버섯', '당근 약간', '양파 약간', '대파 약간', '국간장', '들깨가루', '계란', '김가루 약간']"
7019025,"['김장김치', '오징어 다이스', '바지락살', '참기름', '코인 육수1알', '김치국물', '밥', '꽃게액젓', '물', '통깨 솔솔']"
7019024,"['양파', '만두', '청양고추', '버터', '다진 마늘', '우유', '무가당 생크림', '소금', '후춧가루', '슬라이스 치즈']"
7019023,"['양파', '홍고추', '청양고추', '간장', '식초', '황설탕', '물']"
7019022,"['스팸 작은거', '두부', '달걀', '부침가루', '식용유 넉넉히']"
7019021,"['계란', '끓인물', '참치액', '참기름']"
7019020,"['립톤아이스티', '황도통조림', '얼음']"
7019019,"['소갈비', '낙지', '대파', '양파', '무', '통마늘', '통생강', '통후추', '팔각', '정향', '월계수잎', '자른다시마', '물', '국간장', '맛술', '참치액젓', '소금 약간', '후춧가루 약간', '계란', '대파']"
7019018,"['떡볶이', '또띠아', '깻잎', '슬라이스 체다치즈']"
7019017,"['밥', '새우살', '당근', '양파', '피망', '옥수수콘', '소금 약간', '달걀', '식용유', '케찹']"
7019016,"['홍합', '돼지고기', '오징어', '새우 큰거', '고추가루', '파프리카가루', '식용유', '양배추 조금', '양파', '당근 조금', '청경채 조금', '굴소스', '소금 적당히', '멸치육수', '콩 생칼국수면']"
7019015,"['떡볶이', '흰 우유', '슬라이스 체다치즈', '편마늘 원하는만큼 ', '소금 약간']"
7019014,"['라면', '라면분말스프', '설탕', '케첩', '마요네즈']"
7019013,"['봄동잎', '소금', '된장', '쌈장', '고추장', '고춧가루', '다진 마늘', '다진 대파', '참기름', '통깨 약간']"
7019012,"['궁채', '무', '당근 작은것1개', '아삭이고추', '청양고추', '양조간장', '사과식초', '설탕', '물']"
7019011,"['우리밀', '코코넛 분말', '베이킹 소다', '소금', '무염버터', '머스코바도 설탕', '백설탕', '달걀', '연유', '바닐라 익스트랙', '코코넛 롱']"
7019010,"['차돌박이', '계란', '그린빈', '파프리카 조금', '피망 조금', '다진마늘', '참치액젓', '소금 조금', '후추가루 톡톡']"
7019009,"['봄동', '까나리액젓', '설탕', '매실액', '다진마늘', '고춧가루', '통깨', '참기름']"
7019008,"['간장', '올리브유', '참기름', '꿀', '레몬즙', '다진마늘', '후추 약간']"
7019007,"['청양고추', '어묵', '식용유', '다진마늘', '굴소스', '간장', '올리고당', '후추 약간', '밥', '참기름', '깨', '김밥김']"
7019006,"['꽁치통조림 (큰거)', '무우', '쌀뜨물300ml', '양파', '대파', '고추', '간장', '간장', '액젓', '맛술', '설탕', '올리고당', '고춧가루', '다진마늘', '후추가루 약간']"
7019005,"['떡국떡', '어묵', '대파', '양파', '라면', '당면', '버섯', '고춧가루', '액젓', '간장', '설탕', '올리고당', '고추장', '다진마늘', '후추 약간 ']"
7019003,"['순대', '식용유']"
7019002,"['닭가슴살', '돈까스소스', '마요네즈', '양상추', '양파', '피클', '치즈']"
7019001,"['간장', '올리브오일', '설탕', '식초', '다진마늘', '후추가루 약간']"
7019000,"['스팸', '양파', '두부', '육수', '대파', '고추', '간장', '액젓', '다진마늘', '설탕', '고춧가루', '후추 약간']"
7018999,"['스파게티면', '올리브오일', '다진마늘', '편마늘', '새우', '면수', '치킨스톡', '후추', '파슬리가루']"
7018998,"['멸치', '마늘', '고추', '간장', '올리고당', '참기름', '깨 약간']"
7018997,"['무', '참기름 (또는 들기름)', '다진마늘', '물', '국간장 (또는 액젓)', '들깨가루', '대파']"
7018996,"['봄동', '고춧가루', '액젓', '식초', '설탕', '다진마늘', '참기름', '깨']"
7018995,"['봄동', '당면', '양파', '파프리카', '당근', '버섯', '간장', '설탕', '소금', '참기름', '후추', '굴소스']"
7018994,['대파']
7018993,"['봄동', '표고버섯', '두부', '숙주나물', '새송이버섯', '만두', '새우', '코인육수', '국간장', '액젓']"
7018992,"['김치', '스팸', '양파', '물', '설탕', '고춧가루', '후춧가루', '고추', '참기름', '깨']"
7018991,"['등갈비', '식용유', '소금', '맛술', '후추']"
7018990,"['떡국떡', '당근', '대파', '만두', '국간장', '액젓']"
7018988,"['얼갈이', '코인육수', '된장', '두부', '고춧가루', '국잔장', '액젓']"
7018987,"['참깨', '양파', '마늘', '통깨', '마요네즈5', '올리고당', '간장', '레몬즙', '참기름 약간']"
7018986,"['돼지고기', '대파', '월계수잎', '된장', '커피원두', '맥주', '물']"
7018985,"['계란', '소금', '식용유']"
7018984,"['오이', '양파', '식초', '메이플시럽', '고춧가루', '깨 조금']"
7018983,"['육수', '새우', '표고버섯', '호박', '당근40g', '양파', '쌀', '참기름', '까나리액젓', '야채 취향껏 (집에 있는 것 사용)']"
7018982,"['냉동 핫도그', '양배추', '당근 소량 ', '설탕', '마요네즈', '케찹', '치즈 취향것']"
7018981,"['생들깨', '코코넛 밀크', '두부', '양파', '레몬즙', '소금', '생 들기름 적당히', '채썬 양배추', '깻잎', '데친 연근', '쪽파', '생들깨', '코코넛 밀크', '두부', '양파', '레몬즙', '소금']"
7018980,"['닭다리살', '로즈마리', '레몬', '올리브유', '소금 약간', '후추 약간', '버터', '오렌지주스', '오렌지 과육', '설탕', '간장']"
7018979,"['굴', '무', '두부', '청양고추', '홍고추', '새우젓', '다진마늘', '다진 대파']"
7018978,"['볶음밥모둠 야채', '새우볶음밥 소스', '마늘볶음밥 소스', '칵테일새우', '파인애플', '계란지단', '밥', '파슬리가루', '썬파', '기름']"
7018977,"['건미역', '들기름', '다진 마늘', '국간장', '액젓', '고운 들깨가루']"
7018976,"['동물성 휘핑크림', '슈크림파우더', '얼음 적당량', '우유', '에스프레소', '설탕 적당량']"
7018975,"['파프리카', '달걀', '당근', '물', '소금', '스틱 육수', '통깨 약간']"
7018974,"['두부', '꽈리고추', '진간장', '참치액젓', '맛술', '설탕', '물엿', '다진마늘', '후추 조금']"
7018973,"['통식빵', '버터', '꿀 약간 (또는 메이폴시럽)', '휘핑크림', '시나몬가루 약간']"
7018972,"['어묵', '무 작은것', '콩나물', '대파 조금', '청양고추', '올리브유', '고추가루', '생강술', '다진마늘', '국간장', '후추가루 아주조금']"
7018971,"['진미채', '미림', '설탕', '식용유', '간장', '다진마늘', '고추장', '물엿', '참기름']"
7018970,"['고구마', '치자', '물', '부침가루', '치자우린 물']"
7018969,"['돼지고기 앞다리살', '양파', '콩나물', '김치', '두부', '대파', '새우젓', '설탕', '후춧가루', '다시다', '참치액젓', '고춧가루']"
7018968,"['시금치', '들기름', '다진 마늘', '매운굴소스', '통깨', '물', '소금']"
7018967,"['맛살', '김밥용 햄', '쪽파', '단무지', '밀가루', '계란', '맛소금', '식용유']"
7018966,"['새송이버섯', '미니 파프리카', '오이 고추', '식용유', '소금', '물', '마늘', '다진 대파', '굴소스', '참기름', '통깨', '검은깨 조금']"
7018965,"['소고기 다짐육', '양파', '당근', '호박', '빵가루', '계란', '토마토소스', '소금 약간', '후추 약간', '토마토케찹', '물']"
7018964,"['생미역', '초고추장', '간장', '참기름', '통깨']"
7018963,"['돼지고기 앞다리살', '대파', '양파', '고춧가루', '매운고춧가루', '고추장', '설탕', '진간장', '다진마늘', '올리고당', '소고기다시다', '후추 적당량', '물']"
7018962,"['두부', '새우젓1T', '양파', '청양고추', '홍고추', '고추가루', '다진마늘', '대파', '통깨', '참기름 ']"
7018961,"['떡국떡', '물', '비정제 설탕', '소금', '통깨', '참기름', '시나몬 가루', '견과류']"
7018960,"['숙주', '대파', '물', '액젓', '소금', '참기름', '통깨', '스틱 육수']"
7018959,"['밥', '계란', '진간장', '물', '참기름', '통깨 조금', '부추']"
7018958,"['밥', '베이컨', '마늘', '양파', '당근', '애호박', '스위트콘', '식용유', '버터', '굴소스', '볶은참깨']"
7018957,"['스팸', '깻잎', '김밥', '밥', '참기름', '소금', '통깨 적당량', '치즈', '식용유 약간']"
7018956,"['멸치', '대파', '양파', '표고버섯', '달걀', '간장', '간장', '청양고추', '설탕', '고춧가루', '물', '참기름']"
7018955,"['진미채', '마요네즈', '갈색설탕', '조청', '고추장', '고운 고춧가루', '참기름', '참깨', '물']"
7018954,"['방울토마토', '양파', '바질가루', '올리브유', '레몬즙', '사과식초', '스테비아', '맛소금', '후추']"
7018953,"['배추 데친 것', '당근', '대파', '간장', '피시소스', '레몬즙', '식초', '설탕', '다진 마늘', '크러쉬드 레드페퍼', '후추 약간']"
7018952,"['돼지고기', '당근', '두부', '양파', '쪽파', '새송이버섯', '홍고추', '청양고추', '부침가루', '계란', '다진 마늘', '참기름0.5스푼', '후추 약간', '포도씨유 넉넉히 ', '청주1스푼', '다진마늘0.5스푼', '참치액1스푼', '후추 조금 ', '간장', '맛술', '식초', '깨소금', '쪽파']"
7018951,"['숙주', '쪽파', '다진마늘', '고운소금', '참기름', '갈은 깨']"
7018950,"['물', '해물육수 팩', '순살동태큐브 밥', '꽃게', '쑥갓', '무', '양파', '파', '다진마늘', '멸치액젓', '생강가루', '새우젓', '소금 조금']"
7018949,"['단호박 손질후', '황설탕', '소금', '꿀 취향껏 ', '물', '찹쌀가루', '물']"
7018948,"['감자', '스팸', '다진마늘', '식용유 적당히', '소금', '깨소금']"
7018946,"['파래', '부침가루', '튀김가루', '참치액', '물 적당량']"
7018945,"['당면', '부추', '양파', '노랑 파프리카', '빨강 파프리카', '표고버섯', '소고기 잡채용', '간장', '참기름', '후춧가루 조금', '간장', '설탕', '포도씨유']"
7018944,"['돼지고기 앞다리살', '청양고추', '꿀', '참치액', '다진마늘', '설탕', '고추장', '고춧가루', '참기름', '생강즙', '물']"
7018943,"['콩나물', '대파', '당근', '청양고추', '부침가루', '참치액']"
7018942,"['칼국수 면', '건표고버섯', '멸치육수', '코인육수', '조각다시마', '배추', '대파', '당근', '양파', '다진마늘', '국간장', '멸치액젓', '깨']"
7018941,"['닭볶음탕용', '묵은지 작은배추', '감자', '양파', '대파', '물', '다진마늘', '맛술', '진간장', '설탕', '물엿', '후춧가루 약간', '부추', '홍고추']"
7018940,"['와인', '사과 작은 것', '레몬', '오렌지', '귤', '팔각', '정향', '시나몬스틱', '카다몬']"
7018939,"['달래', '링귀니면', '마늘', '새우', '치킨스톡', '소금 약간']"
7018938,"['부추', '바지락', '칼국수면', '애호박', '당근', '다진 파', '국간장', '소금 약간', '다시마', '국물 멸치']"
7018937,"['생바질', '경성치즈', '잣', '통마늘', '올리브오일', '보관용 올리브오일 조금', '소금', '후추 약간']"
7018936,"['버섯', '올리브 오일 조금', '간장', '무생채 조금', '콩나물 무침 조금', '유기농 베이비 루꼴라 넉넉히', '계란', '밥', '양념장', '참기름 넉넉히', '깨 조금']"
7018935,"['굴비', '계란', '실고추 약간', '맛술', '다진 마늘', '다진 대파', '참기름', '통깨 약간']"
7018934,"['무', '건표고버섯', '건다시 멸치', '건 보리새우', '건다시마', '청양고추', '고추씨', '생강술']"
7018932,"['건미역', '소고기 국거리', '무', '생강술', '국간장', '후추가루 조금']"
7018931,"['떡볶이', '생크림']"
7018930,"['건밥 새우', '견과류', '생강술', '해바라기유', '진간장', '올리고당', '참기름', '통깨']"
7018929,"['왕만두피', '오징어', '새우살', '두부', '돼지고기 다짐육', '다진 파', '양파', '부추', '표고버섯1밥숟가락', '소금 약간', '후추 약간', '생강즙 약간 (또는 생강술)', '참기름 약간', '굴소스', '표고양념용 간장', '당면용 간장']"
7018928,"['갈치', '무', '묵은지', '양파', '대파', '청양고추', '생강 저민것', '물', '국간장', '고추가루', '마늘', '고추장', '황설탕', '맛술', '물엿', '소금', '식초']"
7018927,"['오징어', '꽈리고추', '마늘', '다진마늘', '간장', '미림', '설탕', '깨소금 조금']"
7018925,"['미역줄기', '홍고추', '생강술', '고추가루', '액젓', '설탕', '참기름', '통깨 조금']"
7018924,"['냉이', '쌀', '표고버섯', '당근', '육수', '쪽파', '범일 국간장', '고춧가루', '설탕', '참기름', '통깨']"
7018923,"['후리가케', '물', '밥', '명란']"
7018922,"['크래미', '깻잎', '달걀', '부침가루', '소금 약간', '식용유 약간']"
7018921,"['사과', '브리치즈', '견과류 약간', '메이플시럽', '마요네즈', '홀그레인머스터드', '루꼴라', '호밀빵']"
7018920,"['에스프레소', '스프레이휘핑크림 적당량', '코코아파우더 약간']"
7018919,"['쌀', '곤드레나물', '들기름', '국간장', '달래', '진간장', '물', '참깨', '설탕', '청양고추', '참기름', '고춧가루', '다진 마늘']"
7018918,"['냉동만두', '양파', '파프리카 노랑', '파프리카 빨강', '당근', '식용유', '물', '설탕', '식초', '진간장', '전분물']"
7018917,"['두부', '양송이버섯', '당근', '양파', '대파', '들기름', '식용유', '소금 약간', '후춧가루 약간', '통깨 약간', '방울토마토', '굴소스', '올리고당']"
7018915,"['수삼', '배', '대추', '밤', '연겨자', '식초', '매실액', '소금']"
7018914,"['당면', '어묵', '시금치', '목이버섯', '양파', '대파', '당근', '새송이버섯', '진간장', '황설탕', '다진마늘', '소금', 'msg', '후추 약간', '노두유', '참기름']"
7018913,"['김치', '참치 작은거', '고추기름 ', '설탕', '고추장', '소고기다시다', '고춧가루']"
7018911,"['배추우거지 삶은 것', '대파', '청양고추', '물', '간마늘', '된장', '쌀가루', '들깨가루']"
7018910,"['유부', '흰쌀밥', '다시마']"
7018909,"['돼지고기 국거리', '신김치', '다진마늘', '국간장', '참치액', '설탕', '양파 작은 것', '팽이버섯 작은 것', '청고추', '홍고추 약간']"
7018908,"['감자', '양파', '당근', '스팸', '소금', '후추']"
7018907,"['시금치 데친 것', '다진 파', '참치 액', '다진 마늘', '깨소금', '참기름', '굵은소금']"
7018906,"['염장미역줄기', '당근', '양파', '포도씨유', '다진 마늘', '맛술', '참치 액', '깨 간 것', '참기름']"
7018905,"['새송이버섯', '대파', '식용유', '다진마늘', '간장', '굴소스', '올리고당', '참기름', '통깨 조금']"
7018904,"['두부', '매운굴소스', '들기름', '통깨 약간', '파슬리가루 약간']"
7018903,"['닭볶음탕용', '양파', '당근', '감자', '대파', '청양고추', '건고추', '당면 약간', '진간장', '흑설탕', '맛술', '다진 마늘', '물엿', '굴 소스', '참기름', '가루 육수', '후추 약간']"
7018902,"['찰옥수수', '다진 당근', '마요네즈', '피자치즈', '체다 슬라이스 치즈', '모닝빵']"
7018901,"['익은김치', '당면', '숙주나물', '대파', '두부', '들기름', '굴소스', '달걀', '고춧가루', '후추 넉넉히', '꽃소금', '돼지고기', '마늘', '진간장', '설탕']"
7018900,"['황태채', '다진마늘', '참기름', '조개멸치 육수한알', '두부', '육젓', '물']"
7018899,"['무', '대파', '소금', '들기름', '다진마늘', '통깨']"
7018898,"['굴', '굵은 소금', '애호박', '대파', '두부', '계란', '식용유', '다진 마늘', '굵은 고춧가루', '물', '참치액', '진간장']"
7018896,"['꼬막 삶기전', '달래', '간장', '고춧가루', '식초', '올리고당', '다진마늘', '설탕', '참기름', '통깨']"
7018895,"['꼬막', '소금', '물', '소금 듬뿍', '물', '맛술', '고춧가루', '양조간장', '꽃게액젓', '다진마늘', '참기름', '통깨', '청양고추', '쪽파']"
7018894,"['봄동', '고춧가루', '멸치액젓', '식초', '매실', '참기름', '설탕', '다진마늘']"
7018893,"['달래', '사과', '고추장', '고추가루', '식초', '올리고당', '만능간장', '설탕', '깨']"
7018892,"['두부', '올리브오일', '쪽파 조금', '진간장', '다진마늘', '설탕', '참기름', '깨소금']"
7018891,"['쌀', '물', '콩나물', '조각다시마']"
7018890,"['파스타면', '물', '우유', '버터', '다진마늘', '소금', '참치액', '후추 약간', '체다치즈', '파르미지아노 레지아노 치즈 약간']"
7018889,"['파래', '무', '소금', '국간장', '식초', '다진마늘', '설탕', '매실청', '통깨', '소금']"
7018888,"['달래', '간장', '고춧가루', '참기름', '물', '통깨']"
7018887,"['당근라페', '계란', '상추', '꺳잎', '밥', '소금', '참기름 약간', '김밥김']"
7018885,"['당근', '소금', '홀그레인머스터드', '올리브유', '레몬즙', '꿀', '후추', '이탈리안 허브 믹스 약간']"
7018884,"['쌀', '물', '소고기', '무', '조각 다시마', '참기름', '쯔유', '맛술', '참치액', '간장', '다진마늘', '간장', '고춧가루', '다진마늘', '매실청', '설탕', '참기름', '깨 약간', '쪽파']"
7018882,"['어묵', '무', '대파', '청양고추', '물', '멸치액젓', '다시마', '새우젓', '마늘', '후추 약간', '배춧잎', '당근', '청양고추', '부침가루', '계란', '식용유', '검은깨 약간']"
7018881,"['밥', '달걀', '쪽파', '버터 소량', '간장', '참기름', '깨 약간']"
7018879,"['배추', '소고기 불고기용', '청양고추 초록', '홍고추', '간장', '굴소스', '식초', '맛술', '다진마늘', '물']"
7018878,"['소고기', '무', '대파', '양파', '다진마늘', '멸치액젓', '국간장', '참기름', '물', '국간장', '소금']"
7018876,"['팥', '찹쌀', '맵쌀', '소금', '물']"
7018874,"['생굴', '계란', '청양고추', '홍고추', '튀김가루', '옥수수 전분', '식용유', '국간장']"
7018872,"['차돌박이', '깻잎', '청양고추', '파스타면', '식용유 약간', '대파', '굵은소금', '간장', '굴소스', '다진마늘', '고추가루', '설탕', '후추가루 톡톡']"
7018870,"['돼지고기삼겹살', '무청 우거지 (삶은 것)', '대파', '된장', '다진마늘', '생강술', '고추가루', '후추가루 조금']"
7018869,"['쫀드기 원하는만큼', '버터 쫀드기2개당']"
7018868,"['밥', '양배추잎', '김치', '참치', '참기름', '소금 약간']"
7018867,"['돼지목살', '양파', '당근', '설탕', '맛술', '다진마늘', '올리고당', '후추']"
7018866,"['도라지', '대파', '참기름', '설탕', '소금', '간 깨']"
7018865,"['말린 궁채', '대파', '올리브유', '다진마늘', '국간장', '생강술', '들깨가루', '참기름 조금', '통깨 조금']"
7018864,"['아귀 중간크기', '오만득이', '콩나물', '미나리', '양파', '대파', '청양고추', '해물육수', '간장', '참치액젓', '고추가루', '다진마늘', '다진생강', '설탕']"
7018863,"['달걀', '맛살', '부추', '맛소금', '식용유']"
7018862,"['유자차', '생강', '레몬', '뜨거운 물']"
7018861,"['스팸', '김치', '설탕', '고춧가루', '간장', '식용유', '다진 파', '참기름', '달걀', '밥']"
7018860,"['김장김치', '콩비지', '두부', '돼지고기', '대파', '다진마늘', '생강술', '후추가루 조금', '국간장']"
7018859,"['대파', '냉동새우', '배추잎', '참기름', '고춧가루', '삼양라면']"
7018858,"['달걀', '청양고추', '곤약 통곤약', '다시마간장', '물', '설탕 계량스푼']"
7018857,"['물파래', '무', '왕소금', '설탕', '식초', '다진 마늘', '국간장', '맛소금', '참깨']"
7018856,"['식빵', '식용유', '설탕', '달걀', '우유', '소금', '버터']"
7018855,"['감자', '애호박', '당근', '양파', '대파', '표고버섯', '전분가루', '국간장', '소금 약간', '후추 약간', '다진 마늘', '물', '멸치다시마 팩']"
7018854,"['콩나물', '어묵', '새송이버섯', '대파', '깻잎 약간', '물', '고춧가루', '간장', '다진마늘', '올리고당', '참치액젓', '후추 약간']"
7018851,"['돼지고기 앞다리살 수육용', '물', '쌍화탕', '통후추', '소주', '대파', '생강 약간', '사과', '양파', '월계수잎', '다진마늘', '꿀', '식초', '레몬즙', '소금']"
7018850,"['양배추', '물', '쌈장']"
7018849,"['홍가리비', '맛술']"
7018848,"['순두부', '소금 약간', '진간장', '고춧가루', '다진 마늘', '매실액', '참기름', '통깨', '대파', '청양고추']"
7018847,"['꼬막', '고춧가루', '진간장', '참치액젓', '매실액', '다진마늘', '설탕', '참기름', '통깨', '다진 대파', '청양고추', '홍고추']"
7018846,"['춘장', '돼지고기', '감자', '당근', '양파', '양배추', '다진 마늘', '설탕', '식용유 약간', '전분가루']"
7018845,"['시금치', '다진마늘', '참기름', '참치액', '국간장', '소금', '설탕', '통깨']"
7018844,"['미니 족발', '청양고추', '고추장', '고춧가루', '매실청', '올리고당', '다진 마늘', '생강청', '후추 톡톡 ', '깨소금 취향껏']"
7018843,"['냉동꽃게', '양파', '당근', '청양고추', '대파 약간', '다진 마늘', '생강청', '고추장', '고춧가루', '간장', '액젓', '설탕', '올리고당', '매실청', '미림', '후추 톡톡 ', '깨소금 취향껏']"
7018842,"['새우', '애호박', '다진마늘', '멸치다시팩', '참기름', '새우젓', '물']"
7018841,"['사각어묵', '양배추', '대파', '청양고추', '홍고추', '계란', '물', '식용유', '고추가루', '마늘', '맛술', '만능간장', '올리고당', '참기름', '통깨', '감자전분', '물']"
7018840,"['밥', '김', '참치', '청양고추', '마요네즈', '후추 조금', '소금', '참기름', '통깨', '소금']"
7018839,"['오징어', '양배추', '깻잎10장', '양파1/4개', '당근 조금', '고추장2', '고추가루1', '식초2', '매실청2', '꿀1', '통깨', '참기름']"
7018838,"['굴', '전복', '알배추', '크리미 버섯', '대파', '양파', '당근 약간', '애호박 약간', '감자', '코인육수', '미나리 줄기 약간', '청양고추 취향껏', '액젓']"
7018837,"['무', '소금', '연두', '매실', '메이플시럽', '참치액', '고춧가루', '식초', '깨 조금']"
7018836,"['섬초', '된장', '들기름', '깨']"
7018835,"['대파', '액젓', '고춧가루', '설탕', '통깨 약간']"
7018833,"['오이', '소금', '식초', '설탕']"
7018832,"['김장김치', '설탕', '다진마늘', '참기름', '혼다시', '물', '떡국떡', '쫄면', '통깨 솔솔']"
7018831,"['고추', '간장', '설탕', '식초', '물', '소주']"
7018830,"['두부', '대패삼겹살', '멸치육수', '대파', '청양고추', '진간장', '고추가루', '다진마늘', '설탕', '참치액', '참기름', '깨']"
7018829,"['습식찹쌀가루', '물', '소금', '카스테라빵']"
7018828,"['계란', '새우젓 국물', '생수', '찹쌀가루', '깻잎', '당근', '크래미 큰 것']"
7018827,"['멸치', '만능간장', '맛술', '생강청', '설탕', '꿀', '카놀라유', '하루견과']"
7018826,"['굴', '건미역', '다진마늘', '국간장', '멸치액젓', '멸치다시마육수', '물', '들기름']"
7018825,"['닭가슴살', '밀가루', '계란', '빵가루', '식용유 넉넉하게', '양파 小', '피클', '피클 국물', '올리고당', '마요네즈', '소금', '후추 약간', '파슬리 가루 약간']"
7018824,"['부추', '오징어', '당근', '청양고추', '홍고추', '부침가루', '물', '전분가루', '참치액']"
7018823,"['밥', '계란', '진간장', '참기름', '소금', '후추 약간']"
7018822,"['감자', '애호박', '건새우', '튀김가루', '멸치 액젓', '식용유 넉넉하게']"
7018820,"['납작 어묵', '양파', '대파 조금', '홍고추', '올리브유', '굴소스', '조림간장', '다진마늘', '올리고당', '생강술', '참기름 조금', '통깨 조금']"
7018818,"['식빵', '연어', '로메인', '토마토', '슬라이스치즈', '피클', '버터', '다진양파', '다진피클', '레몬즙', '마요네즈', '올리고당', '머스터드', '소금', '후추 톡톡']"
7018817,"['초코파이', '계피가루 적당량', '요거트 적당량', '바나나 적당량', '견과류 적당량', '파슬리 가루 약간']"
7018816,"['식빵', '계란', '마요네즈 적당량', '설탕', '소금', '모짜렐라치즈 적당량', '슬라이스 햄 적당량', '파슬리 가루 약간']"
7018815,"['밥', '냉동유부', '감태김', '당근', '단무지', '부추', '빨강 파프리카', '크래미', '흑설탕', '진간장', '맛술', '참기름', '맛소금', '통깨', '참기름']"
7018814,"['당면', '콩나물', '느타리버섯', '사각어묵', '대파', '양파', '깻잎', '청양고추', '홍고추', '식용유', '다진 마늘', '고춧가루', '올리고당', '진간장', '굴소스', '물', '참기름', '후추 약간', '통깨 약간']"
7018813,"['멸치', '통마늘', '설탕', '맛술', '진간장']"
7018812,"['가래떡', '견과류', '소고기먹장', '올리고당', '식용유']"
7018811,"['카레 분말', '참치캔', '베이컨', '양파 小', '애호박', '당근', '물']"
7018810,"['삼겹살', '설탕', '올리고당', '맛술', '진간장', '고춧가루', '고추장', '다진 마늘']"
7018807,"['순두부', '파프리카 적당량', '새송이버섯', '베이컨', '올리브 적당량', '토마토소스 적당량', '모짜렐라치즈 적당량', '파슬리가루 약간']"
7018806,"['골뱅이캔', '무', '표고버섯', '대파', '홍고추', '청양고추', '물', '골뱅이 국물', '맛술', '국간장', '멸치 액젓', '다진 마늘', '고춧가루']"
7018805,"['동백향 귤 껍질', '물', '식초', '베이킹소다']"
7018804,"['로얄벌꿀 고구마', '샐러드 야채 적당량', '아몬드']"
7018803,"['세발나물', '양파', '청양고추', '홍고추', '고추장', '식초2수저', '설탕', '다진마늘', '깨소금']"
7018802,"['신김치', '돼지고기 목살', '대파', '청양고추', '진간장', '국간장', '설탕', '다진 마늘', '고춧가루', '참기름', '식용유', '후추가루 약간', '김칫국물', '물']"
7018801,"['팽이버섯', '기름', '물', '청양고추 취향것', '미소된장', '참기름']"
7018800,"['양배추', '소금', '후추', '참기름']"
7018799,"['짜장불닭볶음컵 라면', '밥', '계란', '식용유', '통깨']"
7018798,"['시금치', '베이컨', '통마늘', '소금', '후춧가루 톡톡', '깨소금 약간']"
7018797,"['가래떡', '비엔나소세지', '식용유', '고추장', '맛술', '올리고당', '케첩', '진간장', '다진 마늘', '참기름', '통깨 약간']"
7018796,"['만두', '물', '밀가루', '소금']"
7018795,"['돼지고기 안심', '물', '청주', '대파', '마늘', '양파', '통후추', '육수', '진간장', '설탕', '올리고당', '맛술', '다시마', '참기름', '통깨 적당량']"
7018794,"['달걀', '물', '새우', '소금']"
7018792,"['대파', '당근 약간', '크리미 버섯', '불린 당면 약간', '시금치 무침 약간', '간장', '매실액', '생강청', '깨', '참기름', '후추 약간']"
7018791,"['돼지고기 다짐육', '두부', '부추', '배추김치', '숙주나물', '당면', '들기름', '국간장', '다진마늘', '소고기다시다', '대파', '달걀', '후추']"
7018790,"['양파', '당근', '적채', '토마토', '계란', '전분', '들기름 소량', '소금 소량']"
7018789,"['과메기', '곰피', '톳', '물', '굵은 소금', '식초', '소금', '물 넉넉히', '고추장', '식초', '레몬즙', '올리고당', '매실청', '꿀', '다진 마늘', '와사비', '참깨']"
7018788,"['식빵', '계란', '우유', '시나몬가루 조금', '설탕', '소금', '해바라기유 조금']"
7018787,"['소고기', '무', '청양고추', '대파', '고추씨', '고추가루', '다진마늘', '생강술', '다시다 취향껏', '소금 조금']"
7018786,"['냉동참치', '아스파라거스', '물', '양조간장', '까나리액젓', '국간장', '설탕', '소주', '마늘', '청양고추', '후추 약간']"
7018785,"['우유', '동물성 휘핑크림', '다크초코']"
7018784,"['귤', '설탕', '레몬즙', '소금']"
7018782,"['계란', '맛살', '소금 약간 ', '대파 약간 ']"
7018781,"['배추김치', '고추장', '참기름', '매실액', '설탕', '통깨']"
7018777,"['실온버터', '슈가파우더', '소금', '달걀 노른자', '박력분', '다진호두', '녹차가루', '콩가루']"
7018776,"['계란', '김', '부추', '당근', '소금', '식용유 약간', '감자', '양파', '당근', '소금', '참기름', '깨소금', '검은깨', '식용유 약간', '배추우거지', '양파', '홍초', '육수', '된장', '마늘']"
7018775,"['호박', '당근', '새송이버섯', '소금', '후추', '올리브유 약간', 'LA갈비 양념된거', '육수', '부추', '계란', '멸치액젓', '후추 약간']"
7018774,"['양배추잎', '밥', '애호박', '감자', '양파', '된장', '다진 파', '참기름', '물']"
7018773,"['스파게티면', '월계수잎', '느타리버섯', '칵테일새우', '양파', '버터', '굵은소금', '우유', '매실', '참치액', '파슬리 약간', '마요네즈', '고추가루', '베트남고추']"
7018769,"['소고기 국거리', '무', '대파', '참기름', '국간장', '다진마늘', '물', '소금 적당히', '후춧가루 적당량']"
7018768,"['양상추', '완숙토마토', '통밀식빵', '오이 적당량', '양파 적당량', '계란 후라이', '파슬리가루 ', '올리브오일']"
7018767,"['사과', '당근', '양배추']"
7018766,"['양배추', '브로콜리', '파프리카 빨강', '당근', '양파', '두부', '검은깨 가루', '올리브오일', '죽염', '바질가루 조금', '깨 조금']"
7018765,"['양배추', '방울토마토 적당량', '밥', '죽염', '바질가루 조금', '깨 조금']"
7018764,"['곰피', '양파 조금', '청양고추 조금', '된장', '고추장', '매실청', '고추가루', '참기름', '깨 조금']"
7018762,"['어린 도루묵', '양조간장', '액젓', '국간장', '설탕', '고춧가루', '물', '맛술', '대파', '감자', '양파', '생강 약간', '다진마늘']"
7018761,"['돼지고기', '양파', '대파', '설탕', '참치액젓', '진간장', '고춧가루', '케첩', '맛술', '다진마늘', '후추 적당히', '소금']"
7018760,"['떡국떡', '물', '설탕', '소금', '참기름', '통깨', '시나몬가루', '견과류']"
7018759,"['만두피', '양파', '양배추', '오이', '다진 마늘', '굵은 고춧가루', '고추장', '매실액', '진간장', '식초']"
7018758,"['돼지고기등심', '달걀', '밀가루', '빵가루', '소금 약간', '후추 약간']"
7018757,"['사과', '우유', '꿀']"
7018756,"['달래', '두부', '건표고버섯', '양파', '청양고추', '쌀뜨물', '된장', '다진마늘', '고추가루']"
7018755,"['떡국떡', '치즈떡볶이떡', '떡볶이떡', '양파', '베이컨', '체다치즈', '우유', '후춧가루 조금', '파슬리가루 조금']"
7018754,"['콩나물', '대파 조금', '다진마늘', '맛소금', '참기름', '통깨 조금']"
7018753,"['순두부', '스팸', '양파', '파 조금', '고추장', '고춧가루', '된장', '간장', '마늘']"
7018752,"['돼지고기 앞다리살', '양파', '당근', '애호박', '감자', '파', '청양고추', '물', '설탕', '참치액젓', '미림', '고추가루', '고추장', '다진마늘', '다진생강', '후추']"
7018751,"['닭다리살', '흰밥', '샐러드 야채 적당량', '슬라이스 햄', '슬라이스 체다치즈', '돈나물 조금', '간장', '올리고당', '설탕', '고추장', '케찹', '다진 마늘', '물', '발사믹 식초', '올리브 오일', '꿀']"
7018750,"['물미역', '청양고추', '생강술', '고춧가루', '다진마늘', '까나리액젓', '설탕', '참기름', '통깨 조금']"
7018749,"['찹쌀순대', '양배추 조금', '깻잎', '대파', '당면사리', '고추장', '고추가루', '다진마늘', '진간장', '올리고당', '설탕', '생강술', '후추가루 조금', '올리브유', '들깨가루', '참기름 조금', '통깨 조금']"
7018748,"['돼지고기 안심', '양배추', '진간장', '굴소스', '맛술', '올리고당', '다진마늘', '생강가루', '참기름', '후추 약간', '통깨 약간']"
7018747,"['돼지고기 안심', '피망', '양파', '카레가루', '진간장', '올리고당', '물', '맛술', '식용유', '생강가루 약간']"
7018746,"['도토리묵', '오이', '상추', '깻잎', '당근', '진간장', '고춧가루', '다진마늘', '올리고당', '설탕', '참기름', '통깨']"
7018745,"['생 홍합', '동죽조개', '콩나물', '대파 조금', '청양고추', '소금 조금', '생강술']"
7018744,"['바나나', '계란', '팬 케익믹스', '두유 조금', '올리브 오일 적당히', '오렌지', '메이플 시럽 넉넉히', '시나몬 가루 넉넉히', '슈가 파우더 넉넉히']"
7018743,"['밥', '대파', '양파', '애호박 약간', '당근 약간', '표고버섯', '베이컨', '식용유', '진간장', '케첩', '후추 약간', '통깨 약간']"
7018742,"['고구마', '설탕', '꿀', '버터', '달걀 노른자', '생크림', '연유', '바닐라 향', '달걀 노른자']"
7018741,"['새우살', '대파', '양파', '노란 파프리카', '빨간 파프리카', '청양고추', '식용유 넉넉하게', '파슬리가루 약간', '밀가루', '튀김가루', '물', '다진 마늘', '설탕', '식초', '진간장', '굴소스', '케첩', '물']"
7018740,"['닭가슴살', '대파', '양파 大', '느타리버섯', '숙주', '부추', '홍고추', '청양고추', '월계수잎', '통후추', '참기름', '고춧가루', '국간장', '멸치 액젓', '다진 마늘', '소금 약간']"
7018739,"['볶음 소고기', '지단', '애호박 볶음', '크래미', '당근', '단무지', '김밥용김', '밥', '참기름', '통깨', '소금 조금', '소고기 다짐육', '조림간장', '설탕', '매실액', '다진마늘', '다진생강', '애호박', '소금 조금', '다진마늘', '식용유']"
7018738,['체다치즈']
7018737,"['카레 분말', '새우살', '고구마', '양파', '애호박', '당근', '식용유', '물']"
7018736,"['깻잎 적당량', '밥 적당량', '참치캔', '다진 마늘', '대파', '양파', '홍고추', '설탕', '고춧가루', '고추장', '된장', '물', '참기름', '통깨 약간']"
7018735,"['오이', '양배추 채', '크래미', '레몬즙', '식초', '진간장', '올리브유', '올리고당', '다진 마늘', '후추 약간', '통깨 약간']"
7018734,"['사각어묵', '슬라이스 햄', '계란', '대파', '양파 小', '애호박 약간', '당근 약간', '밥', '식용유', '진간장', '굴소스', '후추 약간', '통깨 약간']"
7018733,"['무', '국물용 멸치', '대파', '청양고추', '홍고추', '물', '설탕', '고춧가루', '맛술', '진간장', '다진 마늘', '들기름', '통깨 약간']"
7018732,"['떡국떡', '물', '설탕', '소금', '참기름', '통깨', '시나몬가루', '하루견과']"
7018731,"['만두', '대파', '양파 小', '홍고추', '청양고추', '식용유 넉넉하게', '설탕', '식초', '진간장', '굴소스', '케첩', '물', '파슬리가루 약간', '땅콩분태 약간']"
7018730,"['동물성 휘핑크림', '로투스잼', '얼음 적당량', '우유', '에스프레소', '로투스']"
7018729,"['떡볶이떡', '파', '고추장', '간장', '케찹', '올리고당', '설탕', '코인육수', '어묵 꼬치']"
7018728,"['양배추', '베이컨', '계란1개', '양파', '대파 조금', '부추 조금', '홍고추 조금', '튀김가루']"
7018727,"['신김치', '밥', '대파', '양파', '햄', '식용유', '굴소스', '고추장', '참기름', '후추 약간', '통깨 약간']"
7018726,"['다크초콜릿', '무염버터', '생크림', '달걀', '바닐라익스트랙', '설탕', '박력분', '코코아파우더', '생크림', '설탕', '아가베시럽', '빨강 식용색소', '딸기']"
7018725,"['느타리버섯', '대파', '다진 마늘', '들기름', '국간장', '멸치 액젓', '들깨가루', '통깨 약간']"
7018724,"['밥', '김밥용 크래미', '계란', '양파', '당근 약간', '애호박 약간', '물', '참기름', '국간장', '소금 약간', '통깨 약간']"
7018723,"['건조 매생이', '계란', '맛술', '소금', '다진파', '홍고추', '식용유 적당량']"
7018722,"['고구마', '식용유 넉넉하게', '설탕', '식용유', '견과류 약간']"
7018721,"['미니새송이버섯', '대파', '청양고추', '식용유', '다진 마늘', '진간장', '굴소스', '설탕', '통깨 약간']"
7018720,"['베이컨', '계란', '대파', '식용유 적당량 ']"
7018719,"['순두부', '대파', '양파', '표고버섯', '물', '국간장', '멸치 액젓', '새우젓', '다진 마늘', '들깨가루']"
7018718,"['계란', '모짜렐라치즈 적당량 ', '슬라이스 체다치즈', '대파', '양파', '당근 약간', '밥', '물', '맛술', '멸치 액젓']"
7018717,"['코다리', '다진마늘', '설탕', '물엿', '미림', '고춧가루', '고추장', '간장', '물', '식용유', '참기름', '무', '양파', '꽈리고추']"
7018716,"['라면', '믹스 견과', '흑설탕', '올리고당', '소금', '물']"
7018715,"['고구마', '양파', '방울 토마토', '새우살', '올리브 약간', '토마토소스 적당량', '모짜렐라치즈 적당량', '파슬리가루 약간']"
7018714,"['닭 볶음탕용', '대파', '양파', '당근', '감자', '양배추', '물', '고추장', '간장', '설탕', '액젓', '소금']"
7018713,"['새우살', '건미역', '물', '들기름', '다진 마늘', '국간장', '멸치 액젓', '들깨가루', '소금 약간']"
7018712,"['라면', '슬라이스치즈', '라면스프', '마요네즈', '설탕']"
7018711,"['물', '동전 육수', '국간장', '참치액', '소면', '김가루', '진간장', '고추가루', '다진파', '다진마늘', '매실액', '참기름', '통깨']"
7018710,"['콩나물', '대패삼겹살', '참기름', '통깨', '진간장', '설탕', '맛술', '고추장', '고추가루', '매실청']"
7018709,"['소고기 다짐육', '무', '두부', '맛술', '간장', '다진마늘', '참치액', '참기름', '소금 약간', '후추 약간']"
7018708,['모짜렐라 치즈']
7018707,"['두부', '팽이버섯', '깻잎', '홍고추', '청양고추', '계란', '아몬드분말', '소금', '후추 톡톡 ']"
7018706,"['쌀', '명란', '부추 조금', '청주', '쯔유', '물', '참기름 기호에맞게', '양조간장', '국간장', '맛술', '다진마늘', '대파', '참기름', '통깨']"
7018705,"['냉동 코다리', '양파', '대파', '진간장', '설탕', '올리고당', '마늘', '맛술', '물', '후추', '통깨']"
7018704,"['새송이버섯', '계란', '부침가루', '소금', '식용유 적당량 ']"
7018703,"['쥐포 大', '덧가루', '튀김가루', '물', '식용유 넉넉하게']"
7018702,"['사각어묵', '깻잎', '계란', '부침가루', '소금', '식용유 넉넉하게']"
7018701,"['파스타면', '마늘', '볼로네제 소스', '페페론치노', '치킨스톡 약간', '후추 적당량', '소금 적당량', '파마산 치즈 적당량']"
7018700,"['연두부', '계란', '당근 약간', '부추 약간', '물', '멸치 액젓']"
7018699,"['양배추', '쌀', '물', '간장', '물엿', '고춧가루', '들기름', '부추 약간']"
7018698,"['쥐포 大', '설탕', '고춧가루', '물', '맛술', '진간장', '고추장', '다진 마늘', '올리고당', '참기름', '통깨 약간']"
7018697,"['닭가슴살', '식용유 넉넉하게', '카레가루', '소금', '후추 약간', '맛술', '다진 마늘', '튀김가루', '전분가루', '물', '튀김가루', '전분가루']"
7018696,"['국수', '굴', '표고버섯', '청경채', '대파', '베트남고추', '생강', '소금', '청주', '참기름', '소금']"
7018695,"['건미역', '감자', '두부', '물', '들기름', '다진 마늘', '국간장', '멸치액젓', '들깨가루', '소금 약간']"
7018694,"['계란', '우유', '양파', '당근 약간', '부추 약간', '햄 적당량', '케첩', '굴소스', '식용유', '후추 약간', '물', '하이라이스가루', '케첩', '설탕', '양송이버섯', '우유']"
7018693,"['김치', '숙주', '부침가루', '물', '김칫국물', '양파 ', '고추', '고운고춧가루', '설탕']"
7018692,"['비비고 사골곰탕', '물만두', '물', '계란', '대파', '다진마늘', '양조간장']"
7018691,"['브로콜리', '식초', '밀가루', '소금']"
7018690,"['소고기 산적용', '간장', '맛술', '황설탕', '조청', '매실액', '참기름', '양파즙', '배즙']"
7018689,"['봄동잎', '청양고추', '다진 마늘', '물', '동전 육수', '자른 다시마', '된장', '고춧가루', '소금 약간']"
7018688,"['돼지고기 앞다리살', '양파', '대파', '홍고추', '청양고추', '포도씨유', '고추장', '고춧가루', '설탕', '올리고당', '진간장', '맛술', '굴소스', '다진 마늘', '다진 생강', '참기름 약간', '후추 약간', '통깨 약간']"
7018687,"['지리멸치', '꽈리고추', '대파', '마늘', '새우젖', '식용유', '참기름', '굴소스', '식초', '설탕', '통깨']"
7018686,"['식빵', '슬라이스 체다 치즈', '슬라이스 햄', '피자치즈', '우유', '계란', '설탕', '소금 약간']"
7018685,"['곱창김', '간장', '들기름']"
7018684,"['닭특수부위 ', '파', '소금', '간장', '굴소스', '설탕']"
7018683,"['닭다리살', '달래', '알배추 여러장', '두부', '양파', '된장', '흰쌀', '간장', '설탕', '고춧가루', '참기름']"
7018682,"['가래떡', '사각치즈', '식용유', '설탕', '꿀', '고춧가루', '간장']"
7018680,"['배추잎', '무우', '굴', '양파', '청양고추', '대파', '베트남고추', '다진마늘', '소금', '국간장', '참치액젓', '소금']"
7018679,"['건미역', '두부', '팽이버섯', '청양고추', '우리쌀미소 된장', '코인 육수', '후추가루 조금', '생강술', '소금 조금']"
7018678,"['두부', '양파', '당근', '대파', '해물모듬', '물', '맛소금', '다진마늘', '식용유', '고춧가루', '두반장', '설탕', '물엿', '굴소스', '감자전분가루', '물']"
7018677,"['소고기 다짐육', '돼지고기 다짐육', '고추장', '다진마늘', '후추가루 조금', '설탕', '진간장', '생강술', '올리고당', '참기름', '통깨']"
7018676,"['계란', '소금', '식초']"
7018675,"['식빵', '베이컨', '체다치즈', '우유', '달걀']"
7018674,"['홍두깨살', '소금', '달걀', '참기름', '다진마늘', '찹쌀가루']"
7018673,"['묵은지 포기김치', '돼지갈비', '미림', '다진마늘', '간장', '된장', '설탕', '고춧가루', '참치액']"
7018672,"['돼지고기', '양파', '대파', '월계수잎 조금', '쌍화탕', '생강술']"
7018670,"['치킨 (닭가슴살부위)', '간장', '물', '라임즙', '꿀', '와사비 조금']"
7018669,"['닭날개', '가래떡', '식용유', '고춧가루', '올리고당', '다진 마늘', '다진 생강', '고추장', '굴 소스', '간장', '케첩', '설탕', '후추', '소주', '슬라이드 아몬드 약간']"
7018668,"['완숙 토마토', '쪽파', '멸치 다시 육수', '범일콩 된장']"
7018667,"['동물성 휘핑크림', '메이플시럽', '얼음 적당량', '오트밀크', '에스프레소', '초콜릿 약간']"
7018666,"['새조개', '미나리 약간', '알배추', '당근 약간', '초고추장', '깨']"
7018665,"['자른미역', '대파', '액젓', '생강청', '식초', '깨']"
7018664,"['알배추', '두부', '대파', '육수코인', '집된장', '쌀뜨물']"
7018663,"['숙주', '소고기 양지 샤브용', '식용유', '다진마늘', '대파', '굴소스', '간장']"
7018662,"['돼지앞다리살', '묵은지김치', '김칫국물', '설탕', '동전 육수', '국간장', '두부']"
7018661,"['두부', '느타리버섯', '새송이버섯', '표고버섯', '팽이버섯', '대파', '청양고추', '물', '코인육수', '다진 마늘', '고추장', '된장', '참치액', '미원', '소고기다시다', '소금 약간']"
7018660,"['구멍어묵', '양파', '대파', '당근', '식용유', '고추장', '고춧가루', '진간장', '올리고당', '다진 마늘', '맛술', '후춧가루 톡톡 ', '참기름', '통깨']"
7018659,"['소고기 샤브용', '사골육수 팩', '팽이버섯', '느타리버섯', '표고버섯', '냉동만두', '청경채 조금', '배추 약간', '어묵', '냉동새우', '쫄면사리 약간', '비엔나소세지', '마라소스', '땅콩잼', '물', '간장', '땅콩소스', '와사비', '청양고추 약간']"
7018658,"['오징어', '돼지앞다리살', '대파', '양파', '고추장', '고춧가루', '다진마늘', '간장', '설탕', '맛술']"
7018657,"['애호박', '식용유', '홍고추', '청양고추', '다진파', '간장', '고춧가루', '올리고당', '참기름', '깨', '다진마늘', '소금 약간']"
7018656,"['김장김치', '참치캔 중간크기', '대파', '청양고추', '다진마늘', '참치액', '설탕', '후추가루 조금']"
7018655,"['두부', '양파', '간장', '고춧가루', '설탕', '맛술', '다진마늘', '물', '참기름']"
7018653,"['콩나물', '대파 썬 것', '굵은소금', '고춧가루', '다진 마늘', '참치 액', '꽃소금', '참기름', '통깨']"
7018652,"['닭 볶음용', '양파', '당근', '감자', '당면', '물', '간장', '굴소스', '맛술', '설탕', '다진마늘', '생강청', '짜장가루']"
7018651,"['동그랑땡반죽 ', '깻잎', '계란', '소금', '식용유']"
7018650,"['두부', '물', '소금 약간', '다진마늘', '고춧가루', '간장', '맛술', '다진 대파', '설탕', '참기름']"
7018649,"['물파래', '소금', '김치', '김치국물', '설탕', '굵은 고춧가루', '매실액', '진간장']"
7018648,"['소고기 다짐육', '돼지고기 다짐육', '두부', '당근', '양파', '대파 흰대부분', '부추', '계란', '소금 조금', '밀가루', '식용유', '간마늘', '생강 청', '소금', '굴소스', '후춧가루 조금', '참기름']"
7018647,"['달걀', '대파', '당근', '들기름', '맛술', '멸치액젓', '설탕', '소금']"
7018646,"['베이글', '크림치즈', '베이컨', '쪽파', '연유', '후춧가루 조금']"
7018645,"['청국장', '배추김치', '무', '대파', '양파', '청양고추', '멸치다시마육수', '돼지고기 다짐육']"
7018644,"['시금치', '돼지고기 찌개용', '청양고추', '된장', '다진마늘', '고추가루', '생강술', '코인 육수']"
7018643,"['알배추', '소고기 불고기감', '팽이버섯', '대파 초록부분', '붉은고추', '멸치 다시마 육수', '국간장', '까나리액젓', '후추 약간', '홍게간장', '스끼야끼간장', '물', '레몬즙', '올리고당', '청홍 고추 약간']"
7018642,"['오이고추', '오이', '된장', '고추장', '다진마늘', '조청1T', '통깨', '참기름']"
7018641,"['라면', '물', '식용유', '계란', '대파 약간', '깻잎', '면수 약간']"
7018640,"['사각어묵', '양파', '식용유', '굴소스', '다진마늘', '올리고당', '참기름', '통깨 약간']"
7018639,"['고등어', '무', '대파', '양파', '청양고추', '물', '고춧가루', '된장', '진간장', '설탕', '매실액', '참치액', '다진마늘', '생강가루', '후추 조금']"
7018638,"['소고기 다짐육', '조림간장', '설탕', '매실액', '다진마늘', '다진생강', '애호박', '소금 조금', '다진마늘', '식용유', '사골분말', '물', '떡국떡', '계란 지단', '호박 볶음', '소고기 다짐육']"
7018637,"['어묵', '깻잎', '계란', '청양고추', '홍고추', '전분가루', '계란', '소금', '참기름', '다진마늘', '진간장', '식초', '매실액']"
7018636,"['소면', '애호박', '당근', '물', '코인육수', '국간장', '소금 약간', '소고기다시다']"
7018635,"['황태포', '애호박', '당근', '파', '버섯', '고추', '국간장', '참기름', '소금 약간', '후추 약간', '황태대가리 부위 (또는 서더리)', '무 약간', '양파 약간', '다시마', '간장', '배즙', '참기름', '고춧가루 약간', '청홍 고추 약간', '다진 파', '송송 썬 고추', '와사비', '간장']"
7018634,"['홍두깨살', '부침가루', '찹쌀가루', '달걀', '참기름', '소금 약간', '후추 약간']"
7018633,"['순대 간', '달걀', '청양고추', '소금', '맛술', '식용유 약간', '전분 약간']"
7018632,"['알배추', '두부', '대파', '멸치육수', '된장', '고추장', '국간장', '황설탕', '소금 약간']"
7018631,"['만두', '대파', '검정깨 약간', '양조간장', '물', '식초', '알룰로스', '두반장', '고춧가루', '참기름']"
7018630,"['밥', '떡국떡', '김치', '콩나물', '대파', '멸치육수', '간마늘', '액젓']"
7018629,"['냉이', '홍고추', '새우가루', '부침가루', '생콩가루', '물', '식용유']"
7018628,"['소고기 육전용', '깻잎', '피망', '빨강 파프리카', '계란', '소금', '밀가루', '식용유', '진간장', '참기름', '후춧가루 조금']"
7018627,"['누룽지', '물', '대파', '계란', '치킨스톡', '소금', '깨소금', '참기름']"
7018626,"['계란', '밥', '양배추', '양파', '햄', '케첩', '올리브오일', '참기름']"
7018625,"['팽이버섯', '크래미', '계란', '깻잎', '튀김가루']"
7018624,"['부침가루 넉넉히', '홍두깨살', '한우 육전용 적당량', '달걀', '소금 약간', '후추 약간', '물 적당량', '새우', '부추', '튀김가루 넉넉히', '간장', '레몬즙', '식초', '설탕', '다진 삶은 달걀', '다진 양파', '마요네즈', '올리고당', '레몬즙', '머스터드 소스', '식용유 충분히 (또는 해바라기유)']"
7018623,"['돼지갈비찜용1kg', '떡볶이떡', '청양고추', '대파 초록부분', '참기름', '간장', '굴소스', '청주', '고춧가루', '설탕', '매실청', '다진 마늘', '다진 생강', '후추', '대파', '양파', '물']"
7018622,"['돼지고기 삼겹살', '막걸리', '통마늘', '대파', '월계수잎', '진간장', '굴소스', '청양고추', '편마늘', '무말랭이 김치', '쌈장', '수육삶은 육수']"
7018621,"['우삼겹', '팽이버섯', '양파', '고추', '올리브오일 살짝', '계란', '물 조금', '깨 조금', '멸치액젓', '간장', '맛술', '설탕']"
7018620,"['고구마', '브로콜리', '버터', '밀가루', '우유', '생크림', '체다치즈']"
7018619,"['사골곰탕 팩', '떡국떡', '물만두', '다진마늘', '물', '대파', '소금', '후추', '참치액젓']"
7018618,"['그린빈 크게', '양송이버섯', '총알새송이버섯', '홍고추', '양조간장', '미림', '굴소스', '설탕']"
7018617,"['소고기 양지', '알배기 배추', '쑥갓', '대파', '깻잎', '통후추', '마늘', '소금', '국간장', '참치액', '미림', '후추 약간', '진간장', '설탕', '참기름', '후추 약간']"
7018616,"['등갈비', '대파', '통마늘', '양파', '배음료', '식초', '진간장', '참치액', '설탕']"
7018615,"['된장', '고춧가루', '다진 마늘', '청양고추', '두부', '배추', '대파', '다시마 멸치 육수', '소금 약간']"
7018614,"['표고버섯', '소금']"
7018613,"['계란', '대파', '양파', '청양고추', '홍고추', '간장', '물', '올리고당', '식초', '소금', '식초']"
7018612,"['황태채', '무', '두부', '계란', '청양고추', '홍고추', '대파', '물', '사골육수 코인', '참기름', '간마늘', '새우젓', '소금 소량', '후추 소량']"
7018611,"['깐메추리알', '조림간장', '월남고추', '통마늘']"
7018610,"['오이', '양파', '토마토', '파프리카', '국수', '깨 넉넉히', '간장', '올리브유', '화이트발사믹 식초', '메이플시럽']"
7018609,"['김밥용김', '사각어묵', '맛살', '계란', '참치캔', '당근', '단무지', '밥', '깨', '간장', '설탕', '소금', '마요네즈', '후추', '참기름']"
7018608,"['물미역', '소금', '고추장', '식초', '설탕', '사이다', '다진 마늘', '참기름', '참깨 조금']"
7018607,"['말차파우더', '물', '얼음 적당량', '우유', '에스프레소']"
7018606,"['양파', '달걀', '김치 약간', '햄 약간', '밥']"
7018605,"['굴', '무', '쪽파', '미나리', '청양고추', '다진마늘', '액젓', '소금 약간', '매실청', '식초', '고춧가루']"
7018604,"['냉동돈가스', '양파', '파', '달걀', '밥', '물', '간장', '참치액젓', '설탕', '양파', '혼다시', '맛술']"
7018603,"['맛살', '달걀', '소금 약간']"
7018602,"['왕 만두', '김치 약간', '달걀']"
7018601,"['순살치킨', '통마늘', '대파 약간 ', '청양고추', '진간장', '물엿', '설탕', '후춧가루 약간 ', '맛술']"
7018600,"['떡국떡', '꿀 약간 (또는 올리고당)']"
7018599,"['김치', '참치', '대파', '계란']"
7018598,"['떡국떡', '황설탕', '물', '시나몬가루', '올리고당', '호박씨', '아몬드슬라이스 약간', '검은깨 약간']"
7018597,"['토마토', '오이', '깨소금', '올리브유', '올리고당', '간장', '식초']"
7018596,"['토마호크 고기', '소금', '후추', '올리브유']"
7018595,"['참치캔', '게맛살', '새우', '대파', '깻잎', '계란', '부침가루', '후추 톡톡', '까나리액젓', '참기름', '진간장', '물', '매실청', '고춧가루', '참깨 톡톡']"
7018594,"['계란', '굵은 소금', '식초 약간']"
7018593,"['돼지갈비', '미림', '무', '양파', '당근', '통깨', '꽈리고추', '참기름', '배음료', '간장', '설탕', '생강', '다진마늘', '다진파']"
7018592,"['파래', '무채', '쪽파', '다진 마늘', '진간장', '국간장', '식초', '흰설탕', '소금', '통깨 솔솔 ', '굵은소금', '소금', '설탕']"
7018591,"['삼겹살', '양배추', '당근', '양파', '파', '고추장', '고춧가루', '간장', '설탕', '간마늘', '후추', '고추']"
7018590,"['팽이버섯', '계란', '소금', '식용유 적당량', '청양고추']"
7018589,"['삶은 무청시래기', '대파 조금', '올리브유', '다진마늘', '고추가루', '국간장', '생강술', '설탕', '참기름', '통깨 조금']"
7018588,"['냉이', '두부', '대파', '다진 마늘', '된장', '쌈장', '고춧가루', '까나리액젓', '쌀뜨물', '다시팩']"
7018587,"['알배추', '당근 큰거', '오이', '두부', '계란', '청양고추', '계란', '소금', '참기름', '진간장']"
7018586,"['가래떡', '꿀 약간']"
7018585,"['팽이버섯', '청양고추', '홍고추', '대파', '멸치액젓', '맛소금', '깨', '참기름']"
7018583,"['각종나물', '밥', '소고기 불고기감', '불고기양념', '계란', '참기름', '초고추장', '통깨']"
7018582,"['곰피', '포도씨유', '들기름', '마늘', '들깨', '액젓', '국간장', '물', '소금']"
7018581,"['무', '대파', '다진 마늘', '참치 액', '들기름', '통깨', '고운 소금', '물', '다시마']"
7018580,"['곰피', '오이', '당근', '스끼야끼 간장', '홍게간장', '식초', '설탕', '매실청', '참기름', '참깨', '굵은 소금', '물', '소금']"
7018579,"['우엉 손질 후', '식초', '간장', '참치 액', '다시 물', '흑설탕', '맛술', '조청', '들기름', '포도씨유', '참기름', '통깨']"
7018578,"['감자', '당근', '소금', '청양고추', '오일', '물']"
7018577,"['양배추', '사과', '당근', '올리브유', '홀그레인머스타드', '알룰로스', '레몬즙', '고운소금', '베이킹소다', '식초']"
7018576,"['김치', '돼지고기', '만두', '두부', '대파', '양파', '청양고추1개', '홍고추1/2개', '동전 육수', '물', '설탕', '다진 마늘', '후추 약간 ']"
7018575,"['차돌박이', '숙주', '대파', '양파', '식용유', '다진 마늘', '굴소스', '진간장', '맛술', '설탕', '후춧가루 톡톡', '통깨']"
7018574,"['사누끼 우동사리', '베이컨', '숙주', '다진마늘', '썬파', '청양고추', '양배추 당근채', '혼다시', '데리야끼소스', '설탕', '가스오부시']"
7018573,"['콩나물', '소금', '고춧가루', '후추 조금', '참기름']"
7018572,"['소고기', '버터', '소금', '아스파라거스', '후추 약간']"
7018571,"['애호박', '양파', '대파', '매실청', '양조간장', '멸치액젓', '고춧가루', '참깨', '참기름', '다진마늘', '식용유']"
7018570,"['어묵', '대파', '양파', '당근', '식용유', '볶은참깨', '케첩', '간장', '올리고당']"
7018569,"['양배추', '계란', '소금', '가쓰오부시', '마요네즈 적당량', '돈까스소스 적당량', '오일']"
7018568,"['신김치', '베이컨', '대파', '양파', '노란 파프리카', '밥', '버터', '굴소스', '후추 약간', '통깨 약간']"
7018567,"['말린 꼴뚜기', '마요네즈', '오리', '물엿', '간장', '참기름', '마늘', '청고추', '홍고추', '물', '소주']"
7018566,"['감자 大', '햄', '대파', '양파', '당근 적당량 ', '식용유', '소금', '참기름', '후추 약간', '통깨 약간']"
7018565,"['알감자', '굵은소금', '식초', '홍고추', '청양고추', '물', '진간장', '흑설탕', '올리고당', '고춧가루', '참기름', '통깨 약간']"
7018564,"['고추참치', '신김치', '두부', '대파', '양파', '홍고추', '청양고추', '물', '들기름', '국간장', '멸치 액젓', '다진 마늘', '고춧가루']"
7018563,"['느타리버섯', '표고버섯', '대파', '양파', '애호박 적당량 ', '당근 적당량 ', '물', '국간장', '멸치 액젓', '다진 마늘', '들깨가루', '소금 약간']"
7018562,"['참치캔', '두부', '계란', '양파', '애호박 약간', '당근 약간', '소금', '후추 약간', '식용유 적당량 ']"
7018561,"['고구마', '부추 약간', '고춧가루', '설탕', '멸치 액젓', '식초', '다진 마늘', '생강가루']"
7018560,"['당면', '목이버섯', '양파', '당근', '파프리카', '시금치', '설탕', '양조간장', '굴소스', '맛술', '후추가루', '참기름', '통깨']"
7018559,"['콩나물', '대파 흰대부분', '다진마늘', '맛소금', '소고기다시다', '다진마늘', '고춧가루', '까나리액젓', '참기름', '통깨']"
7018558,"['비엔나소세지', '통마늘', '양파', '파프리카', '당근', '설탕', '진간장', '식초', '케찹', '간생강', '후춧가루 조금']"
7018557,"['소고기 아롱사태', '대파', '양파', '통마늘', '통후추', '생강 (엄지손톱)', '다시마', '꽈리고추', '메추리알', '식초', '진간장', '집간장', '참치액', '액젓', '청주', '미림']"
7018556,"['밀가루', '버터', '육수', '우유', '흰후추 톡톡', '소금']"
7018555,"['미니 새송이버섯', '올리브유', '소금', '후춧가루 약간']"
7018554,"['달래', '고추 삭힌거', '진간장', '고춧가루', '다진마늘', '올리고당', '설탕 조금', '참기름', '통깨']"
7018553,"['김장김치', '오리훈제', '대파 조금', '양파 작은것1개', '청양고추', '고추가루', '다진마늘', '생강술', '진간장', '올리고당', '설탕', '참기름 조금', '통깨 조금']"
7018552,"['우삼겹', '냉동 오징어', '맛술', '양파', '대파 초록부분', '당근', '콩나물 데친거', '고추장', '고춧가루', '진간장', '맛술', '설탕', '꿀', '다진 마늘', '다진 생강']"
7018551,"['고추장2', '고춧가루1', '설탕1', '올리고당1', '다진마늘1', '청주1', '간장2']"
7018550,"['죽순', '쇠고기', '밥', '양파', '달걀', '파', '간장', '청주', '다진 마늘', '소금 약간', '후춧가루 약간', '다시마', '물', '청주', '간장', '설탕', '참기름', '후춧가루 약간']"
7018549,"['떡국떡', '만두', '대파', '달걀', '사골육수', '국간장', '다진 마늘', '소금', '후추 적당량', '다진 소고기', '간장', '다진 마늘', '설탕', '참기름', '후춧가루']"
7018548,"['대파', '청양고추', '홍고추', '다진마늘', '국간장', '참치액젓', '매실청', '설탕', '고추가루', '참기름', '깨소금']"
7018547,"['두부', '대파', '양파', '청양고추', '다시마멸치육수', '통깨', '간장', '맛술', '고춧가루', '설탕', '다진 마늘', '참기름', '후춧가루']"
7018546,"['무', '대파', '고추가루', '식초', '다진마늘', '매실청', '참치액젓', '통깨', '굵은소금']"
7018545,"['봄동', '된장', '다진마늘', '가을무', '소금 약간', '대파 넉넉히', '들기름']"
7018544,"['김밥용김', '참치', '깻잎', '상추', '김밥용 단무지', '우엉', '밥', '마요네즈', '깨소금', '식초', '참기름']"
7018543,"['딸기', '설탕', '레몬즙', '식초']"
7018542,"['식용유', '흰다리새우', '마늘', '대파', '홍고추', '고구마', '마라소스', '화조유']"
7018541,"['세발나물', '다진마늘', '다진 파', '소금 약간', '액젓', '매실청', '참기름', '깨소금 약간']"
7018540,"['돼지고기 등심', '가는 소금 조금', '후추 조금', '계란', '부침가루', '빵가루', '파슬리', '식용유 넉넉히']"
7018539,"['베이글', '크림치즈', '쪽파', '베이컨', '올리고당', '레몬즙']"
7018538,"['꼬막살', '양배추', '적채', '당근', '오이', '깻잎', '간장', '미림', '설탕', '고춧가루', '참기름', '참깨', '청양고추', '다진 마늘']"
7018537,"['오징어', '전분가루', '돼지고기 다짐육', '두부', '당면', '당근', '양파', '대파', '계란', '간생강', '다진마늘', '밀가루', '소금', '참기름', '후추 조금']"
7018536,"['무염버터', '설탕', '계란', '박력분', '베이킹파우더', '레몬즙', '바닐라오일 약간', '슈가파우더', '레몬즙', '피스타치오 약간']"
7018535,"['닭똥집', '마늘', '식용유', '홍고추', '청양고추', '맛소금', '후추', '통깨 약간', '참기름']"
7018534,"['콩나물', '대파', '참치액', '소금', '다진마늘', '참기름', '통깨']"
7018533,"['꼬막', '소금', '물', '소주', '달래', '간장', '고춧가루', '매실청', '설탕', '다진마늘', '참기름', '통깨']"
7018532,"['삼치', '부침가루 약간', '식용유 약간', '물', '진간장', '맛술', '설탕']"
7018531,"['브로콜리', '굵은소금', '초장 약간']"
7018530,"['엄나무순', '물', '맛술', '설탕', '매실액', '식초']"
7018529,"['표고버섯', '양파', '대파', '다진마늘', '맛술', '굴소스', '설탕', '참기름', '통깨', '식용유 약간']"
7018528,"['칼국수 면', '물', '동전 육수', '참치액', '다진 마늘', '들깨가루', '소금 약간']"
7018527,"['김밥김', '밥', '어묵', '청양고추', '식용유 약간 ', '물', '맛술', '진간장', '올리고당', '맛소금 약간', '참기름 약간', '통깨 약간']"
7018526,"['용과', '바나나', '우유', '꿀 약간']"
7018525,"['엄나무순', '소금', '부침가루', '물']"
7018524,"['알배추', '부침가루', '튀김가루', '물', '식용유 넉넉히', '진간장', '참치액', '식초', '다진마늘', '참기름', '청양고추', '홍고추 약간씩']"
7018523,"['무', '파래', '국간장', '참기름', '참치액젓', '설탕', '식초', '다진마늘']"
7018522,"['엄나무순', '소금']"
7018521,"['김밥용김', '밥', '당근라페', '달걀', '참치', '마요네즈', '참기름', '소금', '통깨']"
7018520,"['청국장', '소고기 홍두깨살', '김치', '애호박', '두부', '대파', '고춧가루']"
7018519,"['무염버터', '설탕', '소금', '달걀', '바닐라 익스트랙', '박력분', '아몬드 파우더', '베이킹 파우더', '생크림', '귤']"
7018518,"['닭가슴살', '찹쌀', '백미', '대추', '마늘', '양파', '당근', '애호박', '대파', '물', '사골육수', '월계수잎', '참치액', '맛술', '소금', '후추 톡톡']"
7018517,"['김', '밥', '매운 어묵', '깻잎', '참기름 조금', '깨 조금', '어묵', '올리브 오일 넉넉히', '다진마늘', '간장', '메이플시럽', '매운고춧가루', '물엿']"
7018516,"['밥', '베이컨', '양파', '피망', '당근', '방울토마토', '버터', '밀가루', '우유', '생크림', '물', '치킨스톡 약간', '다진 마늘', '모짜렐라치즈', '파슬리 약간']"
7018515,"['생연어', '아보카도', '양파', '상추', '깻잎', '밥', '참기름', '김밥용 김', '설탕', '식초', '소금', '식초', '설탕', '소금', '마요네즈', '와사비', '매실청', '후추 톡톡']"
7018514,"['파스타', '다진 마늘', '올리브오일', '통마늘', '페페론치노', '물', '참치액', '소금 약간', '후춧가루']"
7018513,"['훈제오리', '마늘', '간마늘', '알배추잎', '후추', '허브소금', '청양고추']"
7018512,"['대하', '감자', '다진마늘', '된장', '애호박 약간', '팽이버섯', '코인육수']"
7018511,"['감자', '올리브유', '파슬리가루 약간', '허브솔트']"
7018510,"['팽이버섯', '베이컨', '식용유']"
7018509,"['꼬막', '간장', '고춧가루', '설탕', '참기름', '통깨 약간', '파']"
7018508,"['소고기 불고기감600g', '대파', '양파', '당근', '다진마늘', '간장', '올리고당', '대파1개', '후추 약간', '매실액', '통깨', '액젓']"
7018507,"['진미오징어채', '마요네즈', '진간장', '굴소스', '올리고당', '설탕 조금', '다진마늘', '후추가루 조금', '생강술', '참기름 조금', '통깨 조금']"
7018506,"['소고기 (샤브용)', '깻잎', '배추잎', '표고버섯', '숙주', '동전 육수', '물', '참치액']"
7018505,"['신김치', '사각어묵', '양파', '대파', '물', '식용유', '설탕', '고추가루', '참치액', '참기름', '깨']"
7018504,"['종합 어묵', '무', '청양고추', '고추가루', '다진마늘', '생강술', '후추가루 아주조금', '참치액', '소금 조금']"
7018503,"['꼴뚜기', '멸치', '간장', '물', '올리고당', '통깨']"
7018502,"['소고기 국거리용', '무', '대파', '당면 약간', '간장', '액젓', '다진 마늘', '참기름', '코인 육수']"
7018501,"['만두', '가래떡', '식용유', '고춧가루', '설탕', '고추장', '굴 소스', '간장', '식용유', '후추', '볶음 땅콩 약간', '물']"
7018500,"['고구마', '찹쌀가루', '검은깨', '꿀', '우유']"
7018499,"['돼지고기', '묵은지', '두부', '양파', '홍고추', '청양고추', '대파', '다진 마늘', '코인 육수', '물', '소금', '들기름', '국간장', '고춧가루']"
7018498,"['굴', '부침가루', '달걀']"
7018497,"['계란', '식용유', '고추장', '참기름', '밥', '김가루']"
7018496,"['배춧잎', '참송이버섯', '크리미 버섯', '팽이버섯', '당근 약간', '미나리 줄기 약간', '두부', '대파', '만두', '다싯물', '액젓', '다진마늘', '매실액', '생강청', '술']"
7018495,"['도가니', '한우 아롱사태', '물', '파', '생강', '소금', '다진 파', '고춧가루', '다진마늘', '진간장', '후추 약간']"
7018494,"['등심', '양파', '마늘', '아스파라거스', '미니 새송이버섯', '버터', '소금', '후추', '스테이크소스', '케첩', '올리고당', '우스터소스', '머스터드', '전분물']"
7018493,"['미역', '소고기 국거리용', '멸치', '물', '참기름', '다진마늘', '소금 약간']"
7018492,"['콩나물', '열라면', '물', '밥', '굵은 고춧가루', '다진 마늘', '가쓰오부시']"
7018491,"['돼지고기 다짐육', '양파', '대파', '다진마늘', '고추장', '설탕', '진간장', '올리고당', '매운 고춧가루', '후추 약간']"
7018490,"['청포묵', '조미김', '쪽파', '참기름', '소금', '설탕', '통깨 솔솔 ', '계란', '소금', '물']"
7018489,"['시판 컵 스프', '물', '찐 고구마', '후추', '피자치즈']"
7018488,"['비엔나소세지', '양파', '당근 적당량 ', '노란 파프리카', '빨간 파프리카', '청양고추', '식용유', '다진 마늘', '식초', '진간장', '케첩', '고추장', '후추 약간', '통깨 약간']"
7018487,"['사각어묵', '무', '알배추', '팽이버섯', '두부', '대파', '청양고추', '물', '코인육수', '고춧가루', '다진 마늘', '국간장', '멸치액젓', '맛술', '고추장']"
7018486,"['새우살', '양파', '빨간 파프리카', '노란 파프리카', '청피망', '버터', '다진 마늘', '설탕', '고춧가루', '진간장', '케첩', '후추 약간', '파슬리가루 약간']"
7018485,"['가래떡', '설탕', '물', '버터']"
7018484,"['삼겹살', '새우', '봉지라면', '양파', '표고버섯', '청양고추', '홍고추', '물', '식용유', '다진 마늘', '고춧가루', '진간장']"
7018483,"['양파', '계란', '소금', '튀김가루', '식용유 넉넉하게']"
7018482,"['떡국떡', '식용유 넉넉하게', '설탕', '물', '진간장', '견과류 적당량 ']"
7018481,"['베이컨', '계란', '양파', '애호박', '노란 파프리카', '식용유', '진간장', '멸치 액젓', '후추 약간', '통깨 약간']"
7018480,"['사각 어묵', '식용유 넉넉하게', '청양고추', '진간장', '올리고당', '마요네즈']"
7018479,"['깻잎', '당근 적당량 ', '계란', '소금', '식용유 적당량 ']"
7018478,"['밥', '고추참치', '베이컨', '양파', '당근 적당량 ', '청피망', '진간장', '참기름', '후추 약간', '통깨 약간']"
7018477,"['돼지고기 앞다리살', '부침가루', '계란', '소금 약간', '후추 약간', '생강가루 약간', '식용유 넉넉하게', '진간장', '물', '식초', '설탕', '고춧가루', '청양고추']"
7018476,"['삼겹살', '밥', '깻잎', '계란', '설탕', '올리고당', '고춧가루', '고추장', '된장', '맛술', '진간장', '다진 마늘']"
7018475,"['돼지고기 앞다리살', '대파', '양파', '표고버섯', '배즙', '설탕', '간장', '맛술', '다진 마늘', '참기름']"
7018474,"['홍합', '굵은소금 적당량 ', '표고버섯', '쌀', '물', '홍합 삶은 물', '대파', '간장', '올리고당', '고춧가루', '참기름']"
7018473,"['냉동만두', '밥', '대파', '양파', '파프리카 조금', '식용유', '간장', '굴소스', '참기름', '후추 약간', '통깨 약간']"
7018472,"['통조림 파인애플', '베이컨', '파슬리가루 약간']"
7018471,"['진미채', '버터', '땅콩버터', '올리고당', '파슬리가루 약간']"
7018470,"['양배추', '부추', '식초', '고춧가루', '설탕', '식초', '멸치 액젓', '새우젓 국물', '다진 마늘', '생강가루', '소금 약간', '통깨 약간']"
7018469,"['짜파게티 큰 사발면', '밥', '계란', '양파', '당근 적당량 ', '청양고추', '햄', '식용유', '참기름', '후추 약간', '통깨 약간']"
7018468,"['오이', '통들깨', '굵은 소금', '양조간장', '다진마늘', '알룰로스', '2배 사과식초', '들기름 약간']"
7018467,"['떡볶이떡', '어묵', '당면', '양파', '대파', '코인육수', '물', '간장', '황설탕', '고운 고춧가루', '알룰로스']"
7018466,"['밥', '물']"
7018465,"['새송이버섯', '쪽파', '버터', '올리고당', '다진마늘', '간장', '참기름', '물']"
7018464,"['공심채', '마늘', '베트남고추', '굴소스', '피시소스', '된장', '황설탕']"
7018463,"['사각어묵', '밥', '당근', '청양고추', '굴소스', '소금', '참기름 적당히']"
7018462,"['소고기', '무', '알배추', '쪽파 조금', '다진마늘 조금', '쌀뜨물', '소금', '국간장', '참기름']"
7018461,"['순두부', '돼지고기 다짐육', '대파', '양파', '통마늘', '청양고추', '고운 고춧가루', '굵은 고춧가루', '국간장', '참치액젓', '포도씨유', '참기름', '설탕', '소금 약간', '후추 약간', '물']"
7018460,"['문어 다리 삶은거', '파스타면', '마요네즈', '마늘', '청양고추', '간장', '굴소스', '후추 약간', '면수', '소금', '후추 약간']"
7018459,"['닭 볶음용', '물', '감자', '당근', '깻잎', '양파', '대파', '월계수잎', '소주', '고추장', '된장', '설탕', '고춧가루', '진간장', '매실액', '맛술', '다진마늘', '다진생강', '후추 조금']"
7018458,"['시금치', '계란', '치즈', '버터', '후추 적당량', '소금']"
7018457,"['소고기 다짐육', '메추리알', '간장', '물엿', '맛술', '다진마늘', '육수', '참기름', '통깨 적당량']"
7018456,"['아귀', '양파', '호박', '청양고추', '홍고추', '미나리', '콩나물', '대파', '된장', '고추가루', '다진마늘', '생강', '참치액젓', '미림', '소금']"
7018455,"['멸치육수', '알배추', '두부', '호박', '된장', '다진마늘', '대파']"
7018454,"['알배추', '부침가루', '물', '멸치액젓', '식용유 넉넉히']"
7018453,"['고구마 중간사이즈', '식용유', '설탕', '올리고당']"
7018452,"['소고기 다짐육', '토마토스파게티소스', '다진마늘', '소금', '후추', '표고버섯', '양파', '새우']"
7018451,"['시금치', '쌀뜨물', '참치액', '다시팩', '된장', '다진마늘', '대파', '국간장']"
7018450,"['시금치', '소금', '다진마늘', '국간장', '참기름', '깨소금 약간']"
7018449,"['무', '생수', '죽염', '참치액', '참기름', '깨소금', '통깨']"
7018448,"['오트밀', '그릭 요거트', '바나나', '냉동딸기', '꿀', '두유 조금']"
7018447,"['쌀떡', '떡국떡', '대파', '어묵', '고추장', '고춧가루', '간장', '설탕', '올리고당']"
7018445,"['꽈리고추', '꽁치 통조림', '양파', '고추', '양조간장', '맛술', '물', '올리고당', '다진마늘', '생강가루 약간', '식용유']"
7018444,"['갈치', '무', '양파', '대파', '고추', '쌀뜨물', '고춧가루', '설탕', '다진마늘', '국간장', '진간장', '맛술', '올리고당', '고추장']"
7018443,"['스파게티면', '소금', '후추 조금', '바질 조금', '토마토 소스', '양파', '마늘', '면수']"
7018441,"['전복', '애호박', '당근', '소금 적당량', '후추 적당량', '참기름 적당량']"
7018440,"['척아이롤', '방울양배추', '방울토마토', '스테이크소스', '올리브오일', '소금', '후추']"
7018439,"['잔멸치', '견과류', '고추장', '진간장', '설탕', '다진 마늘', '올리고당', '맛술', '통깨']"
7018438,"['우유', '농후발효유']"
7018437,"['찹쌀가루', '코코아파우더', '베이킹파우더', '설탕', '우유', '식용유', '달걀', '커버춰 초콜릿', '오레오 과자']"
7018436,"['팥', '설탕', '소금', '옹심이', '찹쌀가루']"
7018435,"['냉동만두', '양배추', '당근', '오이', '양파', '깻잎', '사리 쫄면', '다진마늘', '매실액', '간장', '설탕', '고추장', '고추가루', '식초']"
7018434,"['양배추', '당면', '콩나물', '깻잎', '비빔 양념장', '삶은 계란', '참기름', '참깨']"
7018433,"['칼국수', '샤브샤브 육수', '각종 채소 적당히']"
7018432,"['생굴', '쌀', '무 조금']"
7018431,['땅콩']
7018430,"['당면', '소고기', '시금치', '어묵', '당근 적당히', '간장', '설탕', '후추 조금', '참기름 조금', '간장', '올리고당', '식용유', '간장', '설탕', '후추 조금', '참기름', '깨 많이']"
7018429,"['사각어묵', '가래떡', '모둠 어묵', '김치', '양파', '청양고추', '대파', '표고버섯', '육수', '범일 진간장', '맛술', '다진마늘', '멸치액젓', '후추 약간']"
7018428,"['무염버터', '계란흰자', '설탕', '꿀', '바닐라오일 약간', '아몬드가루', '박력분', '시나몬파우더', '고구마무스 적당량', '메이플시럽 적당량']"
7018427,"['소고기 다짐육', '돼지고기 다짐육', '호두', '대파', '양파', '식용유 조금', '진간장', '다진마늘', '설탕', '맛술', '후추', '찹쌀가루', '진간장', '꿀', '참기름']"
7018426,"['느타리버섯', '양파', '당근', '대파', '부침가루', '밀가루', '물', '달걀', '소금']"
7018425,"['홍합', '굵은소금', '물', '청양고추']"
7018424,"['돼지고기 다짐육', '스파게티 면', '토마토소스', '마늘', '닭가슴살', '기름']"
7018423,"['한우사골 육수', '떡국떡', '대파', '구운김', '소고기 (고명)', '소고기앞다리살', '다진파', '다진마늘', '간장', '맛술', '참기름', '후춧가루 약간', '계란', '소금', '후추 약간']"
7018422,"['닭다리살', '당면', '양송이버섯', '양파', '대파', '소세지', '슬라이스치즈', '다진마늘', '설탕', '다시다', '고춧가루', '후추 조금', '맛술', '물엿', '진간장', '고추장']"
7018421,"['브로콜리 데친거', '방울토마토', '가쓰오부시', '베이킹소다', '식초', '허브솔트 톡톡', '마요네즈', '참깨']"
7018420,"['닭다리살', '쪽파', '물', '소금', '설탕', '핫소스', '고춧가루', '카레가루', '맛술', '진간장', '물엿', '다진마늘', '고추장', '설탕']"
7018419,"['만두', '대파', '다진마늘', '사골육수 코인', '국간장', '멸치액젓', '계란', '참기름', '후추']"
7018418,"['브로콜리', '식초', '소금', '물', '렌치소스 적당량']"
7018417,"['떡볶이 떡', '대파', '사각 어묵', '고추장', '물', '설탕', '고춧가루', '다시다', '올리고당']"
7018416,"['생강', '레몬', '계피', '설탕']"
7018415,"['떡국 떡', '계란', '소고기 다짐육', '국간장', '다시물', '김', '양조간장', '다진마늘', '맛술', '참기름']"
7018414,"['양파', '닭다리살', '우유', '버터', '소금', '후추', '물', '고체 카레', '생크림', '우동면', '쪽파']"
7018413,"['두부', '대파', '들기름', '깨', '다진마늘', '고춧가루', '설탕', '간장', '굴소스', '참기름', '물']"
7018412,"['밥', '도토리묵 적당량', '물', '차즈케']"
7018411,"['오징어', '양파', '대파', '식용유', '통깨', '고추장', '다진 마늘', '고춧가루', '후춧가루 약간', '진간장', '설탕', '올리고당']"
7018410,"['김치', '두부', '대파', '간장', '고춧가루', '설탕', '통깨 약간']"
7018409,"['소고기 장조림용', '간장', '올리고당', '후추 약간', '통마늘', '고추']"
7018408,"['파스타 면', '통마늘', '방울토마토', '생바질', '올리브오일 적당량', '소금', '후추 적당량']"
7018407,"['포기김치', '콩나물', '새우멸치 육수', '김칫국물', '다진마늘', '혼다시', '물', '김치콩나물국 원하는만큼', '이북손 만두', '새우굴림 만두', '어묵', '김치콩나물국 원하는만큼', '옹심이', '유부']"
7018406,"['아롱사태', '대파 잎', '양파', '통마늘', '통후추', '물1.5~2컵', '간장', '청양고추', '통마늘', '삶은 계란']"
7018404,"['두부', '돼지고기 다짐육', '대파', '양파', '물', '고춧가루', '두반장', '굴소스', '다진마늘', '다시다', '설탕', '전분가루', '물', '후추 적당량']"
7018403,"['배추 삶은 것', '대파', '된장', '고추장', '참치액', '매실청', '올리고당', '깨', '참기름', '굵은소금', '식초']"
7018402,"['진라면', '콩나물', '굴', '대파', '고춧가루', '소금']"
7018401,"['헤이즐넛 시럽', '오트 우유', '에스프레소', '그래놀라', '휘핑크림', '헤이즐넛 시럽']"
7018400,"['감자', '양파', '물', '식용유', '진간장', '올리고당', '통깨']"
7018399,"['고구마', '당근', '생크림', '다진마늘', '물', '양파', '소금', '버터']"
7018398,"['소고기', '배추', '대파', '청양고추', '홍고추', '코인 육수', '된장', '국간장', '참치 액', '다진 마늘', '쌀뜨물']"
7018397,"['쌀', '소고기 다짐육', '다진 양파', '마늘', '물', '비프스톡', '올리브유', '청주', '소금 약간', '후춧가루 약간']"
7018396,"['시금치', '루콜라 조금', '자색양파', '방울토마토', '베이컨', '계란', '양파', '발사믹식초', '레몬즙', '올리브유', '소금', '후추 조금', '계란', '물', '식초']"
7018395,"['엿기름', '찹쌀', '무', '당근', '배', '고춧가루', '물', '생강', '물', '설탕', '뉴슈가', '물']"
7018394,"['두부', '양파', '버섯', '애호박', '땡초', '된장', '쌈장', '진간장', '고춧가루', '설탕', '다진마늘', '소금 약간']"
7018393,"['섬초', '작은 양파', '다진 마늘', '국간장', '소금', '참기름', '통깨']"
7018392,"['식빵', '우유', '연유', '소금', '버터', '계피가루 조금', '방울토마토']"
7018391,"['달걀', '튀김가루', '물', '물', '참치액', '진간장', '청주', '전분물', '무즙 약간']"
7018390,"['꽁치 통조림', '신김치', '두부', '양파', '대파', '청양고추', '홍고추', '들기름', '고추기름', '김치국물', '물', '마늘', '설탕', '액젓', '맛술', '후춧가루 조금']"
7018389,"['치킨너겟', '진간장', '설탕', '올리고당', '다진마늘', '맛술', '물', '매실액']"
7018388,"['봄동', '새우가루', '검은깨', '부침가루', '물', '식용유']"
7018387,"['알배추', '대파', '된장', '다진마늘', '국간장', '참치액', '고춧가루', '소금 약간']"
7018386,"['마카로니', '빨간 미니파프리카', '노란 미니파프리카', '주황 미니파프리카', '굵은소금', '마요네즈', '물엿', '소금 약간', '후춧가루 약간', '파슬리가루 약간']"
7018385,"['콩나물', '배추김치', '대파', '달걀 노른자', '밥', '코인 육수', '새우젓 약간', '후추 약간', '고춧가루 약간', '소금', '마늘', '국간장', '들기름', '국간장', '들기름']"
7018384,"['김밥', '계란', '케첩', '식용유', '마요네즈 약간', '파슬리가루 약간', '돈까스소스', '케첩', '물', '올리고당', '후춧가루 톡톡', '버터']"
7018383,"['양배추', '깻잎', '참치캔', '양파', '느타리버섯', '고추', '대파', '된장', '고추장', '설탕', '고춧가루', '들기름', '다진마늘']"
7018382,"['쌀국수 볶음면', '새우', '숙주나물', '달걀', '양파', '당근 약간', '쪽파 약간', '새우']"
7018381,"['마카로니', '파프리카', '햄', '양파', '당근', '마요네즈', '설탕', '레몬즙', '파슬리', '후추 톡톡', '맛소금', '허니머스타드소스']"
7018380,"['소고기 다짐육', '무', '멸치다시마육수', '물', '다진마늘', '참기름', '미림', '국간장', '멸치액젓', '후춧가루 소량', '소금']"
7018379,"['모자반', '콩나물', '잔 파', '빨간 고추', '굵은 소금', '국간장', '참치 액', '간 마늘', '깨소금', '참기름']"
7018378,"['양배추', '고춧가루', '설탕', '액젓', '식초', '소금', '다진마늘', '참기름', '깨소금']"
7018377,"['팽이버섯', '당근', '대파', '부침가루', '청양고추', '달걀', '참치액', '소금', '참기름', '식용유']"
7018376,"['오징어', '식용유', '양파', '대파', '마늘', '청주', '깻잎', '청양고추', '당근', '통깨', '참기름', '고춧가루', '설탕', '청주', '생강청', '고추장', '간장', '다진마늘', '매실청', '콩나물', '다진 대파', '참기름', '다진 마늘', '소금', '통깨']"
7018375,"['부추', '당근', '양파', '고춧가루', '식초', '참치액', '매실청', '참기름', '통깨']"
7018374,"['돼지고기 목살', '신김치', '포도씨유', '대파', '설탕', '김치국물', '순두부', '쌀뜨물', '된장', '국간장', '고춧가루', '매실청']"
7018373,"['건미역', '나주식곰탕 육수', '낙지', '참기름', '다진 마늘', '물', '백후춧가루']"
7018372,"['우삼겹', '숙주', '대파', '굴소스', '설탕', '다진마늘', '맛술', '참기름', '후추 소량', '통깨 소량']"
7018371,"['김치', '대파', '찬밥', '모짜렐라치즈', '옥수수콘', '계란', '깨 소량', '김가루 소량', '고춧가루', '진간장', '설탕']"
7018370,"['핫케이크가루', '우유', '달걀', '피자치즈 취향껏 ', '버터 약간', '소금', '파슬리가루 약간']"
7018368,"['갓김치', '훈제 통삽겹', '파스타면', '다진 마늘', '대파', '페페론치노', '들기름', '올리브유', '참치액젓', '소금 약간', '후춧가루 약간', '면수']"
7018366,"['중력분', '베이킹파우더', '무염버터', '슈거파우더', '우유', '플레인 요구르트', '바닐라엑스트랙']"
7018365,"['사과', '설탕', '꿀', '버터', '계피가루 취향껏', '모짜렐라치즈 많이 ']"
7018364,"['부추', '양파', '청양고추', '계란', '부침가루 조금', '물 조금', '올리브오일 넉넉히']"
7018363,"['밥', '낙지', '양파', '당근', '애호박', '대파', '식용유', '고춧가루', '고추장', '간장', '설탕', '다진 마늘', '생강술', '참기름', '소금 약간']"
7018362,"['냉동새우', '고춧가루', '설탕', '진간장', '다진마늘2', '전분', '물', '물', '콩나물', '참기름']"
7018361,"['달걀', '다진 당근', '다진 대파', '소금']"
7018360,"['무짠지', '고춧가루', '매실액', '통깨', '참기름', '대파 약간 ']"
7018359,"['진미채', '호두100g', '고추가루1', '식용유2', '고추장1', '설탕1', '청주2', '생강가루 조금', '올리고당1', '참기름1', '통깨 듬뿍', '청양고추']"
7018358,"['밥', '스팸', '당근', '양파', '굴소스', '가는소금', '깨소금', '참기름', '식용유 조금', '베이컨', '체다치즈', '파슬리 조금']"
7018357,"['달래', '파스타 면', '요리 에센스 연두', '엑스트라 버진 올리브오일', '콜리플라워']"
7018356,"['돼지고기 등심 탕수육용', '튀김가루', '전분가루', '고형 카레 큐브', '맛소금', '후추', '물', '카레가루', '물']"
7018355,"['밥', '무', '오징어', '김밥용김', '양파', '쪽파 조금', '홍고추', '고추가루', '다진마늘', '생강', '매실청', '액젓', '설탕', '깨소금', '양파', '쪽파 조금', '홍고추', '고추가루', '식초', '설탕', '다진마늘', '깨소금', '참기름', '소금']"
7018354,"['딸기', '비트', '생강청', '물', '얼음', '타임']"
7018353,"['짠지 무', '고춧가루', '다진마늘', '식초', '썬파']"
7018352,"['소고기 불고기용', '양파', '팽이버섯', '대파', '진간장', '설탕', '간마늘', '물엿', '후추 적당량']"
7018351,"['물', '한천가루', '설탕', '팥앙금', '물엿', '밤 다이스']"
7018350,"['보리새우', '매실액', '올리고당', '소금', '깨']"
7018349,"['무', '돔', '홍초', '대파', '마늘', '고춧가루', '멸치액젓', '육수', '후추 약간']"
7018348,"['감자', '당근', '굵은소금', '굴소스', '가는소금', '깨소금', '후추 넉넉히', '참기름', '식용유']"
7018347,"['소바 면', '양배추', '숙주', '베이컨', '대파', '마요네즈 조금', '가쓰오부시 조금', '간장', '우스터소스', '굴소스', '케첩', '설탕']"
7018346,"['베타 미니 배추', '된장', '깨', '참기름', '다진마늘']"
7018345,"['부침가루', '튀김가루', '신김치', '김치국물', '탄산수', '참치', '계란', '식용유 넉넉히']"
7018344,"['소고기', '무 약간', '두부', '대파']"
7018343,"['배추', '차돌박이', '오징어', '깻잎', '당근 약간', '미나리 약간', '크리미 버섯', '참송이버섯', '팽이버섯', '애호박']"
7018342,"['양배추', '부침가루', '오징어', '베이컨', '물', '계란', '돈까스소스', '마요네즈', '가쓰오부시', '쪽파 조금']"
7018341,"['감자', '당근', '다진 마늘', '소금', '오일 적당량', '통깨']"
7018340,"['돼지고기 목전지', '양파', '대파', '간장', '다진마늘', '설탕', '맛술', '참기름', '굴소스', '후추 약간']"
7018339,"['오징어', '무', '사각어묵', '밥', '김밥김', '굵은소금', '설탕', '깨소금', '소금', '참기름', '설탕', '고춧가루', '다진마늘', '고추장', '간장', '참기름', '통깨']"
7018338,"['닭', '삼계탕약재', '마늘']"
7018337,"['부추', '양파', '다진마늘', '고춧가루', '참치액', '설탕', '매실청', '통깨']"
7018336,"['섬초', '대파', '국간장', '다진마늘', '참치액젓', '소금', '참기름', '깨 조금']"
7018335,"['중력분', '물', '소금', '포도씨유', '멸치육수', '신김치', '감자', '양파', '김치국물', '멸치액젓', '고춧가루', '다진마늘', '대파', '후추 조금']"
7018334,"['양배추', '새송이버섯', '파프리카2종', '양파', '새우', '베이컨', '우유', '치즈', '밥2.5공기', '굴소스', '맛술']"
7018333,"['돼지고기 수육용 통 삼겹살', '물', '펩시 콜라', '월계수잎', '된장', '후추 약간', '간장']"
7018332,"['순두부', '소고기', '무', '애호박', '버섯', '달걀', '참기름', '국간장', '맛술']"
7018331,"['달걀', '맛술', '설탕', '소금', '가쓰오부시 육수', '김', '밥', '식초', '설탕', '소금', '가쓰오부시']"
7018330,"['시금치', '우유', '치즈', '밥']"
7018329,"['시금치', '우유3컵', '치즈2장', '밥']"
7018328,"['소면', '양파', '고추장', '고춧가루', '설탕', '식초', '진간장', '참기름', '올리고당']"
7018327,"['참나물', '소금', '범일 고추장', '매실청', '참기름', '다진마늘', '통깨']"
7018326,"['고구마', '양파', '우유', '버터', '치즈']"
7018325,"['돼지고기 제육볶음 앞다리살', '오징어', '당근', '대파', '양파', '깻잎', '식용유 넉넉히', '고춧가루', '진간장', '설탕', '고추장', '매실액', '다진마늘', '맛술', '올리고당', '통깨', '후추 조금', '참기름']"
7018324,"['밀가루', '전분', '식용류', '물', '시금치', '감자', '애호박', '양파', '파', '가쓰오부시', '국간장']"
7018323,"['삼치', '무', '양파', '파', '쌀뜨물', '간장', '맛술']"
7018322,"['무', '쌀', '물', '간장', '물', '설탕', '깨', '참기름', '대파']"
7018321,"['애호박', '양파', '소금', '깨']"
7018320,"['바지락', '파스타면', '소금', '올리브오일', '마늘', '후추 조금', '멸치액젓', '바질가루 조금']"
7018319,"['식빵', '과일잼 크게', '달걀', '우유', '소금', '슬라이스 햄', '체다치즈']"
7018318,"['밀크초콜릿', '에스프레소', '얼음 적당량', '우유']"
7018317,"['밥', '소금', '참기름', '양파', '호박', '소금', '후추 조금', '소고기볶음 고추장']"
7018316,"['부대찌개용 햄', '베이키드빈스', '김치', '사골분말 액시스', '다진마늘', '슬라이스치즈', '대파']"
7018315,"['신 김치', '두부', '대파', '멸치다시마 육수', '고춧가루', '김치 국물', '맛술', '돼지고기', '다진 마늘', '소금', '생강가루', '후추']"
7018314,"['생딸기', '요거트 파우더', '얼음', '우유', '설탕']"
7018313,"['노바시새우', '소금 약간', '후추 약간', '부침가루', '계란', '식용유 넉넉하게']"
7018312,"['가래떡', '만두', '계란', '육수팩', '청양고추', '파', '물', '국간장', '소금', '다진 마늘', '후추 조금']"
7018311,"['돼지고기 안심', '월계수잎', '통후추', '물', '진간장', '설탕', '올리고당', '생강가루', '후추 약간', '통깨 약간']"
7018309,"['계란', '두부', '대파', '양파', '표고버섯', '물', '국간장', '멸치 액젓', '다진 마늘', '소금 약간']"
7018308,"['신 김치', '돼지고기', '양파', '대파', '고추', '두부', '설탕', '다진마늘', '국간장', '참치액', '코인육수', '사골곰탕', '물']"
7018307,"['순살치킨', '계란', '버터', '밥', '돈까스소스', '마요네즈']"
7018306,"['무장아찌', '고운 고춧가루', '매실액', '다진마늘', '설탕', '참기름', '통깨', '쪽파']"
7018305,"['밤고구마', '버터', '설탕', '소금', '체다슬라이스치즈']"
7018304,"['돼지고기 목살', '황설탕', '대파', '맛술', '간 양파', '진간장', '피시소스', '올리고당', '다진 마늘', '후춧가루']"
7018303,"['계란', '우유', '버터', '후추', '설탕']"
7018302,"['닭 중', '허브솔트', '올리브유']"
7018301,"['삭힌홍어 ', '묵은지', '돼지고기 (수육용)', '청양고추', '슬라이스마늘', '쌈장', '초고추장', '수육팩', '집된장', '커피가루', '양파', '월계수잎']"
7018299,"['고등어', '무', '육수', '고춧가루', '간장', '설탕', '간마늘', '파']"
7018298,"['애호박', '삼겹살', '양파', '물', '코인육수', '식용유', '참기름', '고추가루', '고추장', '국간장', '멸치액젓', '다진마늘']"
7018297,"['서리태', '물', '식용유', '설탕', '진간장', '맛술', '올리고당', '참기름', '통깨 약간']"
7018296,"['박력분', '베이킹파우더', '설탕', '소금', '버터', '우유', '달걀']"
7018295,"['소고기 양지', '참치액', '소금', '떡국떡', '달걀', '국간장', '참기름', '통깨', '김가루']"
7018294,"['쭈꾸미', '양파', '대파', '콩나물', '팽이버섯', '양배추', '고춧가루', '고추장', '설탕', '진간장', '맛술', '다진마늘', '참기름']"
7018293,"['김치', '김치국물', '두부', '돼지고기 찌개용', '대파', '양파', '소고기다시다', '설탕', '참치액젓', '물']"
7018292,"['가지', '식용유', '양파', '고추', '소금 약간', '간장', '다진마늘', '고춧가루', '올리고당', '물', '깨소금', '참기름']"
7018291,"['자반 고등어', '무', '감자', '대파', '양파', '청양고추', '홍고추', '쌀뜨물', '통깨 약간', '설탕', '올리고당', '고춧가루', '고추장', '된장', '맛술', '진간장', '멸치 액젓', '다진 마늘']"
7018290,"['감자', '버터', '소금', '후추 약간']"
7018289,"['돼지고기 앞다리살', '파', '양파', '당근', '깨', '고춧가루', '고추장', '간장', '설탕', '참기름', '올리고당', '후추', '다진마늘', '다진생강']"
7018288,"['숙주', '청경채', '알배추', '우삼겹', '소금', '후추 약간']"
7018287,"['항정살', '통마늘']"
7018286,"['돼지고기 꼬리', '된장', '맛술', '월계수잎', '간장', '다진마늘', '설탕', '후추 약간', '올리고당', '생강가루 약간', '참기름']"
7018285,"['바게트', '토마토 스파게티 소스', '치즈']"
7018284,"['돼지 안심', '양파', '빨간 파프리카', '노란 파프리카', '청피망', '양송이버섯', '파슬리가루 약간', '생강가루', '소금', '후추 약간', '버터', '시판 스테이크 소스', '굴소스', '케첩', '올리고당']"
7018283,"['똠얌꿍 페이스트', '냉동새우', '레몬그라스', '차돌박이 약간', '느타리버섯', '새송이버섯', '팽이버섯', '표고버섯', '청경채 약간', '양파', '코코넛밀크', '물', '액젓', '고추가루', '베트남고추 약간']"
7018282,"['우동사리', '새우살', '베이컨', '대파', '양파', '양배추', '빨간 파프리카', '노란 파프리카', '식용유', '파슬리가루 약간', '다진 마늘', '설탕', '고춧가루', '진간장', '멸치 액젓', '맛술', '굴소스', '참기름', '후추 약간']"
7018281,"['베이컨', '떡볶이떡', '카놀라유', '케첩']"
7018280,"['골뱅이 통조림', '오이', '양파', '고추', '마늘 약간', '고추장', '고춧가루', '올리고당', '설탕', '간장', '소금 약간', '식초', '맛술', '깨소금 약간']"
7018279,"['알배추', '숙주', '깻잎', '소고기 불고기용', '버섯', '청경채 (원하는 만큼)', '멸치 다시마 육수', '국간장', '소금 약간']"
7018278,"['사각 어묵', '대파', '양파', '당근', '식용유', '다진 마늘', '설탕', '진간장', '멸치 액젓', '굴소스', '올리고당', '참기름', '통깨 약간']"
7018277,"['무 작은거', '대파', '다진마늘', '식초', '참기름', '고춧가루', '설탕', '소금', '통깨 약간']"
7018276,"['꽁치통조림', '김치', '대파', '양파', '고추', '물', '고춧가루', '된장', '다진마늘', '설탕']"
7018275,"['카레', '소고기', '감자', '양파', '물', '식용유', '후추 약간']"
7018274,"['감자', '물', '간장', '설탕', '올리고당', '다진마늘', '깨소금 약간', '참기름', '식용유']"
7018273,"['돼지고기 목살', '김치', '양파', '대파', '통깨 약간', '참기름', '설탕', '고추장', '진간장', '고춧가루', '올리고당', '다진마늘', '맛술']"
7018272,"['돼지고기 목전지', '대파', '양파', '고추', '진간장', '다진마늘', '후추 약간', '진간장', '올리고당', '매실액', '고추장', '고춧가루', '다진마늘', '후추 약간']"
7018271,"['오징어', '식용유 넉넉하게', '소금 약간', '후추 약간', '덧가루', '튀김가루', '물']"
7018270,"['무', '참기름', '물', '멸치액젓', '들깨가루']"
7018269,"['돼지고기 앞다리살', '대파', '간장', '설탕', '식초', '다진마늘', '참기름', '갈아만든배']"
7018268,"['동태포', '식용유 넉넉하게', '파슬리가루 약간', '소금 약간', '후추 약간', '덧가루', '계란', '빵가루', '양파', '오이피클', '피클 국물', '올리고당', '마요네즈', '소금', '후추 약간']"
7018267,"['미역', '소고기', '들기름', '다진 마늘', '국간장', '참치액', '소금 약간']"
